sku,nombre,descripcion_corta,descripcion,slug,meta_descripcion,precio,precio_regular,marca,categoria,imagen
DWAMF30,Set De Puntas DEWALT DWAMF30 de 30 piezas maxfit,<h2>Set De Puntas 30 piezas</h2> <p><strong>Incluye</strong></p> <ul> <li>15 Puntas de 1”</li> <li>11 Puntas de 2”</li> <li>2 Dados magnéticos: cabeza 1/4” – 5/16”</li> <li>1 funda de bloqueo de tornillo magnético</li> <li>1 soporte de punta.</li> </ul>,"<p><em>Los productos originales pueden variar ligeramente respecto a las fotos, la información en esta ficha está sujeta a cambios sin previo aviso</em></p> <h2 style=""font-weight: 400;""><strong>Set de Puntas</strong></h2> <p><strong>DWAMF30 - Set De Puntas DEWALT de 30 piezas maxfit </strong></p> <p><strong>Características</strong></p> <ul> <li>Clasificado por impacto con vástago hexagonal para conductores de impacto y taladros</li> <li>Zona de torsión que proporciona una vida más larga 10X</li> <li>Sistema de bloqueo de tornillo magnético</li> <li>Las puntas de conducción de tornillo DEWALT MAXFIT están diseñadas para su uso con controladores de impacto.</li> <li>Su geometría de punta reduce el desgaste y crea un ajuste ideal con cada sujetador.</li> <li>Cada broca cuenta con una zona de torsión única para ofrecer una larga vida útil tanto en aplicaciones de fijación de metal como de madera.</li> <li>El acero modificado S2 mejora la durabilidad general del producto.</li> <li>La fabricación CNC garantiza que el producto ofrece consistentemente el más alto nivel de calidad.</li> <li>La geometría de punta optimizada MAXFIT reduce el desgaste y crea un ajuste ideal con el sujetador Zona de torsión ofrece una larga vida útil con los conductores de impacto S2 de acero modificado para una mayor durabilidad mecanizado CNC para una calidad constante y precisión geométrica.</li> <li>Compatible con manguito magnético para sujetar sujetadores.</li> </ul> <p> </p>",set-de-puntas-dewalt-dwamf30-de-30-piezas-maxfit,"Venta de Set De Puntas DEWALT DWAMF30 de 30 piezas, contamos con amplio catálogo. Asesoría especializada, Envíos a todo Colombia.",129000,129000,DEWALT,Herramientas eléctricas,
DCK276D2-B3,Taladro PERCUTOR + Llave De Impacto Inalámbricos DEWALT DCK276D2-B3,<h2>Taladro/ Llave de impacto DEWALT</h2> <p><strong>Especificaciones taladro DCD7781</strong><br /> • <strong>Voltaje:</strong> 20 V<br /> • <strong>Velocidad:</strong> 0-500 / 0-1750 RPM<br /> • <strong>Par de torsión:</strong> 65 Nm<br /> • <strong>Mandril:</strong> 1/2” (13 mm)<br /> • I<strong>mpactos por minuto:</strong> 0-8500 / 0-29750 IPM</p> <p><strong>Atornillador de impacto DCF7871</strong><br /> • <strong>Velocidad:</strong> 20V MÁX<br /> • <strong>Velocidad sin carga:</strong> 0 – 2800 rpm<br /> • <strong>Toque máximo:</strong> 1500 in-lbs (169.5 Nm)<br /> •<strong> Impactos por minuto:</strong> 0 – 3200 ipm</p> <p><strong>Incluye:</strong><br /> • 2 baterías de Ion de Litio 2.0Ah 20V MÁX<br /> • 1 cargador<br /> • 1 Bolsa para herramientas.</p>,"<p><em>Los productos originales pueden variar ligeramente respecto a las fotos, la información en esta ficha está sujeta a cambios sin previo aviso</em></p> <h2 style=""font-weight: 400;""><strong>Taladro Inalámbrico </strong></h2> <p><strong>DEWALT DCK276D2-B3  DEWALT DCK276D2-B3 20v (2 Baterías 2amp + 1 cargador +maleta lona)</strong></p> <p>• Combo de taladro percutor de 1/2'' de 20V DCD7781 + Atornillador de impacto 20V DCF7871 + 2 baterías de 2.0Ah y cargador.<br /> • Combinación perfecta de Atornillador / taladro que proporciona ergonomía, potencia y eficacia en sus aplicaciones.<br /> • Máximo voltaje inicial de la batería es de 20 voltios.<br /> • Sin carbones (brushless)</p> <p><strong>Características taladro percutor DCD7781</strong><br /> • Batería de 2.0 Ah<br /> • Motor sin escobillas (sin escobillas de carbón)<br /> • Mandril de ajuste rápido<br /> • Interruptor de velocidad variable<br /> • Diseño compacto y ligero<br /> • Luz LED</p> <p><strong>Especificaciones taladro DCD7781</strong><br /> • <strong>Voltaje</strong>: 20 V<br /> • Velocidad: 0-500 / 0-1750 RPM<br /> • Par de torsión: 65 Nm<br /> • Mandril: 1/2'' (13 mm)<br /> • Capacidad: Madera (25 mm) Metal (13 mm) Hormigón (6,5 mm)<br /> • Impactos por minuto: 0-8500 / 0-29750 IPM</p> <p><strong>Atornillador de impacto DCF7871</strong><br /> • <strong>Velocidad:</strong> 20V MÁX<br /> • <strong>Velocidad sin carga:</strong> 0 - 2800 rpm<br /> • <strong>Tamaño del encastre:</strong> Vástago hexagonal de liberación rápida de 1/4'' (6.35 mm)<br /> • <strong>Toque máximo:</strong> 1500 in-lbs (169.5 Nm)<br /> • <strong>Impactos por minuto:</strong> 0 - 3200 ipm</p> <p><strong>Incluye:</strong><br /> • 2 baterías de Ion de Litio 2.0Ah 20V MÁX<br /> • 1 cargador<br /> • 1 Bolsa para herramientas.</p>",taladro-percutor-llave-de-impacto-inalambricos-dewalt-dck276d2-b3,"Venta de Taladro PERCUTOR + Llave De Impacto DEWALT DCK276D2-B3, contamos con amplio catálogo. Asesoría especializada, Envíos a todo Colombia.",1029000,1029000,DEWALT,Herramientas eléctricas,
DCD7781D2-B3,Taladro PERCUTOR inalámbrico DEWALT DCD7781D2-B3 20v (2 batería de 2amp +maleta plástica),"<h2>Taladro DEWALT</h2> <ul> <li><strong> Voltaje:</strong> 20 V</li> <li><strong>Velocidad:</strong> 0-500 / 0-1750 RPM</li> <li><strong>Par de torsión:</strong> 65 Nm</li> <li><strong>Mandril</strong>: 13 mm</li> <li><strong>Capacidad:</strong></li> </ul> <p>Madera (25 mm)</p> <p>Metal (13 mm)</p> <p>Hormigón (6,5 mm)</p> <ul> <li><strong>Impactos por minuto:</strong> 0-8500 / 0-29750 IPM</li> <li><strong>Peso del producto</strong> 1.7 Kg.</li> </ul>","<p><em>Los productos originales pueden variar ligeramente respecto a las fotos, la información en esta ficha está sujeta a cambios sin previo aviso</em></p> <h2 style=""font-weight: 400;""><strong>Taladro Inalámbrico </strong></h2> <p><strong>DEWALT DCD7781D2-B3 PERCUTOR inalámbrico 20v (2 batería de 2amp +maleta plástica)</strong></p> <p><strong>Características</strong></p> <ul> <li>  Motor sin escobillas (sin escobillas de carbón)</li> <li>  Mandril de ajuste rápido</li> <li>  Interruptor de velocidad variable</li> <li>  Diseño compacto y ligero</li> <li>  Luz LED.</li> </ul>",taladro-percutor-inalambrico-dewalt-dcd7781d2-b3-20v,"Venta de Taladro PERCUTOR inalámbrico DEWALT DCD7781D2-B3, contamos con amplio catálogo. Asesoría especializada, Envíos a todo Colombia.",819000,819000,DEWALT,Herramientas eléctricas,
DCD7781D1-B3,Taladro PERCUTOR inalámbrico DEWALT DCD7781D1-B3 20v (1 batería de 2amp +maleta de lona),"<h2>Taladro DEWALT</h2> <ul> <li><strong>Voltaje:</strong> 20V</li> <li><strong>Velocidad:</strong> 0-500 / 0-1750 RPM</li> <li><strong>Par de torsión:</strong> 65 Nm</li> <li><strong>Mandril:</strong> 13 mm</li> <li><strong>Capacidad:</strong></li> <li>Madera (25 mm)</li> <li>Metal (13 mm)</li> <li>Hormigón (6,5 mm)</li> <li><strong>Impactos por minuto:</strong> 0-8500 / 0-29750 IPM</li> <li><strong>Peso del producto</strong> 1.7 Kg.</li> </ul>","<p><em>Los productos originales pueden variar ligeramente respecto a las fotos, la información en esta ficha está sujeta a cambios sin previo aviso</em></p> <h2 style=""font-weight: 400;""><strong>Taladro Inalámbrico </strong></h2> <p><strong>DEWALT DCD7781D1-B3 PERCUTOR inalámbrico 20v (1 batería de 2amp +maleta de lona)</strong></p> <p><strong>Características</strong></p> <ul> <li>Batería de 2.0 Ah</li> <li>Motor sin escobillas (sin escobillas de carbón)</li> <li>Mandril de ajuste rápido</li> <li>Interruptor de velocidad variable</li> <li>Diseño compacto y ligero</li> <li>Luz LED.</li> </ul> <p> </p>",taladro-percutor-inalambrico-dewalt-dcd7781d1-b3-20v,"Venta de Taladro PERCUTOR inalámbrico DEWALT DCD7781D1-B3 , contamos con amplio catálogo . Asesoría especializada, Envíos a todo Colombia.",459000,459000,DEWALT,Herramientas eléctricas,
LD008-B3,Taladro/Atornillador Inalámbrico BLACK&DECKER LD008-B3,"<h2>Taladro/Atornillador</h2> <p>• <strong>Voltaje:</strong> 8V Max<br /> • <strong>Velocidad:</strong> 400/min (rpm)<br /> • <strong>Mandril:</strong> 3/8(10mm)<br /> • <strong>Batería:</strong> 1,5 Ah<br /> • <strong>Cargador USB:</strong> 600mA<br /> • <strong>Peso:</strong> 1kg</p>","<p><em>Los productos originales pueden variar ligeramente respecto a las fotos, la información en esta ficha está sujeta a cambios sin previo aviso</em></p> <h2 style=""font-weight: 400;""><strong>Atornillador Inalámbrico </strong></h2> <p style=""font-weight: 400;""><strong>LD008-B3 - BLACK&DECKER Inalámbrico, 8v, (1 Baterías 1.5Amp)</strong></p> <p><strong>Características</strong><br /> • Batería de 8V MAX* Ion de Litio Integrada<br /> • Mango Recubierto con Goma<br /> • Micro cargador USB para Recargar Otros artículos Móviles y del Hogar<br /> • Punta Doble Phillips/Estándar</p> <p><strong>Especificaciones</strong><br /> • <strong>Voltaje:</strong> 8V Max<br /> • <strong>Velocidad:</strong> 400/min (rpm)<br /> • <strong>Mandril:</strong> 3/8(10mm)<br /> • <strong>Batería:</strong> 1,5 Ah<br /> •<strong> Cargador USB:</strong> 600mA<br /> • <strong>Peso:</strong> 1kg</p>",taladro-atornillador-inalambrico-blackdecker-ld008-b3,"Venta de Taladro/Atornillador Inalámbrico BLACK&DECKER LD008-B3, contamos con amplio catálogo . Asesoría especializada, Envíos a todo Colombia.",149000,149000,BLACK+DECKER,Herramientas eléctricas,
CS1004-B3,Sierra Circular BLACK&DECKER CS1004-B3 1400W,"<h2>Sierra Black&Decker</h2> <ul> <li><strong>Potencia:</strong> 1400W</li> <li><strong>Velocidad:</strong> 5300/min (rpm)</li> <li><strong>Diámetro de disco:</strong> 7-1/4 pulg (184mm)</li> <li><strong>Ángulo de bisel:</strong> 45°</li> <li><strong>Profundidad máxima:</strong> 62mm (2,4mm)</li> <li><strong>Largo del cable:</strong> 1,8m (6′)</li> <li><strong>Dimensiones (Lx An x Al):</strong> 26 x 29 x 24 cm.</li> </ul>","<p><em>Los productos originales pueden variar ligeramente respecto a las fotos, la información en esta ficha está sujeta a cambios sin previo aviso.</em></p> <h2>Sierra Circular</h2> <p><strong>CS1004-B3  BLACK&DECKER CS1004-B3 1400W 3.000CPM</strong></p> <ul> <li><strong>Características</strong></li> <li>1400W de potencia para variedad de cortes</li> <li>Guía paralela para mayor precisión</li> <li>Traba de eje para facilitar el cambio de disco</li> <li>Cuchilla y Llave.</li> </ul>",sierra-circular-blackdecker-cs1004-b3-1400w,"Venta de Sierra Circular BLACK&DECKER CS1004-B3 , contamos con amplio catálogo. Asesoría especializada, Envíos a todo Colombia.",319000,319000,BLACK+DECKER,Herramientas eléctricas,
G720K-B3,"Pulidora 4-½"" BLACK&DECKER G720K-B3 820W 11.000rpm","<h2><span data-sheets-value=""{""1"":2,""2"":""pulidora dewalt""}"" data-sheets-userformat=""{""2"":513,""3"":{""1"":0},""12"":0}"">Pulidora </span></h2> <p>• <strong>Voltaje:</strong> 110 V<br /> • <strong>Potencia:</strong> 820 W y 6 amperes<br /> • <strong>Velocidad:</strong> 11 000. rpm<br /> • <strong>Tamaño eje:</strong> 5/8 pulg – 11<br /> • <strong>Diámetro disco:</strong> 115mm<br /> • <strong>Cable</strong> 2m<br /> • <strong>Dimensiones ( Lx An x Al)</strong> 14 x 35 x 26<br /> • <strong>Peso con empaque:</strong> 3.12 kg</p>","<p><em>Los productos originales pueden variar ligeramente respecto a las fotos, la información en esta ficha está sujeta a cambios sin previo aviso.</em></p> <h2><span data-sheets-value=""{""1"":2,""2"":""Atornillador Inalambrico""}"" data-sheets-userformat=""{""2"":513,""3"":{""1"":0},""12"":0}"">Pulidora 4-½"" BLACK&DECKER </span></h2> <p><strong>BLACK&DECKER G720K-B3 820W 11.000rpm Eje 5/8” (incluye guantes y gafas)</strong></p> <p><strong>Características</strong></p> <ul> <li>Mini esmeriladora angular</li> <li>Mango de goma lateral de 3 posiciones</li> <li>Seguro de eje para cambiar los accesorios de manera sencilla</li> <li>Interruptor con bloqueo para uso continuo</li> <li>Interruptor sellado contra polvo.</li> </ul> <p><strong>Incluye</strong></p> <ul> <li>Guantes</li> <li>Gafas</li> <li>Manual de instrucciones</li> </ul>",pulidora-4-blackdecker-g720k-b3-820w,"Venta de Pulidora 4-½"" BLACK&DECKER G720K-B3 11.000rpm Eje 5/8”. Contamos con amplio catálogo. Asesoría especializada, Envíos a todo Colombia.",179000,179000,BLACK+DECKER,Herramientas eléctricas,
G720-B3,"Pulidora 4-½"" BLACK&DECKER G720-B3 820W 11.000rpm","<h2><span data-sheets-value=""{""1"":2,""2"":""pulidora dewalt""}"" data-sheets-userformat=""{""2"":513,""3"":{""1"":0},""12"":0}"">Pulidora </span></h2> <p>• <strong>Potencia:</strong> 820W<br /> • <strong>Velocidad:</strong> 11000/min (rpm)<br /> • <strong>Eje. 5/8”</strong> – 11/M14<br /> • <strong>Cable:</strong> 2 metros<br /> • <strong>Alimentación</strong> Eléctrica<br /> •<strong> Dimensiones (L X An x Al)</strong> 13 x 31.5 x 11.5<br /> •<strong> Peso</strong> 2.3 kg.</p>","<p><em>Los productos originales pueden variar ligeramente respecto a las fotos, la información en esta ficha está sujeta a cambios sin previo aviso.</em></p> <h2><span data-sheets-value=""{""1"":2,""2"":""Atornillador Inalambrico""}"" data-sheets-userformat=""{""2"":513,""3"":{""1"":0},""12"":0}"">Pulidora 4-½"" BLACK&DECKER </span></h2> <p><strong>LACK&DECKER G720-B3 820W 11.000rpm Eje 5/8”</strong></p> <p><strong>Características</strong></p> <ul> <li>Potente motor de 820W</li> <li>Traba de eje</li> <li>Empuñadura lateral de 3 posiciones</li> <li>Interruptor de sellado contra polvo con bloqueo para uso continuo</li> <li>Guarda ajustable sin llave</li> <li>Caja de engranajes metálica.</li> </ul>",pulidora-4-blackdecker-g720-b3-820w,"Venta de Pulidora 4-½"" BLACK&DECKER G720-B3 11.000rpm Eje 5/8”. Contamos con amplio catálogo. Asesoría especializada, Envíos a todo Colombia.",159000,159000,BLACK+DECKER,Herramientas eléctricas,
G650-B3,"Pulidora 4-½"" BLACK&DECKER G650-B3 650W 11.000rpm","<h2><span data-sheets-value=""{""1"":2,""2"":""pulidora dewalt""}"" data-sheets-userformat=""{""2"":513,""3"":{""1"":0},""12"":0}"">Pulidora </span></h2> <ul> <li><strong>Potencia</strong> 650w</li> <li><strong>Velocidad</strong> 12000/min (rpm)</li> <li><strong>Eje</strong> 5/8″</li> <li><strong>Cable</strong> 2 m</li> <li><strong>Dimensiones (Lx An x Al)</strong> 31 X 14 X 12</li> <li><strong>Peso</strong> 2.1Kg</li> </ul>","<p><em>Los productos originales pueden variar ligeramente respecto a las fotos, la información en esta ficha está sujeta a cambios sin previo aviso.</em></p> <h2><span data-sheets-value=""{""1"":2,""2"":""Atornillador Inalambrico""}"" data-sheets-userformat=""{""2"":513,""3"":{""1"":0},""12"":0}"">Pulidora 4-½"" BLACK&DECKER </span></h2> <p><strong>BLACK&DECKER G650-B3 650W 11.000rpm Eje 5/8”</strong></p> <p><strong>Características</strong></p> <ul> <li>mini pulidora de disco de 4.1/2"" (114mm) edición especial con motor de 650w.</li> <li>velocidad en vacío de 12.000rpm.</li> <li>eje de 5/8""</li> <li>mango lateral de dos posiciones.</li> <li>seguro de eje para cambiar los accesorios de manera sencilla.</li> <li>mando de goma para un mejor control y comodidad.</li> <li>traba de eje.</li> <li>interruptor de sellado contra polvo con bloqueo para uso continuo.</li> <li>guarda ajustable sin llave.</li> <li>caja de engranajes metálica Pulidora 4-½"" BLACK&DECKER.</li> </ul>",pulidora-4-blackdecker-g650-b3-650w,"Venta de Pulidora 4-½"" BLACK&DECKER G650-B3 650W 11.000rpm Eje 5/8”. Contamos con amplio catálogo. Asesoría especializada, Envíos a todo Colombia.",139000,139000,BLACK+DECKER,Herramientas eléctricas,
DWE4314-B3,"Pulidora 4-½"" DEWALT DWE4314-B3 1,500W 11.000rpm","<h2><span data-sheets-value=""{""1"":2,""2"":""pulidora dewalt""}"" data-sheets-userformat=""{""2"":513,""3"":{""1"":0},""12"":0}"">Pulidora </span></h2> <ul> <li><strong>Potencia:</strong> 1500 W</li> <li><strong>Voltaje:</strong> 120 V</li> <li><strong>Frecuencia:</strong> 50 – 60 Hz</li> <li><strong>Velocidad sin carga:</strong> 11000 RPM</li> <li><strong>Diámetro máximo del disco:</strong> 4 -1/2 pulg</li> <li><strong>Peso:</strong> 2,5 kg</li> </ul>","<p><em>Los productos originales pueden variar ligeramente respecto a las fotos, la información en esta ficha está sujeta a cambios sin previo aviso.</em></p> <h2><span data-sheets-value=""{""1"":2,""2"":""Atornillador Inalambrico""}"" data-sheets-userformat=""{""2"":513,""3"":{""1"":0},""12"":0}"">Pulidora <strong>DEWALT</strong></span></h2> <p><strong>DEWALT DWE4314-B3 1,500W 11.000rpm Eje 5/8”</strong></p> <p><strong>Características</strong></p> <ul> <li>Protección contra sobrecargas</li> <li>Arranque progresivo</li> <li>Freno automático por atascamiento de disco</li> <li>Protección contra Re arranque en caso de pérdida de corriente</li> <li>Sistema extractor de polvo para una mayor vida útil</li> </ul> <p> </p>",pulidora-4-dewalt-dwe4314-b3-1500w,"Venta de Pulidora 4-½"" DEWALT DWE4314-B3 1,500W 11.000rpm Eje 5/8”. Contamos con amplio catálogo. Asesoría especializada, Envíos a todo Colombia.",809000,809000,DEWALT,Herramientas eléctricas,
DWE4577-B3,"Pulidora 7"" DEWALT DWE4577-B3 2.700W 8500rpm","<h2><strong>Pulidora STANLEY </strong></h2> <ul> <li><strong>Potencia</strong>:  2700W</li> <li><strong>RPM:</strong>  8,5</li> <li><strong>Protección de Abrasión:</strong>  Sistema de extracción de polvo</li> <li><strong>Mango Trasero Anti-vibración:</strong>  Si</li> <li><strong>Cable Ultra resistente:</strong>  Si</li> <li><strong>Peso: </strong> 5.6Kg</li> </ul>","<p><em>Los productos originales pueden variar ligeramente respecto a las fotos, la información en esta ficha está sujeta a cambios sin previo aviso</em></p> <h2><strong>Pulidora 7"" DEWALT</strong></h2> <p><strong>DEWALT DWE4577-B3 2.700W 8500rpm Eje 5/8""</strong></p> <ul> <li>Potente Motor de 2700W - Entrega mayor velocidad y potencia hasta en las aplicaciones más duras</li> <li>Guarda sin llave - Permite cambios y movimientos en forma más fácil</li> <li>Caja de engranajes de bajo perfil - Permite al usuario trabajar en lugares estrechos</li> <li>Cable ultra resistente - Previene roturas del cable por tirones</li> <li>Gatillo de seguridad de dos pasos - Disminuye el riesgo de encendido accidentales</li> <li>Mango antivibración de tres posiciones - Provee al usuario diferentes opciones a la hora de trabajar reduciendo la vibración</li> <li>Indicador LED de sobre carga - Advierte al usuario una sobre carga de la herramienta</li> <li>Tapa removible - Facilita el acceso a los carbones.</li> </ul> <p> </p> <p> </p>",pulidora-7-dewalt-dwe4577-b3-2-700w,"Venta de Pulidora 7"" DEWALT DWE4577-B3 2.700W 8500rpm Eje 5/8"", contamos con amplio catálogo. Asesoría especializada, Envíos a todo Colombia.",1079000,1079000,DEWALT,Herramientas eléctricas,
SL227-B3,"Pulidora 7"" STANLEY SL227-B3 2.200W 8500rpm","<h2><strong>Pulidora STANLEY </strong></h2> <ul> <li><strong>Potencia:</strong> 2200 W</li> <li><strong>Velocidad sin carga</strong> de 8500/min.</li> <li><strong>Diámetro de Disco</strong>: 7pulg (180mm).</li> <li><strong>Dimensiones:</strong> 24 x 12 x 23 cm</li> <li><strong>Peso:</strong> 4,2 Kg</li> </ul>","<p><em>Los productos originales pueden variar ligeramente respecto a las fotos, la información en esta ficha está sujeta a cambios sin previo aviso</em></p> <h2><strong>Pulidora 7"" STANLEY</strong></h2> <p><strong>STANLEY SL227-B3 2.200W 8500rpm Eje 5/8""</strong></p> <ul> <li>Engranajes en Espiral, Reducen la Vibración y Aumentan la Vida Útil.</li> <li>Caja de Engranajes Metálica.</li> <li>Interruptor Sellado contra Polvo.</li> <li>Mango lateral de dos posiciones</li> <li>Construcción duradera</li> <li>Diseño ergonómico</li> </ul> <p> </p>",pulidora-7-stanley-sl227-b3-2200w,"Venta de Pulidora 7"" STANLEY SL227-B3 2.200W 8500rpm Eje 5/8"", contamos con amplio catálogo. Asesoría especializada, Envíos a todo Colombia.",1079000,1079000,STANLEY,Herramientas eléctricas,
STGS9115-B3,"Pulidora 4-½"" STANLEY STGS9115-B3 900W 11.000rpm","<h2><span data-sheets-value=""{""1"":2,""2"":""pulidora dewalt""}"" data-sheets-userformat=""{""2"":513,""3"":{""1"":0},""12"":0}"">Pulidora </span></h2> <ul> <li><strong>Potencia de entrada:</strong> 900W</li> <li><strong>Sin velocidad de carga:</strong> 12,000 RPM</li> <li><strong>Característica del interruptor:</strong> lock on</li> <li><strong>Engranaje y piñón:</strong> acero/acero</li> <li><strong>Tamaño del disco</strong>: 115 mm</li> <li><strong>Diámetro de eje:</strong> M14</li> <li><strong>Contorno del agarre:</strong> 194 mm</li> <li><strong>Longitud del cable:</strong> 2.5m</li> <li><strong>Peso:</strong> 1.9Kg</li> </ul>","<p><em>Los productos originales pueden variar ligeramente respecto a las fotos, la información en esta ficha está sujeta a cambios sin previo aviso.</em></p> <h2><span data-sheets-value=""{""1"":2,""2"":""Atornillador Inalambrico""}"" data-sheets-userformat=""{""2"":513,""3"":{""1"":0},""12"":0}"">Pulidora <strong>STANLEY</strong></span></h2> <p><strong>STANLEY SG6115-B3 620W 11.000rpm Eje 5/8”</strong></p> <ul> <li>Pulidora Angular De 4-1/2'' (115 mm) 900W Stanley STGS9115-B3</li> <li><strong>NUEVA LÍNEA</strong> de pulidoras Stanley Next Generation, pensada en el profesional exigente</li> <li>Facilita tus tareas con un cuerpo ergonómico más delgado</li> <li>Durabilidad excepcional, para trabajos exigentes durante horas</li> <li>Baja vibración para trabajos sin pausas</li> <li>Cuerpo super delgado de 194 mm de contorno de agarre.</li> <li>Desempeño con hasta 30% más potencia</li> </ul> <p><strong>Características</strong></p> <ul> <li>Cortes hasta 20% más rápidos</li> <li>Potente motor para realizar una gran variedad de tareas de corte y rectificado</li> <li>El diseño compacto de la forma de la carcasa permite un agarre cómodo que resulta en una ergonomía superior</li> <li>Larga resistencia gracias al conmutador de alta calidad y al cepillo de carbón duradero</li> <li>Husillo de bloqueo para un cambio rápido y fácil de accesorios</li> <li>Los engranajes cónicos en espiral proporcionan menos vibración, menor nivel de ruido y una vida útil más larga</li> <li>El protector a prueba de explosión garantiza la máxima seguridad del usuario</li> <li>Interruptor deslizante de encendido / apagado para control con una mano y seguridad del usuario</li> <li>Rejillas de ventilación optimizadas.</li> </ul> <p> </p>",pulidora-stanley-stgs9115-b3-900w,"Venta de Pulidora 4-½"" STANLEY STGS9115-B3 900W 11.000rpm Eje 5/8” . Contamos con amplio catálogo. Asesoría especializada, Envíos a todo Colombia.",259000,259000,STANLEY,Herramientas eléctricas,
SG6115-B3,"Pulidora 4-½"" STANLEY SG6115-B3 620W 11.000rpm","<h2><span data-sheets-value=""{""1"":2,""2"":""pulidora dewalt""}"" data-sheets-userformat=""{""2"":513,""3"":{""1"":0},""12"":0}"">Pulidora </span></h2> <ul> <li><strong>Potencia nominal</strong> 620W</li> <li><strong>Tamaño del disco</strong> 4-1/2” (115 mm)</li> <li><strong>Diámetro de eje</strong> M14</li> <li><strong>Velocidad sin carga</strong> 12.000/min (rpm)</li> <li><strong>Contorno del agarre</strong> 179 mm</li> <li><strong>Longitud del cable</strong> 82.67” (2100 mm)</li> <li><strong>Peso</strong> 1.7 KG</li> </ul>","<p><em>Los productos originales pueden variar ligeramente respecto a las fotos, la información en esta ficha está sujeta a cambios sin previo aviso.</em></p> <h2><span data-sheets-value=""{""1"":2,""2"":""Atornillador Inalambrico""}"" data-sheets-userformat=""{""2"":513,""3"":{""1"":0},""12"":0}"">Pulidora <strong>STANLEY</strong></span></h2> <p><strong>STANLEY SG6115-B3 620W 11.000rpm Eje 5/8”</strong></p> <p>- Óptima salida de flujo de aire evita que se sobrecaliente el motor.</p> <p>- Botón grande de bloqueo de eje.</p> <p>- Caja de engranajes compacta para operación en espacios reducidos.</p> <p>- Cuerpo delgado de 179 mm de contorno.</p> <p>- Entrada de aire para contener el ingreso de polvo/residuos, asegurando una mayor vida útil del motor.</p> <p>- Interruptor de dos movimientos para deslizar y oprimir para mayor seguridad.</p> <p>- Guarda a prueba de ruptura de disco que ofrece mayor protección y seguridad.</p> <p> </p>",pulidora-stanley-sg6115-b3-620w,"Venta de Pulidora 4-½"" STANLEY SG6115-B3 620W. Contamos con amplio catálogo. Asesoría especializada, Envíos a todo Colombia.",189000,189000,STANLEY,Herramientas eléctricas,
SGS1045K-B3,"Pulidora 4-½"" STANLEY SGS1045K-B3 1050W","<h2><span data-sheets-value=""{""1"":2,""2"":""pulidora dewalt""}"" data-sheets-userformat=""{""2"":513,""3"":{""1"":0},""12"":0}"">Pulidora </span></h2> <ul> <li><strong>Velocidad:</strong> 11000 rpm</li> <li><strong>Potencia:</strong> 1050W</li> <li><strong>Tipo de uso:</strong> Semiprofesional</li> <li><strong>Diámetro disco:</strong> 4 1/2 pulgadas</li> <li><strong>Tipo de trabajo:</strong> Profesional</li> <li><strong>Dimensiones</strong> ( L xAn xAl) 37 x 11 x 22,5</li> <li><strong>Peso</strong> 1.9Kg</li> </ul>","<p><em>Los productos originales pueden variar ligeramente respecto a las fotos, la información en esta ficha está sujeta a cambios sin previo aviso.</em></p> <h2><span data-sheets-value=""{""1"":2,""2"":""Atornillador Inalambrico""}"" data-sheets-userformat=""{""2"":513,""3"":{""1"":0},""12"":0}"">Pulidora <strong>STANLEY</strong></span></h2> <p><strong>STANLEY SGS1045K-B3 1,050W 11.000rpm Eje 5/8”</strong></p> <p>- Cuenta con caja de engranajes metálica que aumenta la vida útil del motor.<br /> - Diseño ergonómico: se adapta fácilmente a la forma de la mano.<br /> - Interruptor Lock-On.<br /> - Traba de eje.<br /> - Incluye: 1 pulidora, 1 Llave, 1 Guarda, 1 Caja plástica, 2 Discos.</p>",pulidora-stanley-sgs1045k-b3-1050w,"Venta de Pulidora 4-½"" STANLEY SGS1045K-B3 .contamos con amplio catálogo. Asesoría especializada, Envíos a todo Colombia.",309000,309000,STANLEY,Herramientas eléctricas,
SP137K-B3,"Polichadora SP137K-B3 STANLEY 7"" 1,300w (Profesional)",<h2><strong>Polichadora </strong></h2> <ul> <li><strong>Potencia</strong> 1300W</li> <li><strong>Velocidad sin carga</strong> 500 a 3000 RPM</li> <li><strong>Control de Velocidad</strong> Constante bajo cargas variables</li> <li><strong>Mango Auxiliar</strong> Mango en D</li> <li><strong>Estilo Almohadilla</strong> Velcro</li> <li><strong>Longitud de la herramienta</strong> 400mm</li> <li><strong>Medidas</strong> 40 x 42 x 40 cm</li> <li><strong>Peso del paquete</strong>: 6 kg</li> <li><strong>Peso</strong> 3.2Kg</li> </ul>,"<p><em>Los productos originales pueden variar ligeramente respecto a las fotos, la información en esta ficha está sujeta a cambios sin previo aviso</em></p> <h2><strong>Polichadora STANLEY</strong></h2> <ul> <li>Entrega constante de velocidad bajo cargas variables</li> <li>Arranque suave para suave pulido y menor esparcimiento de cera o pasta</li> <li>Interruptor de gatillo de 2 dedos con función de bloqueo</li> <li>400mm de longitud de la herramienta y 3.2 Kg de peso aprox uso cómodo</li> <li>Potente motor para cumplir con todos los requisitos para aplicaciones de detallista</li> <li>30% más corto y 10% más liviano que la polichadora STGP1318K</li> <li>Diseño de baja vibración</li> <li>Mango en D para mayor facilidad de uso y aplicaciones detalladas</li> <li>Sistema de velcro para el reemplazo rápido de accesorios</li> </ul>",polichadora-sp137k-b3-stanley-7-profesional,"Venta de Polichadora STANLEY 7"", (Profesional), contamos con amplio catálogo. Asesoría especializada, Envíos a todo Colombia.",539000,539000,STANLEY,Herramientas eléctricas,
SSC22-B3,"Tronzadora STANLEY SSC22-B3 14"" 2.200W",<h2><strong>Tronzadora de metal</strong></h2> <ul> <li><strong>Guarda</strong> Metálica</li> <li><strong>Deflector</strong> de Chispas</li> <li><strong>Base de Acero</strong> Resistente</li> <li><strong>Potencia</strong> 2200 W</li> <li><strong>Velocidad</strong> 3800 Rpm</li> <li><strong>Diámetro del disco</strong> 14″</li> <li><strong>Dimensiones (L X An x Al) </strong>60 x 38 x 43 cm</li> <li><strong>Peso</strong> 16 kg</li> </ul> <p> </p>,"<p><em>Los productos originales pueden variar ligeramente respecto a las fotos, la información en esta ficha está sujeta a cambios sin previo aviso</em></p> <h2><strong>Tronzadora STANLEY </strong></h2> <p><strong>STANLEY SSC22-B3 14"" 2.200W, 3800rpm 16 kg</strong></p> <ul> <li>Cortadora de metales, 3 posiciones de ajuste de guía posterior y abatible a 45° para mayor versatilidad de cortes</li> <li>Motor de alto torque de 2200W para mayor rendimiento y durabilidad</li> <li>Mango ergonómico para mayor control y comodidad de trabajo</li> <li>Guarda robusta para máxima protección</li> <li>Deflector de chispas</li> <li>Base de acero resistente</li> </ul> <ul> <li><strong>Mango</strong> Ergonómico para Mayor Control y Comodidad</li> <li><strong>Guarda</strong> Metálica</li> <li><strong>Deflector</strong> de Chispas</li> <li><strong>Base de Acero</strong> Resistente</li> <li><strong>Potencia</strong> 2200 W</li> <li><strong>Velocidad</strong> 3800 Rpm</li> <li><strong>Diámetro del disco</strong> 14""</li> <li><strong>Dimensiones (L X An x Al) </strong>60 x 38 x 43 cm</li> <li><strong>Peso</strong> 16 kg</li> </ul>",tronzadora-stanley-ssc22-b3,"Venta de Tronzadora STANLEY SSC22-B3 2.200W, contamos con amplio catálogo. Asesoría especializada, Envíos a todo Colombia.",719000,719000,STANLEY,Herramientas eléctricas,
SH86,Sopladora/Aspiradora STIHL SH86 a gasolina,"<h2>Sopladora/Aspiradora STIHL</h2> <ul> <li><strong>Cilindrada</strong> 27,2 cm³</li> <li><strong>Vibraciones izquierdas/derecha</strong> 2,5/1,9 m/s²</li> <li><strong>Nivel sonoro</strong> 93 dB(A)</li> <li><strong>Potencia sonora</strong> 106 dB(A)</li> <li><strong>Volumen saco recogedor</strong> 45 l</li> <li><strong>Potencia</strong> 0,8/1,1 kW/CV</li> <li><strong>CO2</strong> 848 g/kWh</li> <li><strong>Dimensiones (LxAnxAl)</strong> 86 x 34 x 45</li> <li><strong>Peso</strong> 5,8 kg</li> </ul>","<p><em>Los productos originales pueden variar ligeramente respecto a las fotos, la información en esta ficha está sujeta a cambios sin previo aviso</em></p> <h2>Sopladora/Aspiradora STIHL</h2> <p><strong>STIHL SH86 a gasolina 1,07hp, 27,2cm³, 4,4Kg (motor 2-MIX)</strong></p> <p>• Ideal para la limpieza de grandes superficies. Convertible en soplador. Con regulación continua de las revoluciones, boquillas plana y redonda, arranque STIHL ElastoStart, sistema antivibración, 2-MIX y filtro HD2.<br /> • Asa de transporte y manejo ergonómico con una sola mano también para un uso prolongado<br /> • Picador/aspirador de gasolina para grandes terrenos con mucha hojarasca<br /> • Expulsión sin picos de fuerza gracias a ElastoStart de STIHL<br /> • Cómodo manejo gracias a la palanca de aceleración con botón de stop y regulación continua<br /> • Potente y económico gracias al motor STIHL 2-MIX<br /> • Manejo ergonómico con una sola mano.</p> <h2><a href=""https://equipmaster.com.co/agro-y-jardin/tips-esenciales-para-fumigar/"">Tips Esenciales para Fumigar</a></h2> <h3><a href=""https://equipmaster.com.co/agro-y-jardin/equipos-con-motor-2-mix-de-stihl/"">Equipos con Motor 2-MIX de STIHL</a></h3>",sopladora-aspiradora-stihl-sh86-a-gasolina,"Venta de Sopladora/Aspiradora STIHL SH86 a gasolina 1,07hp . contamos con amplio catálogo. Asesoría especializada, Envíos a todo Colombia.",1679000,1679000,STIHL,Jardín y forestal,
DTL10000,"Motoazada Motocultor DUCATI DTL10000 a gasolina 7hp, 6 velocidades","<h2><span data-sheets-value=""{""1"":2,""2"":""Motocultor""}"" data-sheets-userformat=""{""2"":513,""3"":{""1"":0},""12"":0}"">Motocultor</span></h2> <ul> <li><strong>Potencia</strong> 7 Hp</li> <li><strong>Motor</strong> 4 Tiempos – OHV</li> <li><strong>Cilindraje</strong> 212 cc</li> <li><strong>Combustible</strong> Gasolina</li> <li><strong>Tipo de arranque</strong> Manual – Retráctil</li> <li><strong>Capacidad del tanque</strong> 4,3 L</li> <li><strong>Tipo de aceite</strong> 15w40</li> <li><strong>Capacidad de aceite</strong> 1.6L</li> <li><strong>No Cuchillas</strong> 32</li> <li><strong>Ancho de trabajo</strong> 60 – 80 – 100 mm</li> <li><strong>Profundidad de trabajo</strong> 36 cm</li> <li><strong>Medida llantas</strong> 400 x 800mm</li> <li><strong>Presión de aire ruedas</strong> 45 P.S.I</li> <li><strong>Dimensiones embalaje  (L x An x Al) </strong>55 x 85 x 80</li> <li><strong>Peso</strong> 101 Kg</li> </ul>","<p><em>Los productos originales pueden variar ligeramente respecto a las fotos, la información en esta ficha está sujeta a cambios sin previo aviso.</em></p> <h2><span data-sheets-value=""{""1"":2,""2"":""Motoazada Motocultor""}"" data-sheets-userformat=""{""2"":513,""3"":{""1"":0},""12"":0}"">Motoazada Motocultor</span></h2> <p><strong>DTL10000 - DUCATI a gasolina 7hp, Ancho de trabajo 60cmA 100cm, profundidad de arado 15-36 centímetros, 6 velocidades</strong></p> <p>• <strong>Potencia</strong> 7 Hp<br /> • <strong>Motor</strong> 4 Tiempos - OHV<br /> • <strong>Cilindraje</strong> 212 cc<br /> • <strong>Combustible</strong> Gasolina<br /> • <strong>Tipo de arranque</strong> Manual - Retráctil<br /> • <strong>Capacidad del tanque</strong> 4,3 L<br /> • <strong>Tipo de aceite</strong> 20w50<br /> • <strong>Depósito de aceite</strong> 0,6 L<br /> • <strong>Filtro de aire</strong> Bañe de aceite<br /> • <strong>Tipo Directa</strong> por engranajes<br /> • <strong>Velocidades</strong> 4 adelante 2 atrás<br /> • <strong>Embrague Multidisco</strong> de fricción<br /> • <strong>Tipo de aceite</strong> 15w40<br /> • <strong>Capacidad de aceite</strong> 1.6L<br /> • <strong>No Cuchillas</strong> 32<br /> • <strong>Ancho de trabajo</strong> 60 - 80 - 100 mm<br /> • <strong>Profundidad de trabajo</strong> 36 cm<br /> • <strong>Medida llantas</strong> 400 x 800mm<br /> • <strong>Presión de aire ruedas</strong> 45 P.S.I</p> <p><strong>Accesorios incluidos </strong></p> <ul> <li>Manual de usuario</li> <li>Kit de herramienta básico</li> <li>2 ruedas neumáticas para transporte</li> <li>Juego de cuchillas y barra de profundidad</li> </ul> <h2><a href=""https://equipmaster.com.co/agro-y-jardin/motoazadas-herramientas-agricolas/"">Motoazadas: herramientas agrícolas</a></h2>",motoazada-motocultor-ducati-dtl10000-a-gasolina-7hp-6-velocidades,"Venta de Motoazada Motocultor DUCATI DTL10000 a gasolina 7hp 6 velocidades , contamos con amplio catálogo. Asesoría especializada, Envíos a todo Colombia.",4199000,4199000,DUCATI,Agro y ganadería,
429-GSP30,"Fumigadora Estacionaria MASTER KTC 429-GSP30 motor 7hp gasolina, caudal 46litros/min",<h2><b>Fumigadora MASTER </b></h2> <ul> <li><strong>Combustible Gasolina</strong> sin plomo con octanaje 86 o superior</li> <li><strong>Potencia Nominal</strong> 4.1 kW / 3600 rpm</li> <li><strong>Torque Nominal</strong> 12.4 Nm / 2500 rpm</li> <li><strong>Presión</strong> 0 – 580 PSI (0 – 40 Bar)</li> <li><strong>Caudal</strong> 32 – 46 l/min</li> <li><strong>Velocidad de Trabajo</strong> 800 – 1200 rpm</li> <li><strong>Cilindraje</strong> 196 cc</li> <li><strong>Velocidad Máxima</strong> 3600 rpm</li> <li><strong>Consumo Aproximado</strong> <strong>a Carga Máxima</strong> 0.5 gal/h</li> <li><strong>Autonomía con Tanque Lleno</strong> 1 Hora y 45 Minutos</li> <li><strong>Dimensiones (L x An x Al):</strong> 86 x 34 x 45</li> <li><strong>Peso:</strong> 38 kg</li> </ul>,"<p><em>Los productos originales pueden variar ligeramente respecto a las fotos, la información en esta ficha está sujeta a cambios sin previo aviso</em></p> <h2>Fumigadora estacionaria</h2> <p><strong>MASTER KTC 429-GSP30 motor 7hp gasolina, caudal 46litros/min, presión 0-580psi, 1 manguera, 1 lanza y kit de fumigación</strong></p> <p><strong>Bomba</strong></p> <p>• Tipo Bomba de Émbolo<br /> • Presión 0 - 580 PSI (0 – 40 Bar)<br /> • Caudal 32 – 46 l/min<br /> • Velocidad de Trabajo 800 – 1200 rpm<br /> • Material Pistones Acero Inoxidable<br /> • Material Aleación de Bronce<br /> • Material del Cárter Fundición de Hierro<br /> • Control del Retorno de Presión Manual</p> <p><strong>Motor</strong></p> <p>• Tipo 4 Tiempos / Refrigerado por Aire / OHV<br /> • Combustible Gasolina sin plomo con octanaje 86 o superior<br /> • Potencia Nominal 4.1 kW / 3600 rpm<br /> • Torque Nominal 12.4 Nm / 2500 rpm<br /> • Cilindraje 196 cc</p> <p><strong>Lanza</strong></p> <p>• Material Punta y Acople de Manguera en Bronce // Cuerpo en Acero<br /> • Longitud 90 cm<br /> • Tipo 1 Salida con Punta Curva<br /> • Regulador de Salida Si</p> <p><a style=""font-size: 24px;"" href=""https://equipmaster.com.co/agro-y-jardin/para-que-sirven-las-fumigadoras-agricolas/""><strong>¿Para Qué Sirven Las Fumigadoras Agrícolas?</strong></a></p>",fumigadora-estacionaria-master-ktc-429-gsp30-motor-7hp-gasolina,"Venta de Fumigadora Estacionaria MASTER KTC 429-GSP30, contamos con amplio catálogo. Asesoría especializada, Envíos a todo Colombia.",1379000,1379000,MASTER,Fumigación,
TF030NE-GM200K,Fumigadora Estacionaria FORTE TF030NE-GM200K Motor 6.5hp gasolina caudal 30litros/min,"<h2><strong>Estacionaria para fumigar</strong></h2> <ul> <li><strong>TF030NE-GM200K</strong></li> <li><strong>Presión de trabajo</strong> 500 PSI (35 bares)</li> <li><strong>Potencia</strong> 6.5 HP</li> <li><strong>Pistones Acero</strong> 3×28 mm Ø</li> <li><strong>Velocidad</strong> 800 – 1200 RPM</li> <li><strong>Motor</strong> GM200</li> <li><strong>Caudal</strong> 30 L/min (8 gpm)</li> <li><strong>Dimensiones</strong> 86L x 34An x 45At</li> <li><strong>Peso seco</strong> 38 kg</li> <li><strong>Accesorios incluidos</strong> 2 manguera, 2 lanzas y kit de succión.</li> </ul> <p> </p> <p> </p>","<p><em>Los productos originales pueden variar ligeramente respecto a las fotos, la información en esta ficha está sujeta a cambios sin previo aviso.</em></p> <h2><strong>Fumigador Estacionario</strong></h2> <p><strong>FORTE TF030NE-GM200K Motor 6.5hp gasolina, caudal 30litros/min, presión 0-500PSI, 2 Mangueras, 2 Lanzas y kit de succión.</strong></p> <p>Esta fumigadora está diseñada para facilitar el proceso de fumigación generalmente de cultivos, zonas verdes y jardines.</p> <p>• <strong>Presión de trabajo</strong> 500 PSI (35 bares)<br /> •<strong> Potencia</strong> 6.5 HP<br /> • <strong>Pistones Acero</strong> 3x28 mm Ø<br /> • <strong>Velocidad</strong> 800 - 1200 RPM<br /> • <strong>Motor</strong> GM200<br /> • <strong>Caudal</strong> 30 L/min (8 gpm)<br /> • <strong>Dimensiones</strong> 86L x 34An x 45Al<br /> • <strong>Peso seco</strong> 38 kg<br /> • <strong>Accesorios incluidos</strong> 2 manguera, 2 lanzas y kit de succión</p> <h2><strong style=""color: #1b1919;""><a href=""https://equipmaster.com.co/agro-y-jardin/para-que-sirven-las-fumigadoras-agricolas/"">¿Para Qué Sirven Las Fumigadoras Agrícolas?</a></strong></h2>",fumigadora-estacionaria-forte-tf030ne-gm200k-motor-6-5hp-gasolina-caudal-30litros-min,"Venta de Fumigadora Estacionaria FORTE TF030NE-GM200K ,contamos con amplio catálogo. Asesoría especializada, Envíos a todo Colombia",1909000,1909000,FORTE,Fumigación,
GP200-TS28,"Fumigadora Estacionaria HONDA GP200-TS28 motor 6.5hp gasolina, presión 0-500 PSI","<h2><strong>Estacionaria para fumigar</strong></h2> <ul> <li><strong>Tipo Mono cilíndrico</strong> 4 Tiempos</li> <li><strong>Modo Refrigeración</strong> Por aire, cilindro inclinado 25°</li> <li><strong>Tipo de Camisa de Cilindro</strong> Camisa de acero</li> <li><strong>Diámetro x Carrera</strong> 68 X 54mm</li> <li><strong>Cilindrada</strong> 196 cc</li> <li><strong>Relación de compresión</strong> 8.5:1</li> <li><strong>Potencia neta</strong> 6.5 hp</li> <li><strong>Tipo de arranque</strong> Manual (retráctil)</li> <li><strong>Consumo a potencia</strong> nominal 1.7 l/h</li> <li><strong>Capacidad de aceite</strong> 0.6 (l)</li> <li><strong>Aceite recomendado</strong> Enermax 10W-30 API SL</li> <li><strong>Capacidad tanque</strong> combustible 3.1 (l)</li> <li><strong>Modelo fumigadora</strong> TS28</li> <li><strong>Presión máxima</strong> 500 psi</li> <li><strong>Caudal máximo fumigación</strong> 28 lpm</li> <li><strong>Dimensiones</strong> (<strong>L x An x Al):</strong>100L X 40.5An X 58Al</li> <li><strong>Peso:</strong> 50Kg</li> </ul>","<p><em>Los productos originales pueden variar ligeramente respecto a las fotos, la información en esta ficha está sujeta a cambios sin previo aviso.</em></p> <h2><strong>Fumigador Estacionario</strong></h2> <p><strong>GP200-TS28 - HONDA motor 6.5hp gasolina, presión 0-500 PSI, Incluye: Rollo de 100m / Lanza Manguera de succión / Manguera de retorno / Filtro coladera / Guarda poleas / Kit de empaques en V</strong></p> <p>Fumigadora ideal para realizar trabajos de control de plagas y enfermedades en cultivos de hortalizas, papa, frutales y café, entre otros, así como también para realizar trabajos de fertilización foliar. Fumigadora estacionaria de excelente desempeño para labores de agrícolas y, elevación de líquido a grandes alturas.</p> <ul> <li>El diseño OHV mejora la eficiencia de combustión.</li> <li>La disposición de las válvulas permite una admisión de mezcla de combustible más homogénea, además</li> <li>de un escape más rápido y completo.</li> <li>Fácil arranque gracias al sistema de descompresión automático y a un pomo de arranque más ergonómico</li> <li>Fumigadora de embolo, en Acero endurecido, con capacidad de aspersión hasta de 500psi, y 28lpm</li> <li>(consulte su manual para conocer cuantas boquillas y de que caudal puede usar según la aplicación).</li> </ul> <h2><strong style=""color: #1b1919;""><a href=""https://equipmaster.com.co/agro-y-jardin/para-que-sirven-las-fumigadoras-agricolas/"">¿Para Qué Sirven Las Fumigadoras Agrícolas?</a></strong></h2>",fumigadora-estacionaria-honda-gp200-ts28-motor-6-5hp-gasolina,"Venta de Fumigadora Estacionaria HONDA GP200-TS28 motor 6.5hp gasolina, contamos con amplio catálogo. Asesoría especializada, Envíos a todo Colombia",3899000,3899000,HONDA,Fumigación,
EM-RC20L-AL,"Fumigadora RC20L ROYAL CONDOR Aliada 20lts, Embolo Externo",<h2><strong>Fumigadora Manual</strong></h2> <ul> <li><strong>Capacidad del Recipiente</strong>: 20 Litros</li> <li><strong>Cámara de Presión</strong>: 1 Litro</li> <li><strong>Presión de Trabajo</strong>: 40 Psi +/- 10%</li> <li><strong>Tipo </strong>Manual</li> <li><strong>Capacidad</strong> 20 Litros</li> <li><strong>Tipo de Bomba</strong> Bomba Externa</li> <li><strong>Tipo de Motor</strong> No Aplica</li> <li><strong>Dimensiones</strong>: 54 x 22 x 41.5 cm</li> <li><strong>Peso</strong>: 5 Kg</li> </ul>,"<p><em>Los productos originales pueden variar ligeramente respecto a las fotos, la información en esta ficha está sujeta a cambios sin previo aviso.</em></p> <h2><b>Fumigadora de espalda</b></h2> <p><strong>EM-RC20L-AL ROYAL CONDOR Aliada 20lts, embolo externo</strong></p> <ul> <li>La fumigadora Royal Condor La Aliada, se adapta con facilidad a las tareas diarias, muy cómoda gracias a su chasis de diseño ergonómico, muy durable gracias a que su bomba y lanza están fabricados en latón.</li> <li>Es una fumigadora de uso profesional, indicada para el trabajo en múltiples aplicaciones agropecuarias.</li> <li>Para lograr la presión de trabajo requerida bastará con 10 palancazos por minuto si usa una boquilla de descarga de 600 cc/minuto.</li> </ul> <p><strong>Componentes</strong></p> <ul> <li><strong>Lanza:</strong> en latón.</li> <li><strong>Bomba:</strong> Tipo pistón en latón. con sistema de válvulas dividido.</li> <li><strong>Palanca:</strong> para accionar al lado izquierdo.</li> <li><strong>Llave:</strong> ergonómica. con ﬁltro metálico.</li> <li><strong>Manguera:</strong> de alta resistencia. en PVC reforzado.</li> <li><strong>Boquillas:</strong> viene con dos boquillas: una metálica de cono hueco 1000cc. una en polímero de cortina de 600cc.</li> <li><strong>Tanque:</strong> en polietileno de alta densidad con mirilla indicadora de nivel. resistente al impacto y protegido contra la luz ultravioleta</li> <li><strong>Correas:</strong> con hombreras en PVC. ajustables.</li> <li><strong>Chasis:</strong> plano100% plástico. de alta resistencia. ergonómico. con agarradera central.</li> </ul> <p> </p> <h2><strong style=""color: #1b1919;""><a href=""https://equipmaster.com.co/agro-y-jardin/para-que-sirven-las-fumigadoras-agricolas/"">¿Para Qué Sirven Las Fumigadoras Agrícolas?</a></strong></h2>",fumigadora-rc20l-royal-condor-aliada-20lts-embolo-externo,"Venta de fumigadoras Royal Condor EM-RC20L-AL para aplicaciones agrícolas y procesos de desinfección, Asesoría especializada. Envíos a todo Colombia.",469000,469000,ROYAL CONDOR,Fumigación,
EM-RC20L-CL,"Fumigadora RC20L ROYAL CONDOR Clásica 20lts, Embolo Externo",<h2><strong>Fumigadora Manual</strong></h2> <ul> <li><strong>Capacidad del Recipiente</strong> 20 Litros</li> <li><strong>Tipo</strong> Manual</li> <li><strong>Tipo de Bomba</strong> Bomba Externa</li> <li><strong>Tipo de Motor</strong> No Aplica</li> <li><strong>Presión</strong> 40PSI +/-10%</li> <li><strong>Dimensiones</strong> <strong>(L x An x Al):</strong> 54.5 x 23 x 43.5</li> <li><strong>Peso</strong> 5.73</li> </ul>,"<p><em>Los productos originales pueden variar ligeramente respecto a las fotos, la información en esta ficha está sujeta a cambios sin previo aviso.</em></p> <h2><b>Fumigadora de espalda</b></h2> <p><strong>EM-RC20L-CL ROYAL CONDOR Clásica 20lts, embolo externo</strong></p> <ul> <li><strong>Mayor durabilidad, desempeño y tradición. Fumigadora de uso profesional, alta calidad, confiabilidad y respaldo</strong></li> <li>Preferida por el agricultor, por tradición. calidad, versatilidad, capacidad, duración y excelente costo -beneficio</li> <li>Es una fumigadora de uso profesional, diseñada para trabajo pesado y en múltiples aplicaciones agropecuarias</li> <li>Para lograr la presión de trabajo requerida bastará con 10 palancazos por minuto si usa una boquilla de descarga de 600 CC/minuto y 4 palancazos por minuto si usa una boquilla de 250 cc/min</li> <li><strong>Su rango de presión</strong> va 1-13.79bar / 14.7-200psi</li> </ul> <p> </p> <p><strong>Componentes</strong></p> <ul> <li><strong>Lanza</strong>: en acero inoxidable. de alta resistencia y más liviana.</li> <li><strong>Bomba</strong>: Tipo pistón en latón con sistema de válvulas completo.</li> <li><strong>Palanca</strong>: para accionar a los dos lados.</li> <li><strong>Llave</strong>: robusta. ergonómica. con tres posiciones de fumigación: continua. intermitente y bloqueo total.</li> <li><strong>Manguera</strong>: de alta resistencia. en caucho reforzado.</li> <li><strong>Boquillas</strong>: viene dos boquillas: una metálica de cono hueco de 1000cc y una en pilimero de cortina de 600cc.</li> <li><strong>Filtro recipiente</strong>: nuevo diseño. cónico. con mayor capacidad ﬁltrante y no genera salpicaduras.</li> <li><strong>Tanque</strong>: 20L. en polietileno de alta densidad con mirilla indicadora de nivel. resistente al impacto y protegido contra la luz ultravioleta</li> <li><strong>Tapa: </strong>Ergonómica, de fácil manipulación, rápido enrosque, segura, con selle hermético y diafragma de ventilación</li> <li><strong>Correas</strong>: curvas. separadas. acolchadas y ajustables. con reata de 2mm de espesor mayor comodidad y resistencia para trabajo pesado.</li> <li><strong>Chasis</strong>: tubular 100% plástico. de alta resistencia ergonómico con agarraderas.</li> </ul> <p> </p> <h2><strong style=""color: #1b1919;""><a href=""https://equipmaster.com.co/agro-y-jardin/para-que-sirven-las-fumigadoras-agricolas/"">¿Para Qué Sirven Las Fumigadoras Agrícolas?</a></strong></h2>",fumigadora-rc20l-royal-condor-clasica-20lts-embolo-externo,"Venta de fumigadoras Royal Condor EM-RC20L-CL para aplicaciones agrícolas y procesos de desinfección, Asesoría especializada. Envíos a todo Colombia.",349000,349000,ROYAL CONDOR,Fumigación,
SC16-B3,"Sierra Circular STANLEY SC16-B3 1600w 5.500rpm disco 7-¼""",<h2><strong>Sierra Stanley</strong></h2> <ul> <li><strong>Voltaje</strong> 120 V</li> <li><strong>Frecuencia</strong> 60 Hz</li> <li><strong>Potencia</strong> 1600 W</li> <li><strong>Velocidad</strong> 5500 / min</li> <li><strong>Profundidad de corte</strong> a 90° 2-1/2″ (65 mm)</li> <li><strong>Profundidad de corte</strong> a 45° 2″ (50 mm)</li> <li><strong>Diámetro del disco</strong> 7-1/4″</li> <li><strong>Dimensiones</strong> 35 x 25 x 25</li> <li><strong>Peso</strong> 5.55Kg</li> </ul>,"<p><em>Los productos originales pueden variar ligeramente respecto a las fotos, la información en esta ficha está sujeta a cambios sin previo aviso</em></p> <h2><strong>Sierra circular</strong></h2> <p><strong>STANLEY SC16-B3 1600w. 7 1/4 pulg 5.500rpm disco 7-¼"" (profesional)</strong></p> <ul> <li>Motor de 1600W con transmisión optimizada</li> <li>20% mayor vida útil y cortes 28% más rápidos que la antigua sierra STSC1718</li> <li>Profundidad de corte de 65mm & guarda de 190mm</li> <li>Consistencia y precisión para excelente acabado en cortes entre 0° to 45°</li> <li>Base de 150mm de Ancho de 2mm de Espesor para Mejor Rendimiento.</li> </ul>",sierra-circular-stanley-sc16-b3-1600w-5-500rpm,"Venta de Sierra circular STANLEY SC16-B3 1600w (profesional), contamos con amplio catálogo. Asesoría especializada, Envíos a todo Colombia.",359000,359000,STANLEY,Herramientas eléctricas,
SS24-B3,"Lijadora Rotorbital Inalámbrica STANLEY SS24-B3 240w 1/4""",<h2>Lijadora Rotorbital</h2> <p>• <strong>Potencia</strong> 240 W<br /> • <strong>Velocidad orbital</strong> 16000 opm<br /> • <strong>Tensión nominal</strong> 120 V<br /> • <strong>Corriente nominal</strong> 60 Hz<br /> • <strong>Superficie de lijado</strong> 110 x 104 mm<br /> • <strong>Peso</strong> 1.1 kg</p>,"<p><em>Los productos originales pueden variar ligeramente respecto a las fotos, la información en esta ficha está sujeta a cambios sin previo aviso.</em></p> <h2>Lijadora Rotorbital</h2> <p><strong>SS24-B3 Inalámbrica STANLEY 240w 1/4""</strong></p> <p>Para el profesional exigente, herramienta de potente motor de alta velocidad proporciona un lijado eficiente en madera, además incluye bolsa recolectora de polvo para mejor ambiente de trabajo.</p> <p>Diseño compacto con mango recubierto de goma y baja vibración para un manejo cómodo.</p> <ul> <li><strong>Potencia</strong> 240 W</li> <li><strong>Velocidad orbital</strong> 16000 opm</li> <li><strong>Tensión nominal</strong> 120 V</li> <li><strong>Corriente nominal</strong> 60 Hz</li> <li><strong>Superficie de lijado</strong> 110 x 104 mm</li> <li><strong>Dimensiones </strong>22L X 13An X 15Al</li> <li><strong>Peso</strong>1.1 kg</li> </ul>",lijadora-rotorbital-inalambrica-stanley-ss24-b3-240w-1-4,"Venta de Lijadora Rotorbital Inalambrica STANLEY SS24-B3. Contamos con amplio catálogo. Asesoría especializada, Envíos a todo Colombia.",229000,229000,STANLEY,Herramientas eléctricas,
ESYBOX DIVER,"Sistema De Presión Inteligente ESYBOX DIVER SUMERGIBLE 1,5hp 220V (Silencioso)","<h2>ESYBOX DIVER</h2> <p>• <strong>Potencia</strong> 1.5hp<br /> • <strong>Voltaje</strong> 220V<br /> • <strong>Fases</strong> 1<br /> • <strong>AMP</strong> 5.5<br /> • <strong>S X D [ PULG]</strong> 1.1/4″<br /> • <strong>P máx. [ PSI ]</strong> 78<br /> • <strong>Q MAX [ LPM ]</strong> 120<br /> • <strong>Dimensiones</strong> 18,5 L X 18,5 A X 65 AL<br /> • <strong>Peso</strong> 17 kg</p>","<p><em>Los productos originales pueden variar ligeramente respecto a las fotos, la información en esta ficha está sujeta a cambios sin previo aviso.</em></p> <h2>Sistemas de presión inteligentes Silencioso</h2> <p><strong>ESYBOX DIVER SUMERGIBLE 1,5hp 220 voltios 5,5amp Altura máxima de 78 metros Caudal máximo 120 litros/min Fácil conexión, eficiente en la optimización de espacio (Silencioso) conexión de wifi incluida para conexión con teléfonos permite acoplar hasta 4 estaciones de esybox (para una mayor presión y caudal).</strong></p> <p><strong>Sistema de presión constante sumergible</strong><br /> -Motor de imanes permanentes (eficiencia premium).<br /> -Conexión Wi Fi incluida. Para conexión con teléfonos inteligentes, a través de redes Wi Fi o conexión remota entre equipos<br /> -Incluye sensores de presión y flujo.<br /> -Módulo D Connect 2 incluido, para conectividad remota.<br /> -Incluye tanque de expansión de diafragma de alta calidad con 5 años de garantía.<br /> -Instalación externa con el accesorio DOC68 (Se vende por separado).<br /> -No necesita ningún componente adicional para su funcionamiento.<br /> -Rangos de temperatura: 0 °C hasta + 55 °C.<br /> -Su tamaño compacto permite su traslado e instalación en lugares de difícil acceso<br /> -Máxima temperatura ambiente: + 55 °C.<br /> -Máxima presión de trabajo: 78 PSI.<br /> -Protección IP68 - Aislamiento clase F.<br /> -Certificaciones: WRAS, ACS, NSF6.<br /> -Válvula de ventilación incluida para fácil cebado inicial.</p> <p> </p>",sistema-de-presion-inteligente-esybox-diver-sumergible-15hp-220v-silencioso,"Venta de Sistemas De Presión Inteligentes Garantizan el confort de la presión constante en un sistema hidráulico, con tecnología inverter. Envíos a todo Colombia.",8339000,8339000,ESYBOX,Bombas y agua,
ESYBOX MAX 60/120,Sistema De Presión Inteligente ESYBOX MAX 4hp 220V (Silencioso),"<h2>ESYBOX MAX 60/120</h2> <p>• <strong>Potencia</strong> 4.0hp<br /> • <strong>Voltaje</strong> 220V<br /> • <strong>Fases</strong> 1<br /> • <strong>AMP</strong> 11<br /> • <strong>S X D [ PULG]</strong> 1.1/4″ X 1.1/4″<br /> • <strong>P máx. [ PSI ]</strong> 98<br /> • <strong>Q MAX [ LPM ]</strong> 290<br /> • <strong>Dimensiones</strong> 37,5 L X 38,5 A X 76,5 AL<br /> • <strong>Peso</strong> 38 kg</p>","<p><em>Los productos originales pueden variar ligeramente respecto a las fotos, la información en esta ficha está sujeta a cambios sin previo aviso.</em></p> <h2>Sistemas de presión inteligentes Silencioso</h2> <p><strong>ESYBOX MAX 4hp 220 voltios 11AMP Altura máxima 98 metros Caudal máximo 290 litros/min Fácil conexión, eficiente en la optimización de espacio (Silencioso) conexión de wifi incluida para conexión con teléfonos.</strong></p> <p>-Motor de imanes permanentes (eficiencia premium)<br /> -Conexión Wi Fi/Bluetooth incluida. Para conexión con teléfonos inteligentes, a través de redes Wi Fi o conexión remota entre equipos.<br /> -Incluye sensores de presión y flujo.<br /> -Verdadera pantalla LCD de alta resolución ajustable. - Incluye tanque de expansión de diafragma de alta calidad con 05 años de garantía.<br /> -Doble succión y descarga.<br /> -No necesita ningún componente adicional para su funcionamiento.<br /> -Rangos de temperatura: 0 °C hasta + 50 °C.<br /> -Su tamaño compacto permite su traslado e instalación en lugares de difícil acceso.<br /> -Máx capacidad de succión: 8 mts (SNMM).<br /> -Máx temperatura ambiente: + 55 °C.<br /> -Máxima presión de trabajo: 170 PSI<br /> -Protección IPX5<br /> -Aislamiento clase F.<br /> -Certificaciones: WRAS, ACS, NSF61</p> <p><strong>Beneficios</strong><br /> <strong>Diseño innovador y uso de tecnología de punta, los usuarios de ESYBOX MAX disfrutarán de beneficios como:</strong><br /> • Fácil instalación.<br /> • Presión constante y ahorro energético, cuenta con tecnología inverter y el motor de imanes refrigerado por agua<br /> • Comunicación inalámbrica entre varias bombas.<br /> • Control remoto y manejo desde smartphone a través de la App DConnect<br /> • Pantalla grande que para facilidad de configuración<br /> • Flexibilidad a la hora de elegir las conexiones de succión y descarga de la bomba</p> <p><strong>ESYBOX MAX cuenta con todos los elementos necesarios para su instalación. </strong></p> <p>• Bomba vertical multietapa<br /> • Variador de velocidad con tecnología inverter<br /> • Pantalla<br /> • Modulo Wi-Fi<br /> • Sensores de presión<br /> • Válvula de retención<br /> • Base de soporte</p> <p><strong>Aplicaciones</strong><br /> • Hoteles, hospitales y centros de salud<br /> • Grandes edificios residenciales.</p> <p> </p> <p> </p>",sistema-de-presion-inteligente-esybox-max-4hp-220v-silencioso,"Venta de Sistemas De Presión Inteligentes Garantizan el confort de la presión constante en un sistema hidráulico, con tecnología inverter. Envíos a todo Colombia.",17909000,17909000,ESYBOX,Bombas y agua,
ESYBOX+DCONNECT BOX2,Sistema De Presión Inteligente ESYBOX+DCONNECT BOX2 2hp 220V (Silencioso),"<h2>ESYBOX</h2> <p>• <strong>Potencia</strong> 2.0hp<br /> • <strong>Voltaje</strong> 220V<br /> • <strong>Fases</strong> 1<br /> • <strong>AMP</strong> 10<br /> • <strong>S X D [ PULG]</strong> 1″ x 1″<br /> •<strong> P máx. [ PSI ]</strong> 86<br /> • <strong>Q MAX [ LPM ]</strong> 120<br /> • <strong>Dimensiones DCONNECT</strong> 8L X 14 An X 14 Al<br /> • <strong>Peso DCONNECT</strong> 1,3 kg<br /> • <strong>Dimensiones ESYBOX</strong> 26 L X 35 An X 56,5 Al<br /> • <strong>Peso ESYBOX</strong> 27 kg.</p>","<p><em>Los productos originales pueden variar ligeramente respecto a las fotos, la información en esta ficha está sujeta a cambios sin previo aviso.</em></p> <h2>Sistemas de presión inteligentes Silencioso</h2> <p><strong>ESYBOX+DCONNECT BOX2 2hp 220 voltios 10AMP Altura máxima de 86 metros Caudal máximo 120 litros/min Fácil conexión, eficiente en la optimización de espacio (Silencioso) conexión de wifi incluida para conexión con teléfonos permite acoplar hasta 4 estaciones de esybox (para una mayor presión y caudal).</strong></p> <p><strong>DCONNECT BOX 2 (para conexión remota) (2 Hp). </strong><br /> Para monitorear y configurar desde el teléfono inteligente las instalaciones, conectando hasta 4 bombas con posibilidad de acceder al servicio en la nube de DAB.</p> <p><strong>ESYBOX Y DCONNECT ¡EN LA NUBE!</strong><br /> -La conectividad para DAB es una evolución natural, el paso necesario para maximizar la posibilidad de interacción entre la gama Esybox y las personas para las cuales está pensado.<br /> -Con servicio de control remoto DConnect se abre un nuevo canal de comunicación digital, disponible siempre y en cualquier momento del día para gestionar directamente las bombas sin necesidad de acudir al sitio de la instalación.</p> <p><strong>Se aprecian los accesorios y a la confiabilidad de los productos, la línea Esybox ofrece una absoluta flexibilidad y versatilidad:</strong> el amplio campo de aplicación y las numerosas modalidades de funcionamiento la convierten en la línea más revolucionaria y eficaz en el campo de la presurización de agua residencial y de edificios comerciales y públicos.</p> <p><strong>Una innovación revolucionaria</strong><br /> Grupo de presión patentado de alto rendimiento y mayor eficiencia. Con su diseño compacto es fácil de instalar, mantener y operar. Máxima satisfacción para el instalador y usuario final. EsyBox ha cambiado la forma en que las personas utilizan nuestro recurso más importante, el agua. Puede crear grupos de bombas agrupando dos o hasta cuatro bombas juntas.</p> <p>Compacto y completamente integrado, es adecuado para su uso con agua potable, en sistemas domésticos y aplicaciones de jardinería.<br /> Controlar la presión del agua en casa jamás ha sido tan fácil y silencioso.</p> <p><strong>Máxima versatilidad 3 posiciones de instalación</strong><br /> Horizontal, vertical o en la pared, EsyBox puede instalarse prácticamente en cualquier lugar dentro o fuera de la casa.</p> <p><strong>Ruido ultra bajo diseñado para el relax</strong><br /> Optimización para ser más silencioso.</p> <p><strong>Uso</strong><br /> Villas y pequeños condominios de hasta 6 pisos y de 9 apartamentos.</p> <p> </p> <p> </p>",sistema-de-presion-inteligente-esyboxdconnect-box2-2hp-220v-silencioso,"Venta de Sistemas De Presión Inteligentes Garantizan el confort de la presión constante en un sistema hidráulico, con tecnología inverter. Envíos a todo Colombia.",8319000,8319000,ESYBOX,Bombas y agua,
ESYBOX,Sistema De Presión Inteligente ESYBOX 2hp 220V (Silencioso),"<h2>ESYBOX</h2> <p>• <strong>Potencia</strong> 2.0hp<br /> •<strong> Voltaje</strong> 220V<br /> • <strong>Fases</strong> 1<br /> • <strong>AMP</strong> 10<br /> • <strong>S X D [ PULG]</strong> 1″ x 1″<br /> • <strong>P máx. [ PSI ]</strong> 86<br /> • <strong>Q MAX [ LPM ]</strong> 120<br /> • <strong>Protocolos de comunicación</strong> WI-FI<br /> • <strong>Inverter</strong> integrado<br /> •<strong> Pantalla LCD</strong> en alta resolución 70×40 mm<br /> • <strong>Dimensiones</strong> 26 L X 35 An X 56,5 Al<br /> • <strong>Peso</strong> 27 kg</p>","<p><em>Los productos originales pueden variar ligeramente respecto a las fotos, la información en esta ficha está sujeta a cambios sin previo aviso.</em></p> <h2>Sistemas de presión inteligentes Silencioso</h2> <p><strong>ESYBOX 2hp 220 voltios 10AMP Altura máxima de 86 metros Caudal máximo 120 litros/min Fácil conexión, eficiente en la optimización de espacio (Silencioso)</strong></p> <p><strong>Una innovación revolucionaria</strong><br /> Grupo de presión patentado de alto rendimiento y mayor eficiencia. Con su diseño compacto es fácil de instalar, mantener y operar. Máxima satisfacción para el instalador y usuario final. EsyBox ha cambiado la forma en que las personas utilizan nuestro recurso más importante, el agua. Puede crear grupos de bombas agrupando dos o hasta cuatro bombas juntas.</p> <ul> <li>Compacto y completamente integrado, es adecuado para su uso con agua potable, en sistemas domésticos y aplicaciones de jardinería.</li> <li>Controlar la presión del agua en casa jamás ha sido tan fácil y silencioso.</li> </ul> <p><strong>Presión constante para el máximo confort</strong><br /> A continuación de la configuración la presión deseada, esybox la mantiene constante en todos los grifos.</p> <p><strong>Integrado todo en uno</strong><br /> Inmediatamente que las tuberías de impulsión y aspiración están conectadas, no necesita ningún otro accesorio para su instalación y funcionamiento.</p> <p><strong>Wireless a bordo</strong></p> <p><strong>Máxima versatilidad 3 posiciones de instalación</strong><br /> Horizontal, vertical o en la pared, EsyBox puede instalarse prácticamente en cualquier lugar dentro o fuera de la casa.</p> <p><strong>Ruido ultra bajo diseñado para el relax</strong><br /> Optimizado para ser aún más silencioso</p> <p><strong>Uso</strong><br /> Villas y pequeños condominios de hasta 6 pisos y de 9 apartamentos.</p> <p> </p>",sistema-de-presion-inteligente-esybox-2hp-220v-silencioso,"Venta de Sistemas De Presión Inteligentes Garantizan el confort de la presión constante en un sistema hidráulico, con tecnología inverter. Envíos a todo Colombia.",7039000,7039000,ESYBOX,Bombas y agua,
ESYBOX MINI,Sistema De Presión Inteligente ESYBOX MINI 1hp 110/220V (Silencioso),"<h2>ESYBOX MINI</h2> <p>• <strong>Potencia</strong> 1.0hp<br /> • <strong>Voltaje</strong> 110/220V<br /> •<strong> Fases</strong> 1<br /> • <strong>AMP</strong> 9,6/4,8<br /> • <strong>S X D [ PULG]</strong> 1″ x 1″<br /> • <strong>P max [ PSI ]</strong> 78<br /> • <strong>Q MAX [ LPM ]</strong> 80<br /> • <strong>Protocolos de comunicación</strong> WI-FI<br /> • <strong>Inverter</strong> integrado<br /> • <strong>Pantalla LCD</strong> en alta resolución 70×40 mm<br /> • <strong>Dimensiones</strong> 24 L X 27 An X 44 Al<br /> • <strong>Peso</strong> 14.6 kg</p>","<p><em>Los productos originales pueden variar ligeramente respecto a las fotos, la información en esta ficha está sujeta a cambios sin previo aviso.</em></p> <h2>Sistemas de presión inteligentes Silencioso</h2> <p><strong>ESYBOX MINI</strong> <strong>1hp 110/220 voltios 9,6/4,8 AMP Altura máxima de 78 metros Caudal máximo 80 litros/min Fácil conexión, eficiente en la optimización de espacio (Silencioso) conexión de wifi incluida para conexión con teléfonos.</strong></p> <p><strong>SISTEMAS ELECTRÓNICOS DE PRESIÓN CONSTANTE – COMPACTOS</strong></p> <ul> <li>No necesita ningún componente adicional para su funcionamiento.</li> <li>Conexión Wi Fi incluida, para conexión con teléfonos inteligentes, o a través de redes Wi Fi.</li> <li>Incluye sensores de presión y flujo.</li> <li>Verdadera pantalla LCD de alta resolución ajustable.</li> <li>Incluye tanque de expansión de diafragma de alta calidad con 05 años de garantía.</li> <li>La doble succión y descarga permite su instalación tanto vertical como horizontal.</li> <li>Su tamaño compacto permite su instalación en lugares de difícil acceso.</li> <li>Rangos de temperatura: 0 °C hasta + 40 °C.</li> <li>Máxima capacidad de succión: 8 mts (SNMM)- Máxima temperatura ambiente: + 50 °C.</li> <li>Máxima presión de trabajo: 108 PSI (mini³) - 116 PSI (Esybox)</li> <li>Protección IPX4</li> <li>Aislamiento clase F.</li> </ul> <p><strong>El hidroneumático hecho a medida para el hogar</strong><br /> Un hidroneumático compacto y silencioso con un desempeño adecuado para vivienda unifamiliar.</p> <p>Ideal para gestionar la presurización del agua de los sistemas domésticos y de jardín. En un espacio muy pequeño, utiliza las tecnologías DAB más avanzadas para permitir una presión constante, lo que garantiza una reducción del ruido y del consumo gracias al inversor integrado.</p> <p><strong>Mínimo espacio, máxima eficacia</strong><br /> Puede ser instalado debajo del fregadero de la cocina, manteniendo un alto rendimiento y una presión constante en toda la casa y el jardín.</p> <p><strong>Presión constante para el máximo confort</strong><br /> Una vez configurada la presión deseada, EsyBox Mini la mantiene constante en todos los grifos.</p> <p><strong>Integrado todo en uno</strong><br /> Inmediatamente que las tuberías de impulsión y aspiración están conectadas, no necesita ningún otro accesorio para su instalación y funcionamiento</p> <p><strong>Uso</strong><br /> Apartamentos de hasta 3 pisos, 2 baños y 50m2 de jardín.</p> <p> </p>",sistema-de-presion-inteligente-esybox-mini-1hp-110-220v-silencioso,"Venta de Sistemas De Presión Inteligentes Garantizan el confort de la presión constante en un sistema hidráulico, con tecnología inverter. Envíos a todo Colombia.",4769000,4769000,ESYBOX,Bombas y agua,
EF60F-T,Motor Fuera De Borda HIDEA EF60F-T motor 60hp 4t 5000RPM-5800RPM pata larga Mando Remoto,"<h2>Motor para embarcaciones</h2> <ul> <li><strong>Mando Remoto</strong> 126kg</li> <li><strong>Potencia de salida</strong> 44.1 kW (60HP)</li> <li><strong>Rango máximo</strong> 5000-5800 rpm</li> <li><strong>Tipo de motor</strong> L4, 4 tiempos</li> <li><strong>Cilindrada</strong> 996 cc</li> <li><strong>Diámetro por carrera</strong> 65 X 75 mm</li> <li><strong>Peso</strong> 126 kg</li> </ul>","<p><em>Los productos originales pueden variar ligeramente respecto a las fotos, la información en esta ficha está sujeta a cambios sin previo aviso.</em></p> <h2>Motor Fuera De Borda</h2> <p><strong>EF60F-T  HIDEA motor 60hp 4t 5000RPM-5800RPM pata larga Mando Remoto 126kg</strong></p> <p>El <strong>Motor Fuera De Borda HIDEA</strong> elección perfecta para aquellos que buscan potencia y rendimiento en su embarcación. Con su diseño compacto y eficiente, este motor ofrece una <strong>experiencia de navegación excepcional</strong>, especialmente para aplicaciones comerciales de <strong>pesca y transporte</strong>.</p> <ul> <li><strong>Mando</strong> Remoto</li> <li><strong>Potencia de salida:</strong> 44.1 kW (60HP)</li> <li><strong>Rango máximo:</strong> 5000-5800 rpm</li> <li><strong>Tipo de motor:</strong> L4, 4 tiempos</li> <li><strong>Cilindrada:</strong> 996 cc</li> <li><strong>Diámetro por carrera:</strong> 65 X 75 mm</li> <li><strong>Relación de transmisión:</strong> (1.85)</li> <li><strong>Palanca de cambio:</strong> F-N-R</li> <li><strong>Sistema de encendido:</strong> ECM</li> <li><strong>Sistema de arranque:</strong> Eléctrico</li> <li><strong>Sistema de mandos:</strong> Manuales</li> <li><strong>Tanque de combustible</strong>: 24</li> <li><strong>Peso:</strong> 126 kg</li> </ul>",motor-fuera-de-borda-hidea-ef60f-t-motor-60hp-4t-5000rpm-5800rpm-pata-larga,"Venta de Motor fuera de borda HIDEA EF60F-T pata larga Mando Remoto, ideal para aumentar la potencia de las embarcaciones. Envíos a toda Colombia.",27999000,27999000,HIDEA,Motores,
75FHL-D,Motor Fuera De Borda HIDEA 75FHL-D motor 75hp 2t 4500rpm-5500rpm pata larga,"<h2>Motor para embarcaciones</h2> <ul> <li><strong>RPM</strong> 4500 – 5500</li> <li><strong>Cilindrada</strong> 1140 cc</li> <li><strong>Encendido</strong> CDI</li> <li><strong>Capacidad Del Tanque De Combustible</strong> 24 litros</li> <li><strong>Arranque</strong> Manual y Eléctrico</li> <li><strong>Potencia de salida</strong> 55.2 kw</li> <li><strong>Rango máximo</strong> 4500-5500 rpm</li> <li><strong>Tipo de motor</strong> L3, 2 tiempos</li> <li><strong>Cilindrada</strong> 1140 cc</li> <li><strong>Peso</strong> 114 Kg</li> </ul>","<p><em>Los productos originales pueden variar ligeramente respecto a las fotos, la información en esta ficha está sujeta a cambios sin previo aviso.</em></p> <h2>Motor Fuera De Borda</h2> <p><strong>75FHL-D HIDEA motor 75hp 2t 4500rpm-5500rpm pata larga 114kg</strong></p> <p>El <strong>Motor Fuera De Borda HIDEA</strong> elección perfecta para aquellos que buscan potencia y rendimiento en su embarcación. Con su diseño compacto y eficiente, este motor ofrece una <strong>experiencia de navegación excepcional</strong>, especialmente para aplicaciones comerciales de <strong>pesca y transporte</strong>.</p> <p>Diseñado para que pueda llevarlo a cualquier parte. El tanque de combustible incorporado hace que instalación del motor sea muy fácil.</p> <ul> <li><strong>Potencia de salida:</strong> 55.2 kw</li> <li><strong>Rango máximo:</strong> 4500-5500 rpm</li> <li><strong>Tipo de motor:</strong> L3, 2 tiempos</li> <li><strong>Cilindrada:</strong> 1140 cc</li> <li><strong>Diámetro por carrera:</strong> 82 x 72 mm</li> <li><strong>Relación de transmisión:</strong> 2.00</li> <li><strong>Palanca de cambio:</strong> F-N-R</li> <li><strong>Sistema de encendido:</strong> CDI</li> <li><strong>Sistema de arranque:</strong> Manual</li> <li><strong>Sistema de mandos:</strong> Manuales</li> <li><strong>Tanque de combustible:</strong> 24 L Externo</li> </ul> <p> </p> <ul> <li><strong>RPM</strong> 4500 - 5500</li> <li><strong>Cilindrada</strong> 1140 cc</li> <li><strong>Peso</strong> 114 Kg</li> <li><strong>Encendido</strong> CDI</li> <li><strong>Capacidad Del Tanque De Combustible</strong> 24 litros</li> <li><strong>Arranque</strong> Manual y Eléctrico</li> </ul>",motor-fuera-de-borda-hidea-75fhl-d-motor-75hp-2t-4500rpm-5500rpm-pata-larga,"Venta de Motor fuera de borda HIDEA 75FHL-D pata larga , ideal para aumentar la potencia de las embarcaciones. Envíos a toda Colombia.",22499000,22499000,HIDEA,Motores,
15FHL,Motor Fuera De Borda HIDEA 15FHL motor 15hp 2t 4500rpm-5500rpm pata larga,"<h2>Motor para embarcaciones</h2> <ul> <li><strong>RPM</strong> 4500 – 5500</li> <li><strong>Cilindrada</strong> 246cc</li> <li><strong>Encendido</strong> CDI</li> <li><strong>Capacidad Del Tanque De Combustible</strong> 24 litros</li> <li><strong>Arranque</strong> Manual</li> <li><strong>Mando Caña</strong> del timón</li> <li><strong>Potencia de salida</strong> 11kW (15HP)</li> <li><strong>Rango máximo</strong> 4500-5500 rpm</li> <li><strong>Tipo de motor</strong> L2, 2 tiempos</li> <li><strong>Peso</strong> 36 Kg</li> </ul>","<p><em>Los productos originales pueden variar ligeramente respecto a las fotos, la información en esta ficha está sujeta a cambios sin previo aviso.</em></p> <h2>Motor Fuera De Borda</h2> <p><strong>15FHL HIDEA motor 15hp 2t 4500rpm-5500rpm pata larga 36Kg</strong></p> <p>El <strong>Motor Fuera De Borda HIDEA</strong> elección perfecta para aquellos que buscan potencia y rendimiento en su embarcación. Con su diseño compacto y eficiente, este motor ofrece una <strong>experiencia de navegación excepcional</strong>, especialmente para aplicaciones comerciales de <strong>pesca y transporte</strong>.</p> <ul> <li><strong>Potencia de salida</strong> 11kW (15HP)</li> <li><strong>Rango máximo</strong> 4500-5500 rpm</li> <li><strong>Tipo de motor</strong> L2, 2 tiempos</li> <li><strong>Cilindrada</strong> 246 cc</li> <li><strong>Diámetro por carrera</strong> 56 x 50 mm</li> <li><strong>Peso</strong> S: 36 kg - L: 38 kg</li> <li><strong>Relación de transmisión</strong> 27:13 (2,08)</li> <li><strong>Palanca de cambio</strong> F-N-R</li> <li><strong>Sistema de encendido</strong> CDI</li> <li><strong>Sistema de arranque</strong> Manual</li> <li><strong>Sistema de mandos</strong> Manuales</li> <li><strong>Tanque de combustible</strong> 24 L Externo</li> </ul> <p><strong>Pata larga</strong></p> <p>• <strong>Diámetro por carrera</strong> 56 x 50<br /> •<strong> Posición de cambio</strong> F-N-R<br /> •<strong> Refrigerado</strong> por agua</p>",motor-fuera-de-borda-hidea-15fhl-motor-15hp-2t-4500rpm-5500rpm-pata-larga,"Venta de Motor fuera de borda HIDEA 15FHL pata larga , ideal para aumentar la potencia de las embarcaciones. Envíos a toda Colombia.",6469000,6469000,HIDEA,Motores,
15FHS,Motor Fuera De Borda HIDEA 15FHS motor 15hp 2t 4500rpm-5500rpm pata corta,"<h2>Motor para embarcaciones</h2> <ul> <li><strong>RPM</strong> 4500 – 5500</li> <li><strong>Cilindrada</strong> 246cc</li> <li><strong>Encendido</strong> CDI</li> <li><strong>Capacidad Del Tanque De Combustible</strong> 24 litros</li> <li><strong>Arranque</strong> Manual</li> <li><strong>Mando</strong> Caña del timón</li> <li><strong>Potencia de salida</strong> 11kW (15HP)</li> <li><strong>Rango máximo</strong> 4500-5500 rpm</li> <li><strong>Tipo de motor</strong> L2, 2 tiempos</li> <li><strong>Cilindrada</strong> 246 cc</li> <li><strong>Peso</strong> 36 Kg</li> </ul>","<p><em>Los productos originales pueden variar ligeramente respecto a las fotos, la información en esta ficha está sujeta a cambios sin previo aviso.</em></p> <h2>Motor Fuera De Borda</h2> <p><strong>15FHS Motor fuera de borda HIDEA motor 15hp 2t 4500rpm-5500rpm pata corta</strong></p> <p>El <strong>Motor Fuera De Borda HIDEA</strong> elección perfecta para aquellos que buscan potencia y rendimiento en su embarcación. Con su diseño compacto y eficiente, este motor ofrece una <strong>experiencia de navegación excepcional</strong>, especialmente para aplicaciones comerciales de <strong>pesca y transporte</strong>.</p> <ul> <li><strong>Potencia de salida:</strong> 11kW (15HP)</li> <li><strong>Rango máximo:</strong> 4500-5500 rpm</li> <li><strong>Tipo de motor:</strong> L2, 2 tiempos</li> <li><strong>Cilindrada:</strong> 246 cc</li> <li><strong>Diámetro por carrera:</strong> 56 x 50 mm</li> <li><strong>Peso: </strong>S: 38 kg - L: 41 kg</li> <li><strong>Relación de transmisión:</strong> 27:13 (2,08)</li> <li><strong>Palanca de cambio:</strong> F-N-R</li> <li><strong>Sistema de encendido:</strong> CDI</li> <li><strong>Sistema de arranque:</strong> Manual</li> <li><strong>Sistema de mandos:</strong> Manuales</li> <li><strong>Tanque de combustible:</strong> 24 L Externo</li> <li><strong>Incluye toma de carga</strong> de 12 voltios</li> </ul> <p> </p> <ul> <li><strong>RPM</strong> 4500 - 5500</li> <li><strong>Cilindrada</strong> 246cc</li> <li><strong>Peso</strong> 36 Kg</li> <li><strong>Encendido</strong> CDI</li> <li><strong>Capacidad Del Tanque De Combustible</strong> 24 litros</li> <li><strong>Arranque</strong> Manual</li> <li><strong>Mando Caña</strong> del timón</li> </ul> <p> </p>",motor-fuera-de-borda-hidea-15fhs-motor-15hp-2t-4500rpm-5500rpm-pata-corta,"Venta de Motor fuera de borda HIDEA 15FHS pata corta, ideal para aumentar la potencia de las embarcaciones. Envíos a toda Colombia.",6349000,6349000,HIDEA,Motores,
9.8FHS,Motor Fuera De Borda HIDEA 9.8FHS motor 9.8hp 2t 4500rpm-5500rpm pata corta,<h2>Motor para embarcaciones</h2> <ul> <li><strong>RPM</strong> 4500 – 5500</li> <li><strong>Cilindrada</strong> 196 cc</li> <li><strong>Encendido</strong> CDI</li> <li><strong>Capacidad Del Tanque De Combustible</strong> 2.5 litros</li> <li><strong>Arranque</strong> Manual</li> <li><strong>Peso</strong> 36 Kg</li> </ul>,"<p><em>Los productos originales pueden variar ligeramente respecto a las fotos, la información en esta ficha está sujeta a cambios sin previo aviso.</em></p> <h2>Motor Fuera De Borda</h2> <p><strong>9.8FHS HIDEA motor 9.8hp 2t 4500rpm-5500rpm pata corta 36kg</strong></p> <p>El <strong>Motor Fuera De Borda HIDEA</strong> elección perfecta para aquellos que buscan potencia y rendimiento en su embarcación. Con su diseño compacto y eficiente, este motor ofrece una <strong>experiencia de navegación excepcional</strong>, especialmente para aplicaciones comerciales de <strong>pesca y transporte</strong>.</p> <p>Diseñado para que pueda llevarlo a cualquier parte. El tanque de combustible incorporado hace que instalación del motor sea muy fácil.</p> <ul> <li><strong>RPM</strong> 4500 - 5500</li> <li><strong>Cilindrada</strong> 196 cc</li> <li><strong>Encendido</strong> CDI</li> <li><strong>Capacidad Del Tanque De Combustible</strong> 2.5 litros</li> <li><strong>Arranque</strong> Manual</li> <li><strong>Peso</strong> 36 Kg</li> </ul>",motor-fuera-de-borda-hidea-9-8fhs-motor-9-8hp-2t-4500rpm-5500rpm-pata-corta,"Venta de Motor fuera de borda HIDEA 9.8FHS pata corta, ideal para aumentar la potencia de las embarcaciones. Envíos a toda Colombia.",5249000,5249000,HIDEA,Motores,
5FHS,Motor Fuera De Borda HIDEA 5FHS motor 5hp 2t 4500rpm-5500rpm pata corta,"<h2>Motor para embarcaciones</h2> <ul> <li><strong>Potencia de salida</strong> 3.7 kW (5HP)</li> <li><strong>Rango máximo</strong> 4500-5500 rpm</li> <li><strong>Tipo de motor</strong> L1, 2 tiempos</li> <li><strong>Cilindrada</strong> 102 cc</li> <li><strong>RPM</strong> 4500 – 5500</li> <li><strong>Cilindrada</strong> 102 cc</li> <li><strong>Encendido</strong> CDI</li> <li><strong>Capacidad Del Tanque De Combustible</strong> 2.5 litros</li> <li><strong>Arranque</strong> Manual</li> <li><strong>Mando Caña</strong> del timón</li> <li><strong>Peso</strong> 21 kg</li> </ul> <p>Ideal para botes de pesca pequeños, botes inflables y botes auxiliares.</p>","<p><em>Los productos originales pueden variar ligeramente respecto a las fotos, la información en esta ficha está sujeta a cambios sin previo aviso.</em></p> <h2>Motor Fuera De Borda</h2> <p><strong>5FHS HIDEA 5FHS motor 5hp 2t 4500rpm-5500rpm pata corta 21kg</strong></p> <p>El <strong>Motor Fuera De Borda HIDEA</strong> elección perfecta para aquellos que buscan potencia y rendimiento en su embarcación. Con su diseño compacto y eficiente, este motor ofrece una <strong>experiencia de navegación excepcional</strong>, especialmente para aplicaciones comerciales de <strong>pesca y transporte</strong>.</p> <ul> <li>Peso ligero y fácil de transportar.</li> <li>Seis capas de pintura y buena resistencia a la corrosión.</li> <li>Navegue en su lugar de pesca favorito con absoluta confianza.</li> <li>Ideal para botes de pesca pequeños, botes inflables y botes auxiliares.</li> <li>Viene de serie con propulsión para aguas poco profundas, una característica extremadamente útil cuando se abordan ríos y arroyos.</li> </ul> <p> </p> <ul> <li><strong>Potencia de salida</strong>: 3.7 kW (5HP)</li> <li><strong>Rango máximo:</strong> 4500-5500 rpm</li> <li><strong>Tipo de motor:</strong> L1, 2 tiempos</li> <li><strong>Cilindrada:</strong> 102 cc</li> <li><strong>Diámetro por carrera</strong>: 55x43 mm</li> <li><strong>Relación de transmisión</strong>: 27:13 (2.08)</li> <li><strong>Palanca de cambio:</strong> F-N-R</li> <li><strong>Sistema de encendido</strong>: CDI</li> <li><strong>Sistema de arranque:</strong> Manual</li> <li><strong>Sistema de mandos:</strong> Manuales</li> </ul>",motor-fuera-de-borda-hidea-5fhs-motor-5hp-2t-4500rpm-5500rpm-pata-corta,"Venta de Motor fuera de borda HIDEA 5FHS pata corta, ideal para aumentar la potencia de las embarcaciones. Envíos a toda Colombia.",3799000,3799000,HIDEA,Motores,
LHS520,"Motor Fuera De Borda HIDEA LHS520 motor 2,5hp 2t pata corta",<h2>Motor para embarcaciones</h2> <ul> <li><strong>Motor</strong> 2 Tiempos</li> <li><strong>Modelo</strong> LHS520</li> <li><strong>Cilindrada</strong> 52 cm3</li> <li><strong>Capacidad Del Tanque De Combustible</strong> 1.1 Litros</li> <li><strong>Capacidad Aceite</strong> Del Motor 45 cc</li> <li><strong>Potencia Máxima</strong> 1.82 Kw (2.5 HP)</li> <li><strong>Tipo De Motor</strong> Enfriado por aire</li> <li><strong>Peso</strong> 8.5 Kg</li> </ul> <p>Ideal para pequeñas embarcaciones.</p>,"<p><em>Los productos originales pueden variar ligeramente respecto a las fotos, la información en esta ficha está sujeta a cambios sin previo aviso.</em></p> <h2>Motor Fuera De Borda</h2> <p><strong>LHS520HIDEA LHS520 motor 2,5hp 2t pata corta 8,5kg</strong></p> <p>El <strong>Motor Fuera De Borda HIDEA</strong> elección perfecta para aquellos que buscan potencia y rendimiento en su embarcación. Con su diseño compacto y eficiente, este motor ofrece una <strong>experiencia de navegación excepcional</strong>, especialmente para aplicaciones comerciales de <strong>pesca y transporte</strong>.</p> <ul> <li><strong>Motor</strong> 2 Tiempos</li> <li><strong>Cilindrada</strong> 52 cm3</li> <li><strong>Capacidad Del Tanque De Combustible</strong> 1.1 Litros</li> <li><strong>Capacidad Aceite Del Motor</strong> 45 cc</li> <li><strong>Potencia Máxima</strong> 1.82 Kw (2.5 HP)</li> <li><strong>Tipo De Motor</strong> Enfriado por aire</li> <li><strong>Mezcla de combustible</strong> 50:1</li> <li><strong>Potencia máx. de salida</strong> 1.82 KW (2.5 HP)</li> <li><strong>Relación de transmisión</strong> 2.08 (27/13)</li> <li><strong>Aceite recomendado para la transmisión</strong> SAE #90</li> <li><strong>Tamaño de la hélice</strong> 7 1/4” * 5</li> <li><strong>Dimensiones de empaque</strong> 415*310*1025 mm</li> <li><strong>Sistema de encendido</strong> Sistema CDI</li> <li><strong>Lubricante recomendado para el motor</strong> 2 Tiempos JASO FD Sintético</li> </ul> <p> </p>",motor-fuera-de-borda-hidea-lhs520-motor-25hp-2t-pata-corta,"Venta de Motor fuera de borda HIDEA LHS520 pata corta, ideal para aumentar la potencia de las embarcaciones. Envíos a toda Colombia.",849000,849000,HIDEA,Motores,
EU3000IS,"Planta Electrica EU3000IS HONDA SILENCIOSA Inverter 3000watt Monofasica, Arranque Manual 120V","<h2>Generador <span style=""font-size: 24px;"">Eléctrico</span></h2> <ul> <li><strong>Referencia</strong> EU3000IS</li> <li><strong>Desplazamiento</strong> 196cc</li> <li><strong>Salida de CA</strong> 120 V 3000 W máx. (25 A) 2800 W nominal (23,3 A)</li> <li><strong>Receptáculos Dúplex</strong> de 20 A y 125 V, enchufe con bloqueo de 30 A y 125 V</li> <li><strong>Salida CC</strong> ESO</li> <li><strong>Sistema de arranque</strong> Retroceso, eléctrico</li> <li><strong>Capacidad del tanque de combustible</strong> 3,4 galones.</li> <li><strong>Nivel de ruido</strong> 57 dB(A) a carga nominal, 50 dB(A) a 1/4 de carga</li> <li><strong>Dimensiones (L x An x Al):</strong>  65 x 44 x 56</li> <li><strong>Peso: </strong>59.2Kg</li> </ul>","<p><em>Los productos originales pueden variar ligeramente respecto a las fotos, la información en esta ficha está sujeta a cambios sin previo aviso.</em></p> <h2><b>Planta eléctrica silenciosa</b></h2> <p><b>EU3000IS HONDA SILENCIOSA Inverter 3000watt Monofásica, Arranque Manual 120V</b></p> <p><strong>Características</strong></p> <p><strong>Súper silencioso:</strong> menos ruido que una conversación normal<br /> Tan silencioso que tus vecinos te lo agradecerán. El EU3000iS funciona entre 50 y 57 dB(A), que es menos ruido que una conversación normal. Esto lo hace ideal para acampar, alimentar vehículos recreativos y cualquier otra actividad que requiera un funcionamiento silencioso.</p> <p>Excelente fuente de energía para vehículos recreativos, incluidas unidades de aire acondicionado de 13 500 BTU y energía básica de respaldo para el hogar</p> <p>Este popular modelo puede operar una amplia variedad de electrodomésticos, incluidos un horno, un refrigerador, un microondas, la mayoría de las unidades de aire acondicionado para vehículos recreativos de 13,500 BTU y mucho más. Eche un vistazo a la pestaña de aplicaciones para ver más ejemplos.</p> <p><strong>Protegido por Oil Alert ®</strong><br /> Protege el generador apagando el motor cuando se detecta nivel bajo de aceite.</p> <p><strong>Circuito protegido</strong><br /> Protege el generador de sobrecargas.</p> <p> </p> <p><strong>Aplicaciones</strong></p> <p>Este generador puede alimentar las siguientes aplicaciones comunes. Tenga en cuenta: no todas las aplicaciones pueden funcionar simultáneamente.</p> <p>• Aire acondicionado para vehículos recreativos (hasta 13500 BTU)<br /> • Refrigerador o Congelador (Energy Star)<br /> • Horno microondas<br /> • Luces incandescentes<br /> • Abanico portátil<br /> • Ventilador de horno, gas o fuel oil<br /> • Televisión/DVD<br /> • Secador de pelo<br /> • Cafetera<br /> • Computadora<br /> • Abridor de puerta de garaje<br /> • Licuadora</p> <p> </p> <h2><a href=""https://equipmaster.com.co/plantas-electricas/consejos-que-debe-tener-en-cuenta-para-elegir-una-planta-electrica/"">Consejos que debe tener en cuenta para elegir una Planta Eléctrica</a></h2> <h2><a href=""https://equipmaster.com.co/plantas-electricas/antes-de-adquirir-una-planta-electrica-conozca-los-tipos-que-existen/"">Antes de Adquirir una Planta Eléctrica Conozca los Tipos que Existen</a></h2> <p><span style=""color: #ffffff;"">planta eléctrica Homecenter </span></p>",planta-electrica-eu3000is-honda-silenciosa-inverter-3000watt-monofasica-arranque-manual-120v,"Venta de Planta Eléctrica EU3000IS HONDA SILENCIOSA Inverter 3000watt Monofásica, Arranque Manual 120V. Envíos a toda Colombia.",15389000,15389000,HONDA,Energía,
460-EHPW22,"Hidrolavadora Eléctrica de pistón MASTER/ KTC 2,200psi 386Litros/hora 2,2kw",<h2><b>Hidrolavadora <strong>de pistón</strong></b></h2> <ul> <li><strong>Referencia </strong>460-EHPW22</li> <li><strong>Tipo</strong> Triplex</li> <li><strong>Presión Máxima</strong> 2200 PSI</li> <li><strong>Caudal Máximo</strong> 1.7 gpm (6.4 l/min)</li> <li><strong>Velocidad de Trabajo</strong> 1700 rpm</li> <li><strong>Tipo</strong> Eléctrico / Monofásico / Multivoltaje / 4 polos</li> <li><strong>Potencia de Entrad</strong>a 3.0 Hp (2200 W)</li> <li><strong>Voltaje de Entrada</strong> 115 / 230 VAC</li> <li><strong>Frecuencia de Entrada</strong> 60 Hz</li> <li><strong>Regulador de Presión</strong> Si</li> <li><strong>Válvula de Alivio Térmico</strong> Si</li> <li><strong>Inyector de Detergente</strong> Tubo de Sifón</li> <li><strong>Suministro de Agu</strong>a Por grifo</li> </ul>,"<p><em>Los productos originales pueden variar ligeramente respecto a las fotos, la información en esta ficha está sujeta a cambios sin previo aviso.</em></p> <h2><b>Hidrolavadora </b></h2> <div class=""elementor-element elementor-element-1deec8b elementor-widget elementor-widget-text-editor"" data-id=""1deec8b"" data-element_type=""widget"" data-widget_type=""text-editor.default""> <div class=""elementor-widget-container""> <div class=""elementor-text-editor elementor-clearfix""> <div class=""elementor-element elementor-element-e4b3134 elementor-widget elementor-widget-text-editor"" data-id=""e4b3134"" data-element_type=""widget"" data-widget_type=""text-editor.default""> <div class=""elementor-widget-container""> <div class=""elementor-text-editor elementor-clearfix""> <div class=""elementor-element elementor-element-e869583 elementor-widget elementor-widget-text-editor"" data-id=""e869583"" data-element_type=""widget"" data-widget_type=""text-editor.default""> <div class=""elementor-widget-container""> <div class=""elementor-text-editor elementor-clearfix""> <p><strong>Eléctrica de pistón MASTER/ KTC 460-EHPW22 2,200psi 386Litros/hora 2,2kw, 115/230v, </strong><strong>incluye Pistola 10 metros de manguera en alma de acero, 5 boquillas y la manguera con filtro para aplicación de detergente.</strong></p> </div> <p>• Motor Monofásico Multivoltaje NEMA de alto desempeño y durabilidad.<br /> • Bomba con sellos Alemanes PARKER - Otorgan una alta durabilidad de hasta 3 veces superior que las demás del mercado.<br /> • Pistones con recubrimiento cerámico reforzado – Proporciona mayor duración y resistencia al desgaste ala bomba<br /> • Cuenta con válvula de alivio térmico – Protege los sellos de la bomba evitando que el agua dentro la bomba se caliente y queme los sellos.</p> </div> <p><strong>Aplicaciones recomendadas </strong><br /> • Limpieza de Fachadas, cercas, rejas, de Senderos o Caminos de Concreto<br /> • Lavado de Vehículos, Trailers, Tractores, Embarcaciones, etc.<br /> • Remoción de Manchas de Aceite en Superficies<br /> • Saneamiento<br /> • Construcción.</p> <p>•<strong> Tipo</strong> Triplex<br /> • <strong>Presión Máxima</strong> 2200 PSI<br /> • <strong>Caudal Máximo</strong> 1.7 gpm (6.4 l/min)<br /> • <strong>Reductor</strong> No<br /> • <strong>Velocidad de Trabajo</strong> 1700 rpm<br /> • <strong>Material Pistone</strong>s Acero Inoxidable con Recubrimiento Cerámico Reforzado<br /> • <strong>Material Cabezal</strong> Bomba Aleación de Bronce Forjada<br /> • <strong>Material del Cárter</strong> Fundición Anodizada de Aluminio<br /> • <strong>Inyector de Detergente</strong> Tubo de Sifón<br /> • <strong>Aceite de Lubricación Estándar</strong> SAE 15W40 sin detergente y Antiespumante / ISO 68 / SAE 30W sin Detergente</p> <p><strong>Motor</strong><br /> • Norma de Fabricación NEMA<br /> • Embobinado 100 % Cobre<br /> • Tipo Eléctrico / Monofásico / Multivoltaje / 4 polos<br /> • Potencia de Entrada 3.0 Hp (2200 W)<br /> • Voltaje de Entrada 115 / 230 VAC<br /> • Frecuencia de Entrada 60 Hz<br /> • Velocidad Nominal 1700 rpm<br /> • Clavija No incluida</p> <div class=""elementor-widget-container""> <div class=""elementor-text-editor elementor-clearfix""> <h2 class=""wd-entities-title title post-title""><a href=""https://equipmaster.com.co/aseo-y-limpieza/que-hay-que-tener-en-cuenta-al-comprar-una-hidrolavadora/""><strong>¿Qué hay que tener en Cuenta al Comprar una Hidrolavadora?</strong></a></h2> </div> </div> </div> </div> </div> </div> </div> </div> </div>",hidrolavadora-electrica-de-piston-master-ktc-2200psi-386litros-hora-22kw,"Venta de Hidrolavadora Eléctrica de pistón MASTER/ KTC 2,200psi 386Litros/hora 2,2kw, 115/230v, contamos con amplio catálogo. Asesoría especializada, Envíos a todo Colombia.",3739000,3739000,MASTER,Lavado y limpieza,
FD500D,Motor DIESEL FD500D FORTE 13hp 3600rpm,"<h2>Motores diesel en venta</h2> <ul> <li><strong>Torque</strong> 22 N.m @ 2,400 rpm</li> <li><strong>Desplazamiento</strong> 498 c.c.</li> <li><strong>Capacidad de tanque</strong> 4.5 L</li> <li><strong>Capacidad de aceite</strong> 1.6 L</li> <li><strong>Potencia Máxima</strong> 13 HP</li> <li><strong>Arranque</strong> Manual</li> <li><strong>Revoluciones por minuto</strong> 3.600 rpm</li> <li><strong>Tipo de eje</strong> cuña</li> <li><strong>Dimensiones</strong> 52x47x58 cm</li> <li><strong>Peso</strong> 55 kg</li> </ul>","<p><em>Los productos originales pueden variar ligeramente respecto a las fotos, la información en esta ficha está sujeta a cambios sin previo aviso.</em></p> <h2><strong>Motor DIESEL</strong></h2> <p><strong>FORTE  FD500D 13hp 3600rpm</strong></p> <p>Motor forte Diésel eje de cuña ø 1"" con arranque manual, adecuado para ensamblar en estructuras de construcción, agrícolas y aplicaciones de bombeo. Tiene una potencia de 13 Hp, 3.600 rpm, capacidad de tanque de 4.5 L, capacidad de aceite 1.6 L.</p> <p><strong> Aplicaciones:</strong></p> <ul> <li>Equipos de construcción</li> <li>Minería</li> <li>Bombas de agua</li> <li>Picapastos</li> <li>Fumigadoras estacionarias.</li> </ul> <h3><a href=""https://equipmaster.com.co/motores/claves-para-verificar-la-salud-de-tu-motor-diesel/""><strong>Claves para Verificar la Salud de tu Motor Diésel</strong></a></h3>",motor-diesel-fd500d-forte-13hp-3600rpm,"Venta de Motor DIESEL FD500D FORTE 13hp 3600rpm, contamos con amplio catálogo. Asesoría especializada, Envíos a todo Colombia.",2379000,2379000,FORTE,Motores,
JTRF400,Molino triturador Forrajero TRAPP JTRF400 motor ELECTRICO 2hp/110v-220v,"<h2><span data-sheets-value=""{""1"":2,""2"":""triturador forrajero""}"" data-sheets-userformat=""{""2"":14337,""3"":{""1"":0,""3"":1},""14"":{""1"":2,""2"":0},""15"":""Calibri"",""16"":11}"">Triturador forrajero</span></h2> <ul> <li><strong>Producción</strong> 700 a 1.400 Kg/h</li> <li><strong>Material</strong> Metal</li> <li><strong>Potencia</strong> 2 HP</li> <li><strong>Tipo maquinaria</strong> jardín Multifuncional</li> <li><strong>Cuenta con ruedas</strong> No</li> <li><strong>Tipo</strong> Multifuncional</li> <li><strong>Alimentación</strong> Eléctrica</li> <li><strong>Voltaje</strong> 110 V;220 V</li> <li><strong>Requiere puesta en marcha</strong> No</li> <li><strong>Dimensiones (L x An x Al):</strong>  86 x 56 x 105</li> <li><strong>Peso:</strong>  60Kg.</li> </ul>","<p><em>Los productos originales pueden variar ligeramente respecto a las fotos, la información en esta ficha está sujeta a cambios sin previo aviso.</em></p> <h2><strong><span data-sheets-value=""{""1"":2,""2"":""Molino triturador Forrajero""}"" data-sheets-userformat=""{""2"":14337,""3"":{""1"":0,""3"":1},""14"":{""1"":2,""2"":0},""15"":""Calibri"",""16"":11}"">Molino triturador Forrajero</span></strong></h2> <p><b>TRAPP JTRF400 motor ELECTRICO 2hp/110v-220v/WEG producción 700-1400kg/h; cuchillas 2 , 10 martillos, (Pica muele y tritura)</b></p> <p>Ideal para picar, triturar y moler forrajes, semillas, cáscaras de cereales, maíz desgranado, caña de azúcar, racimos de yuca y demás hierbas utilizadas para la ración del ganado o ensilaje. Este molino puede ser usado en fincas ganaderas medianas y grandes o por productores agrícolas.</p> <p>Es un molino triturador potente que tiene una capacidad de producción de hasta 1.400 kilos/hora. Este equipo tiene 4 cribas de 0.8mm, 3mm, 5mm y 12mm, tolva removible, motor eléctrico WEG de 2.0 caballos de fuerza, selector de voltaje 110/220 y suiche de encendido.</p> <p> </p> <h2 class=""wd-entities-title title post-title""><strong><a href=""https://equipmaster.com.co/agro-y-jardin/las-herramientas-y-maquinaria-agricola-mas-populares/"">Las Herramientas y Maquinaria Agrícola más populares</a></strong></h2>",molino-triturador-forrajero-trapp-jtrf400-motor-electrico-2hp-110v-220v,"Venta de, Molino triturador Forrajero TRAPP JTRF400 motor ELECTRICO 2hp/110v-220v/WEG . (Pica muele y tritura). Envíos a toda Colombia. Asesoría personal especializada. Somos EQUIPMASTER STORE",2719000,2719000,TRAPP,Agro y ganadería,
460-HGPW30,"Hidrolavadora MASTER KTC Motor gasolina 6,5hp 3000psi arranque manual",<h2>Hidrolavadora Gasolina</h2> <ul> <li><strong>Tipo</strong> Triplex</li> <li><strong>Presión Máxima</strong> 3000 PSI</li> <li><strong>Caudal Máximo</strong> 3.3 gpm (12.5 l/min)</li> <li><strong>Combustible</strong> Gasolina</li> <li><strong>Encendido</strong> Manual</li> <li><strong>Potencia Máxima*</strong> 6.5 Hp / 3600 rpm</li> <li><strong>Torque Nominal</strong> 12.4 Nm / 2500 rpm</li> <li><strong>Cilindraje</strong> 196 cc</li> <li><strong>Filtro de Aire</strong> Doble Elemento</li> <li><strong>Capacidad Tanque de Aceite</strong> 0.6 L</li> <li><strong>Capacidad Tanque Combustible</strong> 3.6 L</li> <li><strong>Dimensiones L x An x Al</strong> 65 x 41.5 x 53.5</li> <li><strong>Peso</strong> 43Kg</li> </ul> <p> </p>,"<p><em>Los productos originales pueden variar ligeramente respecto a las fotos, la información en esta ficha está sujeta a cambios sin previo aviso</em></p> <h2>Hidrolavadora Motor Gasolina</h2> <p><strong>MASTER/KTC 460-HGPW30 Motor gasolina 6,5hp 749litros/hora Presión 3000psi arranque manual</strong></p> <p>• Bomba con sellos Alemanes PARKER – Otorgan una alta durabilidad de hasta 3 veces superior que las demás del mercado.<br /> • Pistones con recubrimiento cerámico reforzado – Proporciona mayor duración y resistencia al desgaste a la bomba<br /> • Cuenta con válvula de alivio térmico – Protege los sellos de la bomba evitando que el agua dentro la bomba se caliente y queme los sellos.<br /> • <strong>Baja vibración</strong> – Gracias a los amortiguadores de goma entre el motor y el marco, junto con las ruedas neumáticas.</p> <p> </p> <p><strong>Bomba</strong></p> <p>• <strong>Presión Máxima</strong> 3000 PSI<br /> •<strong> Caudal Máximo</strong> 3.3 gpm (12.5 l/min)<br /> • <strong>Velocidad de Trabajo</strong> 3600 rpm<br /> • <strong>Material Pistones</strong> Acero Inoxidable con Recubrimiento Cerámico Reforzado<br /> • <strong>Material Cabezal</strong> Bomba Aleación de Bronce Forjada<br /> • <strong>Material del Cárter</strong> Fundición Anodizada de Aluminio<br /> • <strong>Regulador de Presión</strong> Si<br /> • <strong>Válvula de Alivio Térmico</strong> Si<br /> • <strong>Inyector de Detergente</strong> Tubo de Sifón<br /> • <strong>Suministro de Agua</strong> Por grifo o Succión<br /> • <strong>Aceite de Lubricación Estándar</strong> ISO 68 / SAE 30W sin Detergente / SAE 15W40 sin Detergente y Antiespumante</p> <p> </p> <p><strong style=""font-family: Georgia, 'Times New Roman', 'Bitstream Charter', Times, serif;"">Motor</strong></p> <p>• <strong>Tipo</strong> 1 Cilindro / 4 Tiempos / Refrigerado por Aire / OHV<br /> • <strong>Combustible</strong> Gasolina<br /> • <strong>Encendido</strong> Manual<br /> • <strong>Potencia Máxima*</strong> 6.5 Hp / 3600 rpm<br /> • <strong>Torque Nominal</strong> 12.4 Nm / 2500 rpm<br /> • <strong>Cilindraje</strong> 196 cc<br /> • <strong>Velocidad Máxima</strong> 3600 rpm<br /> • <strong>Número de Pistones</strong> 1<br /> • <strong>Sistema de Lubricación</strong> Presión / Salpique<br /> • <strong>Filtro de Aire</strong> Doble Elemento<br /> • <strong>Capacidad Tanque de Aceite</strong> 0.6 L<br /> • <strong>Capacidad Tanque Combustible</strong> 3.6 L<br /> • <strong>Tipo de Eje</strong> Cuña + Rosca</p> <p> </p> <p><strong>Aplicaciones</strong></p> <ul> <li>Limpieza de Fachadas</li> <li>Limpieza de Cercas y Rejas</li> <li>Limpieza de Senderos o Caminos de Concreto</li> <li>Lavado de Vehículos, Trailers, Tractores, Embarcaciones, etc</li> <li>Remoción de Manchas de Aceite en Superficies</li> <li>Saneamiento</li> <li>Construcción</li> <li>Limpieza de Alcantarillados</li> <li>Caballerizas, Corrales, etc.</li> </ul> <h3><a href=""https://equipmaster.com.co/aseo-y-limpieza/que-hidrolavadora-es-mejor-electrica-o-a-gasolina/"">¿Qué Hidrolavadora es Mejor Eléctrica o de Gasolina?</a></h3>",hidrolavadora-master-ktc-motor-gasolina-65hp-3000psi-arranque-manual,"Venta de Hidrolavadora MASTER/KTC 460-HGPW30 Motor gasolina 6,5hp 3000psi arranque manual . Asesoría especializada, Envíos a todo Colombia.",2349000,2349000,MASTER,Lavado y limpieza,
3wz-3000A-ME200,"Hidrolavadora ECOMAX  3wz-3000A-ME200 Motor gasolina 6,5hp","<h2><b>Hidrolavadora <strong>Ecomax</strong></b></h2> <p><strong>• Tipo Mono cilíndrico</strong> 4 tiempos<br /> <strong>• Cilindrada</strong> 196cc<br /> <strong>• Relación de compresión</strong> 8:1<br /> <strong>• Potencia neta</strong> 6.5Hp<br /> <strong>• Tipo de arranque Manual</strong> (retráctil)<br /> <strong>• Consumo a potencia nominal</strong> 1,9 l/h<br /> •<strong> Capacidad de aceite</strong> 0.6l<br /> <strong>• Capacidad tanque combustible</strong> 3.6 l<br /> <strong>• Presión máx</strong> 2300psi<br /> <strong>• Caudal máx</strong> 12.6 ipm<br /> <strong>• Peso</strong> 43Kg<br /> <strong>• Dimensiones L x An x Al</strong> 65x 46 x 55.5</p>","<p><em>Los productos originales pueden variar ligeramente respecto a las fotos, la información en esta ficha está sujeta a cambios sin previo aviso</em></p> <h2>Hidrolavadora</h2> <p><b>ECOMAX 3wz-3000A-ME200 Motor gasolina 6,5hp 756Litros/hora Presión 2300psi arranque manual</b></p> <p>El diseño OHV mejora la eficiencia de combustión. La disposición de las válvulas permite una admisión de mezcla de combustible más homogénea, además de un escape más rápido y completo. Fácil arranque gracias al sistema de descompresión automático y a un pomo de arranque más ergonómico.</p> <p>• Tipo Mono cilíndrico 4 tiempos<br /> • Modo refrigeración Por aire, cilindro inclinado 25°<br /> • Tipo de camisa de cilindro Camisa de acero<br /> • Diámetro x carrera 68x54mm<br /> • Aceite recomendado Enermax 10w-30 API SL<br /> • Capacidad tanque combustible 3.6 l<br /> • Modelo kit 3WZ-3000A</p> <p><a style=""font-size: 24px;"" href=""https://equipmaster.com.co/que-hay-que-tener-en-cuenta-al-comprar-una-hidrolavadora/""><strong>¿Qué hay que tener en Cuenta al Comprar una Hidrolavadora?</strong></a></p>",hidrolavadora-ecomax-3wz-3000a-me200-motor-gasolina-65hp,"Venta de Hidrolavadora ECOMAX 3wz-3000A-ME200 Motor gasolina 6,5hp Presion 2300psi arranque manual, contamos con amplio catálogo. Asesoría especializada, Envíos a todo Colombia.",2789000,2789000,ECOMAX,Lavado y limpieza,
CP90M,"Cepillo de acabado o texturizador MASTER 90cm x 3/4"" 2 tubos extendibles","<h2><strong><span data-sheets-value=""{""1"":2,""2"":""cepillo texturizador para concreto""}"" data-sheets-userformat=""{""2"":12929,""3"":{""1"":0},""10"":2,""12"":0,""15"":""Calibri"",""16"":11}"">Cepillo texturizador para concreto</span></strong></h2> <ul> <li>Con mecanismo adaptador y tubos de extensión</li> </ul> <p><strong>Ideal para acabados de:</strong></p> <ul> <li>Vías</li> <li>Rampas</li> <li>Instalaciones ganaderas</li> <li>Industria y cualquier superficie que requiera esta característica.</li> </ul>","<p><em>Los productos originales pueden variar ligeramente respecto a las fotos, la información en esta ficha está sujeta a cambios sin previo aviso.</em></p> <h2><span data-sheets-value=""{""1"":2,""2"":""Cepillo de acabado o texturizador ""}"" data-sheets-userformat=""{""2"":12929,""3"":{""1"":0},""10"":2,""12"":0,""15"":""Calibri"",""16"":11}"">Cepillo de acabado o texturizador</span></h2> <p><strong>CP90M MASTER 90cm x 3/4"" 2 tubos extendibles </strong></p> <ul> <li>Ideal para acabados de vías, rampas, instalaciones ganaderas, industria y cualquier superficie que requiera esta característica.</li> </ul> <p> </p>",cepillo-de-acabado-o-texturizador-master-90cm-x-3-4-2-tubos-extendibles,"Venta de Cepillo de acabado o texturizador MASTER 90cm x 3/4"" 2 tubos extendibles, contamos con amplio catálogo. Asesoría especializada, Envíos a todo Colombia",1129000,1129000,MASTER,Construcción,
ML100L145,Motor Eléctrico TECHTOP Monofásico IE2 IEC (IP55) 3hp 1800rpm Cerrado,<h2>Motores monofásicos</h2> <ul> <li><strong><strong><strong>Referencia: </strong></strong></strong>ML100L145</li> <li><strong>Tamaño del bastidor</strong> 100</li> <li><strong>Montaje</strong> B3</li> <li><strong>Potencia nominal</strong> 2.2 Kw</li> <li><strong>Velocidad nominal</strong> 1755 min-1 60Hz</li> <li><strong>Frecuencia nominal</strong> 60 Hz</li> <li><strong>Tensión nominal</strong> (+/-10%) 220 VΔ/60Hz</li> <li><strong>Nivel de ruido</strong> LpA 70 dB(A) / LwA 80 dB(A)</li> <li><strong>Momento de inercia</strong> 0.00845Kgm²</li> <li><strong>Peso</strong> 24.33Kg</li> </ul> <p> </p>,"<p><em>Los productos originales pueden variar ligeramente respecto a las fotos, la información en esta ficha está sujeta a cambios sin previo aviso.</em></p> <h2><b>Motor Eléctrico</b></h2> <p><b>TECHTOP ML100L145 Monofásico IE2 IEC (IP55) 3hp 1800rpm 220v-11,9A Cerrado</b></p> <p><strong>Características:</strong><br /> • Ahorro de energía, alta eficiencia<br /> • Alto par de arranque, menor corriente de arranque<br /> • Diseño versátil y fácil de modificar que se adapta a diversas aplicaciones</p> <p><strong>Aplicaciones:</strong><br /> • Bombas<br /> • Depuradoras de agua residuales<br /> • Compresores de aire, ventiladores<br /> • Reductores y transmisión de potencia<br /> • Fabricas de pasta y papel<br /> • Transportadores, ascensores<br /> • Aplicación agrícola<br /> • Equipos de minería<br /> • Equipo hidráulico.</p> <p><strong>Datos eléctricos</strong><br /> • <strong>Potencia nominal</strong> 2.2 Kw<br /> • <strong>Velocidad nominal</strong> 1755 min-1 60Hz<br /> • <strong>Frecuencia nominal</strong> 60 Hz<br /> • <strong>Tensión nominal</strong> (+/-10%) 220 VΔ/60Hz<br /> • <strong>Corriente de arranque</strong> 6.1<br /> • <strong>Par de arranque</strong> 2.3xMn<br /> • <strong>Par de ruptura</strong> 1.8 xMn<br /> • <strong>Carga</strong> de D.O.L.<br /> • <strong>Clase de eficiencia</strong> IE2</p> <p><strong>Datos mecánicos</strong></p> <p>• Nivel de ruido LpA 70 dB(A) / LwA 80 dB(A)<br /> • Momento de inercia 0.00845Kgm²<br /> • Tipo de cojinetes NSK</p> <p><strong>Datos generales</strong></p> <p>• Tamaño del bastidor 100<br /> • Montaje B3<br /> • Peso 24.33Kg<br /> • Material de la carcasa Aluminio<br /> • Protección IP 55<br /> • Clase de aislamiento/Aumento de temperatura F / B<br /> • Tropicalización Sí<br /> • Clase de vibración A<br /> • Servicio S1<br /> • Sentido de rotación Bidireccional<br /> • Método de enfriamiento IC 411.</p> <h2><a href=""https://equipmaster.com.co/motores/motores-electricos-impulsores-invisibles-de-eficiencia-y-confort/"">Motores Eléctricos: Imprescindibles en Nuestra Vida Cotidiana</a></h2>",motor-electrico-techtop-monofasico-ie2-iec-ip55-3hp-1800rpm-cerrado,"Venta de Motor Eléctrico ML100L145 TECHTOP Monofásico IE2 IEC (IP55) 3hp 1800rpm, contamos con amplio catálogo. Asesoría especializada, Envíos a todo Colombia.",1709000,1709000,TECHTOP,Motores,
ML80123,Motor Eléctrico TECHTOP Monofásico IE2 IEC (IP55) 1hp 3600rpm Cerrado,<h2>Motores monofásicos</h2> <ul> <li><strong><strong><strong>Referencia: </strong></strong></strong>ML80123</li> <li><strong>Tamaño del bastidor</strong> 80</li> <li><strong>Montaje</strong> B3</li> <li><strong>Potencia nominal</strong> 0.75Kw</li> <li><strong>Velocidad nominal</strong> 3400 min-1 60Hz</li> <li><strong>Frecuencia nominal</strong> 60 Hz</li> <li><strong>Tensión nominal</strong> (+/-10%) 220 VΔ/60Hz / 60Hz</li> <li><strong>Nivel de ruido</strong> LpA 75 dB(A) / LwA 84 dB(A)</li> <li><strong>Momento de inercia</strong> 0.00086 Kgm²</li> <li><strong>Peso</strong> 9.66Kg</li> </ul> <p> </p>,"<p><em>Los productos originales pueden variar ligeramente respecto a las fotos, la información en esta ficha está sujeta a cambios sin previo aviso.</em></p> <h2><b>Motor Eléctrico</b></h2> <p><strong>TECHTOP ML80123 Monofásico IE2 IEC (IP55) 1hp 3600rpm 110v-10A / 220v5,4A Cerrado </strong></p> <p><strong>Características</strong><br /> • Ahorro de energía, alta eficiencia<br /> • Alto par de arranque, menor corriente de arranque<br /> • Diseño versátil y fácil de modificar que se adapta a diversas aplicaciones</p> <p><strong>Aplicaciones</strong><br /> • Bombas<br /> • Depuradoras de agua residuales<br /> • Compresores de aire, ventiladores<br /> • Reductores y transmisión de potencia<br /> • Fabricas de pasta y papel<br /> • Transportadores, ascensores<br /> • Aplicación agrícola<br /> • Equipos de minería<br /> • Equipo hidráulico.</p> <p><strong>Datos eléctricos</strong></p> <p>• <strong>Potencia nominal</strong> 0.75Kw<br /> • <strong>Velocidad nominal</strong> 3400 min-1 60Hz<br /> • <strong>Frecuencia nominal</strong> 60 Hz<br /> • <strong>Tensión nominal</strong> (+/-10%) 220 VΔ/60Hz / 60Hz<br /> • <strong>Corriente de arranque</strong> 6.1<br /> • <strong>Par de arranque</strong> 2.49 xMn<br /> • <strong>Par de ruptura</strong> 1.78xMn<br /> • <strong>Carga de</strong> D.O.L.<br /> • <strong>Clase de eficiencia</strong> IE2</p> <p><strong>Datos mecánicos</strong></p> <p>• Nivel de ruido LpA 75 dB(A) / LwA 80 dB(A)<br /> • Momento de inercia 0.00086 Kgm²<br /> • Tipo de cojinetes NSK</p> <p><strong>Datos generales</strong></p> <p>• Tamaño del bastidor 80<br /> • Montaje B3<br /> • Peso 9.66 Kg<br /> • Material de la carcasa Aluminio<br /> • Protección IP 55<br /> • Clase de aislamiento/Aumento de temperatura F / B<br /> • Tropicalización Sí<br /> • Clase de vibración A<br /> • Servicio S1<br /> • Sentido de rotación Bidireccional<br /> • Método de enfriamiento IC 411.</p> <h2><a href=""https://equipmaster.com.co/motores/motores-electricos-impulsores-invisibles-de-eficiencia-y-confort/"">Motores Eléctricos: Imprescindibles en Nuestra Vida Cotidiana</a></h2>",motor-electrico-techtop-monofasico-ie2-iec-ip55-1hp-3600rpm-cerrado,"Venta de Motor Eléctrico ML80123 TECHTOP Monofásico IE2 IEC (IP55) 1hp 3600rpm , contamos con amplio catálogo. Asesoría especializada, Envíos a todo Colombia.",809000,809000,TECHTOP,Motores,
T3A112M45,Motor Eléctrico TECHTOP Trifásico en aluminio IE3 5hp 1800rpm (IP55) cerrado,<h2><strong>Motor Trifásico</strong></h2> <ul> <li><strong><strong>Referencia:</strong></strong> T3A112M45</li> <li><strong>Potencia nominal</strong> 4 Kw</li> <li><strong>Velocidad nominal</strong> 1740 min-1 60Hz</li> <li><strong>Frecuencia nominal</strong> 60 Hz</li> <li><strong>Nivel de ruido</strong> LpA 73 dB(A) / LwA 83 dB(A)</li> <li><strong>Momento de inercia</strong> 0.01529 Kgm²</li> <li><strong>Corriente de arranque</strong> 8.6 xln</li> <li><strong>Par de arranque</strong> 3.1 xMn</li> <li><strong>Par de ruptura</strong> 3.7 xMn</li> <li><strong>Tamaño del bastidor</strong> 112</li> <li><strong>Montaje</strong> B3</li> <li><strong>Peso</strong> 33.8 Kg</li> </ul>,"<p><em>Los productos originales pueden variar ligeramente respecto a las fotos, la información en esta ficha está sujeta a cambios sin previo aviso.</em></p> <h2>Motor eléctrico</h2> <p><strong>TECHTOP T3A112M45 Trifásico en aluminio IE3 5hp 1800rpm (IP55) cerrado 220v-13,8A / 440v </strong></p> <p><strong>Características</strong></p> <p>• Ahorro de energía, alta eficiencia<br /> • Alto par de arranque, menor corriente de arranque<br /> • Diseño versátil y fácil de modificar que se adapta a diversas aplicaciones</p> <p><strong>Aplicaciones</strong></p> <p>• Bombas<br /> • Depuradoras de aguas residuales<br /> • Compresores de aire, ventiladores<br /> • Reductores y transmisión de potencia<br /> • Fabricas de pasta y papel<br /> • Transportadores, ascensores<br /> • Aplicación agrícola<br /> • Equipos de minería<br /> • Equipo hidráulico.</p> <p><strong>Datos eléctricos</strong></p> <p><strong>• Potencia nominal </strong>4 Kw<strong><br /> • Velocidad nominal </strong>1740 min-1 60Hz<strong><br /> • Frecuencia nominal </strong>60 Hz<strong><br /> • Tensión nominal </strong>(+/-10%) 220 VΔ/60Hz / 380 VY/60Hz<strong><br /> • Par nominal </strong>21.96 Nm (Mn)<strong><br /> • Corriente nominal </strong>14.47 VΔ/60Hz A (ln) / 8.36 VY/60Hz A (ln)<strong><br /> • Corriente de arranque </strong>8.6 xln<strong><br /> • Par de arranque </strong>3.1 xMn<strong><br /> • Par de ruptura </strong>3.7 xMn<strong><br /> • Carga de D.O.L.<br /> </strong><strong><br /> </strong></p> <p><strong>Datos mecánicos </strong><br /> • Nivel de ruido LpA 73 dB(A) / LwA 83 dB(A)<br /> • Momento de inercia 0.01529 Kgm²<br /> • Tipo de cojinetes NSK</p> <p><strong>Datos generales</strong><br /> • Tamaño del bastidor 112<br /> • Montaje B3<br /> • Peso 33.8 Kg<br /> • Material de la carcasa Aluminio<br /> • Protección IP 55<br /> • Clase de aislamiento/Aumento de temperaturaF / B<br /> • Tropicalización Sí<br /> • Clase de vibración A<br /> • Servicio S1<br /> • Sentido de rotación Bidireccional<br /> • Temperatura ambiente de -20°C a +40°C<br /> • Altitud sobre el nivel del mar 1000 m</p> <h2><a href=""https://equipmaster.com.co/motores/motores-electricos-impulsores-invisibles-de-eficiencia-y-confort/"">Motores Eléctricos: Imprescindibles en Nuestra Vida Cotidiana</a></h2>",motor-electrico-techtop-trifasico-en-aluminio-ie3-5hp-1800rpm-ip55-cerrado,Venta de Motor Eléctrico T3A112M45 TECHTOP Trifásico IE3 5hp 1800rpm (IP55) . Envíos a nivel nacional. Asesoría personal especializada.,2539000,2539000,TECHTOP,Motores,
T3A112M25,Motor Eléctrico TECHTOP Trifásico en aluminio IE3 5hp 3600rpm (IP55) cerrado,<h2><strong>Motor Trifásico</strong></h2> <ul> <li><strong><strong>Referencia:</strong></strong>T3A112M25</li> <li><strong>Potencia nominal</strong> 4 Kw</li> <li><strong>Velocidad nominal</strong> 3505 min-1 60Hz</li> <li><strong>Frecuencia nominal</strong> 60 Hz</li> <li><strong>Nivel de ruido</strong> LpA 78 dB(A) / LwA 88 dB(A)</li> <li><strong>Momento de inercia</strong> 0.00751 Kgm²</li> <li><strong>Corriente de arranque</strong> 10.5 xln</li> <li><strong>Par de arranque</strong> 3.4 xMn</li> <li><strong>Par de ruptura</strong> 3.9 xMn</li> <li><strong>Tamaño del bastidor</strong> 112</li> <li><strong>Montaje</strong> B3</li> <li><strong>Peso</strong> 30.15 Kg</li> </ul>,"<p><em>Los productos originales pueden variar ligeramente respecto a las fotos, la información en esta ficha está sujeta a cambios sin previo aviso.</em></p> <h2>Motor eléctrico</h2> <p><strong>TECHTOP T3A112M25  Trifásico en aluminio IE3 5hp 3600rpm (IP55) cerrado 220v-12,5A / 440V</strong></p> <p><strong>Características</strong></p> <p>• Ahorro de energía, alta eficiencia<br /> • Alto par de arranque, menor corriente de arranque<br /> • Diseño versátil y fácil de modificar que se adapta a diversas aplicaciones</p> <p><strong>Aplicaciones</strong></p> <p>• Bombas<br /> • Depuradoras de aguas residuales<br /> • Compresores de aire, ventiladores<br /> • Reductores y transmisión de potencia<br /> • Fabricas de pasta y papel<br /> • Transportadores, ascensores<br /> • Aplicación agrícola<br /> • Equipos de minería<br /> • Equipo hidráulico.</p> <p><strong>Datos eléctricos</strong></p> <p><strong>• Potencia nominal </strong>4 Kw<strong><br /> • Velocidad nominal </strong>3505 min-1 60Hz<strong><br /> • Frecuencia nominal</strong> 60 Hz<strong><br /> • Tensión nominal </strong>(+/-10%) 220 VΔ/60Hz / 380 VY/60Hz<strong><br /> • Par nominal </strong>10.9 Nm (Mn)<strong><br /> • Corriente de arranque </strong>10.5 xln<strong><br /> • Par de arranque </strong>3.4 xMn<strong><br /> • Par de ruptura</strong> 3.9 xMn<strong><br /> • Carga de D.O.L.<br /> • Clase de eficiencia</strong> IE3<strong><br /> </strong><strong><br /> </strong></p> <p><strong>Datos mecánicos </strong><br /> • Nivel de ruido LpA 78 dB(A) / LwA 88 dB(A)<br /> • Momento de inercia 0.00751 Kgm²<br /> • Tipo de cojinetes NSK</p> <p><strong>Datos generales</strong><br /> • Tamaño del bastidor 112<br /> • Montaje B3<br /> • Peso 30.15 Kg<br /> • Material de la carcasa Aluminio<br /> • Protección IP 55<br /> • Clase de aislamiento/Aumento de temperaturaF / B<br /> • Tropicalización Sí<br /> • Clase de vibración A<br /> • Servicio S1<br /> • Sentido de rotación Bidireccional<br /> • Temperatura ambiente de -20°C a +40°C<br /> • Altitud sobre el nivel del mar 1000 m.</p> <h2><a href=""https://equipmaster.com.co/motores/motores-electricos-impulsores-invisibles-de-eficiencia-y-confort/"">Motores Eléctricos: Imprescindibles en Nuestra Vida Cotidiana</a></h2>",motor-electrico-techtop-trifasico-en-aluminio-ie3-5hp-3600rpm-ip55-cerrado,Venta de Motor Eléctrico T3A112M25 TECHTOP Trifásico IE3 5hp 3600rpm (IP55) . Envíos a nivel nacional. Asesoría personal especializada.,2359000,2359000,TECHTOP,Motores,
ML90L45,Motor Eléctrico TECHTOP Monofásico IE2 IEC (IP55) 2hp 1800rpm Cerrado,<h2>Motores monofásicos</h2> <ul> <li><strong><strong><strong>Referencia:</strong></strong></strong>ML90L45</li> <li><strong>Tamaño del bastidor</strong> 90</li> <li><strong>Montaje</strong> B3</li> <li><strong>Potencia nominal</strong> 1.5 Kw</li> <li><strong>Velocidad nominal</strong> 1720 min-1 60Hz</li> <li><strong>Frecuencia nominal</strong> 60 Hz</li> <li><strong>Tensión nominal</strong> (+/-10%) 220 VΔ/60Hz / 60Hz</li> <li><strong>Nivel de ruido</strong> LpA 70 dB(A) / LwA 80 dB(A)</li> <li><strong>Momento de inercia</strong> 0.00375Kgm²</li> <li><strong>Peso</strong> 18.56Kg</li> </ul> <p> </p>,"<p><em>Los productos originales pueden variar ligeramente respecto a las fotos, la información en esta ficha está sujeta a cambios sin previo aviso.</em></p> <h2><b>Motor Eléctrico</b></h2> <p><strong>TECHTOP ML90L45 Monofásico</strong><strong>IE2 IEC (IP55) 2hp 1800rpm 110v-19,9A / 220v-9,9A Cerrado </strong></p> <p><strong>Características:</strong><br /> • Ahorro de energía, alta eficiencia<br /> • Alto par de arranque, menor corriente de arranque<br /> • Diseño versátil y fácil de modificar que se adapta a diversas aplicaciones</p> <p><strong>Aplicaciones:</strong><br /> • Bombas<br /> • Depuradoras de agua residuales<br /> • Compresores de aire, ventiladores<br /> • Reductores y transmisión de potencia<br /> • Fabricas de pasta y papel<br /> • Transportadores, ascensores<br /> • Aplicación agrícola<br /> • Equipos de minería<br /> • Equipo hidráulico.</p> <p><strong>Datos eléctricos</strong></p> <p><strong>• Potencia nominal</strong> 1.5 Kw<br /> <strong>• Velocidad nominal</strong> 1720 min-1 60Hz<br /> <strong>• Frecuencia nominal</strong> 60 Hz<br /> <strong>• Tensión nominal</strong> (+/-10%) 220 VΔ/60Hz / 60Hz<br /> <strong>• Corriente de arranque</strong> 5.6 xln<br /> <strong>• Par de arranque</strong> 2.3 xMn<br /> <strong>• Par de ruptura</strong> 1.75 xMn<br /> <strong>• Carga de</strong> D.O.L.<br /> <strong>• Clase de eficiencia</strong> IE2</p> <p><strong>Datos mecánicos</strong></p> <p><strong>• Nivel de ruido LpA</strong> 70 dB(A) / LwA 80 dB(A)<br /> <strong>• Momento de inercia</strong> 0.00375Kgm²<br /> <strong>• Tipo de cojinetes</strong> NSK</p> <p><strong>Datos generales</strong></p> <p><strong>• Tamaño del bastidor</strong> 90<br /> <strong>• Montaje</strong> B3<br /> <strong>• Peso</strong> 18.56Kg<br /> <strong>• Material de la carcasa</strong> Aluminio<br /> <strong>• Protección</strong> IP 55<br /> <strong>• Clase de aislamiento/Aumento de temperatura</strong> F / B<br /> <strong>• Tropicalización</strong> Sí<br /> <strong>• Clase de vibración</strong> A<br /> <strong>• Servicio</strong> S1<br /> <strong>• Sentido de rotación</strong> Bidireccional<br /> <strong>• Método de enfriamiento</strong> IC 411.</p> <h2><a href=""https://equipmaster.com.co/motores/motores-electricos-impulsores-invisibles-de-eficiencia-y-confort/"">Motores Eléctricos: Imprescindibles en Nuestra Vida Cotidiana</a></h2>",motor-electrico-techtop-monofasico-ie2-iec-ip55-2hp-1800rpm-cerrado,"Venta de Motor Eléctrico ML90L45 TECHTOP Monofásico IE2 IEC (IP55) 2hp 1800rpm , contamos con amplio catálogo. Asesoría especializada, Envíos a todo Colombia.",1389000,1389000,TECHTOP,Motores,
PRUEBA - GSB20-2 RE,"PRUEBA Taladro percutor BOSCH GSB20-2 RE 800w Mandril 1/2""","<h2>Taladro BOSCH</h2> <ul> <li><strong>Intervalo de perforación</strong> (Diámetro)</li> <li><strong>Madera</strong> 40 / 25 mm</li> <li><strong>Concreto</strong> 20 / 13 mm</li> <li><strong>Acero</strong> 13 / 8 mm</li> <li><strong>Mampostería</strong> 22 / 16 mm</li> <li><strong>Nivel de vibraciones</strong> (Taladrar en metal)</li> <li><strong>Valor de vibraciones generadas</strong> ah 7 m/s²</li> <li><strong>Tolerancia</strong> K 1,6 m/s²</li> <li><strong>Peso</strong> 2.5 kg</li> <li> <strong>Dimensiones (L x An x Al)</strong> 28.5 × 8.3 × 21.5 cm</li> </ul> <p><strong><a href=""https://www.youtube.com/watch?v=mbvpC-DtZh0"">Ver video del taladro bosch aquí </a></strong></p>","<p><em>Los productos originales pueden variar ligeramente respecto a las fotos la información en esta ficha está sujeta a cambios sin previo aviso.</em></p> <h2><strong>Taladro percutor </strong></h2> <p><strong>PRUEBA BOSCH GSB20-2 RE 800w mandril 1/2"" 0-1.100 /3000 rpm 1.6kg reversible</strong></p> <p>• Caja del engranaje de metal robusto para una larga vida útil<br /> • Motor Bosch de alto rendimiento de torque elevado para trabajos de perforación y atornillado, corte con sierra copa, serrado de agujeros y mezclado<br /> • Embrague de seguridad mecánico contra rotación para una mayor seguridad</p> <p><strong>Intervalo de perforación (Diámetro) </strong><br /> • Madera 40 / 25 mm<br /> • Concreto 20 / 13 mm<br /> • Acero 13 / 8 mm<br /> • Mampostería 22 / 16 mm</p> <p><strong>Nivel de vibraciones (Taladrar en metal)</strong><br /> • Valor de vibraciones generadas ah 7 m/s²<br /> • Tolerancia K 1,6 m/s²</p> <p><strong>Nivel total de vibraciones (Perforación con percusión en concreto)</strong><br /> • Valor de vibraciones generadas ah 19 m/s²<br /> • Tolerancia K 2,3 m/s²</p> <p><strong>Nivel total de vibraciones (Atornillar)</strong><br /> • Valor de vibraciones generadas ah 2,5 m/s²<br /> • Tolerancia K 1,5 m/s²</p> <p><strong>Información de ruido/vibración</strong><br /> • Nivel de presión acústica 99 dB(A)<br /> • Nivel de potencia acústica 110 dB(A)<br /> • Tolerancia K 5 dB</p> <h3><a href=""https://equipmaster.com.co/herramientas-electricas-y-a-bateria/ventajas-de-los-taladros-inalambricos/"">Ventajas de los Taladros Inalámbricos</a></h3> <p>https://www.youtube.com/watch?v=mbvpC-DtZh0</p>",prueba-taladro-percutor-bosch-gsb20-2-re-800w-mandril-1-2,"Venta de Taladro percutor BOSCH GSB20-2 RE 800w. Caja del engranaje de metal robusto para una larga vida útil , contamos con amplio catálogo. Asesoría especializada, Envíos a todo Colombia.",,,BOSCH,Herramientas eléctricas,
CP120M,"Cepillo de acabado o texturizador MASTER 120cm x 3/4"" 2 tubos extendibles","<h2><strong><span data-sheets-value=""{""1"":2,""2"":""cepillo texturizador para concreto""}"" data-sheets-userformat=""{""2"":12929,""3"":{""1"":0},""10"":2,""12"":0,""15"":""Calibri"",""16"":11}"">Cepillo texturizador para concreto</span></strong></h2> <ul> <li>Con mecanismo adaptador y tubos de extensión</li> </ul> <p><strong>Ideal para acabados de:</strong></p> <ul> <li>Vías</li> <li>Rampas</li> <li>Instalaciones ganaderas</li> <li>Industria y cualquier superficie que requiera esta característica.</li> </ul>","<p><em>Los productos originales pueden variar ligeramente respecto a las fotos, la información en esta ficha está sujeta a cambios sin previo aviso.</em></p> <h2><span data-sheets-value=""{""1"":2,""2"":""Cepillo de acabado o texturizador ""}"" data-sheets-userformat=""{""2"":12929,""3"":{""1"":0},""10"":2,""12"":0,""15"":""Calibri"",""16"":11}"">Cepillo de acabado o texturizador</span></h2> <p><strong>CP120M MASTER 120cm x 3/4"" 2 tubos extendibles</strong></p> <ul> <li>Cepillo texturizador de 36” con mecanismo adaptador y tubos de extensión</li> <li>Escoba plana texturizada de alambre, incluye escoba con espaciado de alambre de 48” (1220mm)* ½”(12,7mm), piezas de conector y dos piezas de 35mm</li> <li>Ideal para acabados de vías, rampas, instalaciones ganaderas, industria y cualquier superficie que requiera esta característica.</li> </ul> <p> </p>",cepillo-de-acabado-o-texturizador-master-120cm-x-3-4-2-tubos-extendibles,"Venta de Cepillo de acabado o texturizador MASTER 120cm x 3/4"" 2 tubos extendibles, contamos con amplio catálogo. Asesoría especializada, Envíos a todo Colombia",1269000,1269000,MASTER,Construcción,
T3A100L245,Motor Eléctrico TECHTOP Trifásico en aluminio IE3 4hp 1800rpm (IP55) cerrado,<h2><strong>Motor Trifásico</strong></h2> <ul> <li><strong><strong>Referencia: </strong></strong>T3A100L245</li> <li><strong>Potencia nominal</strong> 3 Kw</li> <li><strong>Velocidad nominal</strong> 1740 min-1 60Hz</li> <li><strong>Frecuencia nominal</strong> 60 Hz</li> <li><strong>Nivel de ruido</strong> LpA 70 dB(A) / LwA 80 dB(A)</li> <li><strong>Momento de inercia</strong> 0.01106 Kgm²</li> <li><strong>Corriente de arranque</strong> 8.1 xln</li> <li><strong>Par de arranque</strong> 3.3 xMn</li> <li><strong>Par de ruptura</strong> 3.4 xMn</li> <li><strong>Tamaño del bastidor</strong> 100</li> <li><strong>Montaje</strong> B3</li> <li><strong>Peso</strong> 28.3 Kg</li> </ul>,"<p><em>Los productos originales pueden variar ligeramente respecto a las fotos, la información en esta ficha está sujeta a cambios sin previo aviso.</em></p> <h2>Motor eléctrico</h2> <p><strong>TECHTOP T3A100L245 Trifásico en aluminio IE3 4hp 1800rpm (IP55) cerrado 220v-11A / 440v</strong></p> <p><strong>Características</strong></p> <p>• Ahorro de energía, alta eficiencia<br /> • Alto par de arranque, menor corriente de arranque<br /> • Diseño versátil y fácil de modificar que se adapta a diversas aplicaciones</p> <p><strong>Aplicaciones</strong></p> <p>• Bombas<br /> • Depuradoras de aguas residuales<br /> • Compresores de aire, ventiladores<br /> • Reductores y transmisión de potencia<br /> • Fabricas de pasta y papel<br /> • Transportadores, ascensores<br /> • Aplicación agrícola<br /> • Equipos de minería<br /> • Equipo hidráulico.</p> <p><strong>Datos eléctricos</strong></p> <p><strong>•Potencia nominal</strong> 3 Kw<br /> <strong>• Velocidad nominal</strong> 1740 min-1 60Hz<br /> <strong>• Frecuencia nominal</strong> 60 Hz<br /> <strong>• Tensión nominal</strong> (+/-10%) 220 VΔ/60Hz / 380 VY/60Hz<br /> <strong>• Par nominal</strong> 16.47 Nm (Mn)<br /> <strong>• Corriente nominal</strong> 11.52 VΔ/60Hz A (ln) / 6.66 VY/60Hz A (ln)<br /> <strong>• Corriente de arranque</strong> 8.1 xln<br /> <strong>• Par de arranque</strong> 3.3 xMn<br /> <strong>• Par de ruptura</strong> 3.4 xMn<br /> <strong>• Carga de</strong> D.O.L.<br /> <strong>• Clase de eficiencia</strong> IE3<strong><br /> </strong></p> <p><strong>Datos mecánicos </strong><br /> • Nivel de ruido LpA 70 dB(A) / LwA 80 dB(A)<br /> • Momento de inercia 0.01106 Kgm²<br /> • Tipo de cojinetes NSK</p> <p><strong>Datos generales</strong><br /> • Tamaño del bastidor 100<br /> • Montaje B3<br /> • Peso 28.3 Kg<br /> • Material de la carcasa Aluminio<br /> • Protección IP 55<br /> • Clase de aislamiento/Aumento de temperatura F / B<br /> • Tropicalización Sí<br /> • Clase de vibración A<br /> • Servicio S1<br /> • Sentido de rotación Bidireccional<br /> • Método de enfriamiento IC 411<br /> • Temperatura ambiente de -20°C a +40°C<br /> • Altitud sobre el nivel del mar 1000 m.</p> <h2><a href=""https://equipmaster.com.co/motores/motores-electricos-impulsores-invisibles-de-eficiencia-y-confort/"">Motores Eléctricos: Imprescindibles en Nuestra Vida Cotidiana</a></h2>",motor-electrico-techtop-trifasico-en-aluminio-ie3-4hp-1800rpm-ip55-cerrado,Venta de Motor Eléctrico T3A100L245 TECHTOP Trifásico IE3 4hp 1800rpm (IP55) . Envíos a nivel nacional. Asesoría personal especializada.,1929000,1929000,TECHTOP,Motores,
T3A90L225,Motor Eléctrico TECHTOP Trifásico en aluminio IE3 4hp 3600rpm (IP55) cerrado,<h2><strong>Motor Trifásico</strong></h2> <ul> <li><strong><strong>Referencia:  </strong></strong>T3A90L225</li> <li><strong>Potencia nominal</strong> 3 Kw</li> <li><strong>Velocidad nominal</strong> 3460 min-1 60Hz</li> <li><strong>Corriente de arranque</strong> 7.9 xln</li> <li><strong>Par de arranque</strong> 3.4 xMn</li> <li><strong>Par de ruptura</strong> 3.3 xMn</li> <li><strong>Nivel de ruido</strong> LpA 75 dB(A) / LwA 85 dB(A)</li> <li><strong>Momento de inercia</strong> 0.00297 Kgm²</li> <li><strong>Tamaño del bastidor</strong> 90</li> <li><strong>Montaje</strong> B3</li> <li><strong>Peso</strong> 17.2 Kg</li> </ul>,"<p><em>Los productos originales pueden variar ligeramente respecto a las fotos, la información en esta ficha está sujeta a cambios sin previo aviso.</em></p> <h2>Motor eléctrico</h2> <p><strong>TECHTOP T3A90L225 Trifásico en aluminio IE3 4hp 3600rpm (IP55) cerrado 220v-10,8A / 440v</strong></p> <p><strong>Características</strong></p> <p>• Ahorro de energía, alta eficiencia<br /> • Alto par de arranque, menor corriente de arranque<br /> • Diseño versátil y fácil de modificar que se adapta a diversas aplicaciones</p> <p><strong>Aplicaciones</strong></p> <p>• Bombas<br /> • Depuradoras de aguas residuales<br /> • Compresores de aire, ventiladores<br /> • Reductores y transmisión de potencia<br /> • Fabricas de pasta y papel<br /> • Transportadores, ascensores<br /> • Aplicación agrícola<br /> • Equipos de minería<br /> • Equipo hidráulico.</p> <p><strong>Datos eléctricos</strong></p> <p><strong>• Potencia nominal</strong> 3 Kw<br /> <strong>• Velocidad nominal</strong> 3460 min-1 60Hz<br /> <strong>• Tensión nominal</strong> (+/-10%) 220 VΔ/60Hz / 380 VY/60Hz<br /> <strong>• Par nominal</strong> 8.28 Nm (Mn)<br /> <strong>• Corriente nominal</strong> 10.96 VΔ/60Hz A (ln) / 6.34 VY/60Hz A (ln)<br /> <strong>• Corriente de arranque</strong> 7.9 xln<br /> <strong>• Par de arranque</strong> 3.4 xMn<br /> <strong>• Par de ruptura</strong> 3.3 xMn<br /> <strong>• Carga de</strong> D.O.L.<br /> <strong>• Clase de eficiencia</strong> IE2</p> <p><strong>Datos mecánicos </strong><br /> • Nivel de ruido LpA 75 dB(A) / LwA 85 dB(A)<br /> • Momento de inercia 0.00297 Kgm²</p> <p><strong>Datos generales</strong><br /> • Tamaño del bastidor 90<br /> • Montaje B3<br /> • Peso 17.2 Kg<br /> • Material de la carcasa Aluminio<br /> • Protección IP 55<br /> • Clase de aislamiento/Aumento de temperatura F / B<br /> • Tropicalización Sí<br /> • Clase de vibración A<br /> • Servicio S1<br /> • Sentido de rotación Bidireccional<br /> • Método de enfriamiento IC 411 Temperatura ambiente de -20°C a +40°C<br /> • Altitud sobre el nivel del mar 1000 m</p> <h2><a href=""https://equipmaster.com.co/motores/motores-electricos-impulsores-invisibles-de-eficiencia-y-confort/"">Motores Eléctricos: Imprescindibles en Nuestra Vida Cotidiana</a></h2>",motor-electrico-techtop-trifasico-en-aluminio-ie3-4hp-3600rpm-ip55-cerrado,Venta de Motor Eléctrico T3A90L225 TECHTOP Trifásico en aluminio IE3 4hp 3600rpm (IP55) . Envíos a nivel nacional. Asesoría personal especializada.,1929000,1929000,TECHTOP,Motores,
T3A90L245,Motor Eléctrico TECHTOP Trifásico en aluminio IE3 3hp 1800rpm (IP55) cerrado,<h2><strong>Motor Trifásico</strong></h2> <ul> <li><strong><strong>Referencia: </strong></strong> T3A90L245</li> <li><strong>Potencia nominal</strong> 2.2 Kw</li> <li><strong>Velocidad nominal</strong> 1740 min-1 60Hz</li> <li><strong>Frecuencia nominal</strong> 60 Hz</li> <li><strong>Nivel de ruido</strong> LpA 70 dB(A) / LwA 80 dB(A)</li> <li><strong>Momento de inercia</strong> 0.00875 Kgm²</li> <li><strong>Par de arranque</strong> 2.8 xMn</li> <li><strong>Par de ruptura</strong> 3.3 xMn</li> <li><strong>Tamaño del bastidor</strong> 100</li> <li><strong>Montaje</strong> B3</li> <li><strong>Peso</strong> 23.7 Kg</li> </ul>,"<p><em>Motor Eléctrico TECHTOP Trifásico en aluminio IE3 3hp 1800rpm (IP55) cerrado Los productos originales pueden variar ligeramente respecto a las fotos, la información en esta ficha está sujeta a cambios sin previo aviso.</em></p> <h2>Motor eléctrico</h2> <p><strong>TECHTOP T3A90L245 Trifásico en aluminio IE3 3hp 1800rpm (IP55) cerrado 220v-8,3A / 440v</strong></p> <p><strong>Características</strong></p> <p>• Ahorro de energía, alta eficiencia<br /> • Alto par de arranque, menor corriente de arranque<br /> • Diseño versátil y fácil de modificar que se adapta a diversas aplicaciones</p> <p><strong>Aplicaciones</strong></p> <p>• Bombas<br /> • Depuradoras de aguas residuales<br /> • Compresores de aire, ventiladores<br /> • Reductores y transmisión de potencia<br /> • Fabricas de pasta y papel<br /> • Transportadores, ascensores<br /> • Aplicación agrícola<br /> • Equipos de minería<br /> • Equipo hidráulico.</p> <p><strong>Datos eléctricos</strong></p> <ul> <li><strong>Potencia nominal</strong> 2.2 Kw</li> <li><strong>Velocidad nominal</strong> 1740 min-1 60Hz</li> <li><strong>Frecuencia nominal</strong> 60 Hz</li> <li><strong>Tensión nominal</strong> (+/-10%) 220 VΔ/60Hz / 380 VY/60Hz</li> <li><strong>Par nominal</strong> 12.08 Nm (Mn)</li> <li><strong>Corriente nominal</strong> / 8.13 VΔ/60Hz A (ln) / 4.7 VY/60Hz A (ln)</li> <li><strong>Corriente de arranque</strong> 7.9 xln</li> <li><strong>Par de arranque</strong> 2.8 xMn</li> <li><strong>Par de ruptura</strong> 3.3 xMn</li> <li><strong>Carga de</strong> D.O.L.</li> <li><strong>Clase de eficiencia</strong> IE3</li> </ul> <p><strong>Datos mecánicos</strong></p> <ul> <li>Nivel de ruido LpA 70 dB(A) / LwA 80 dB(A)</li> <li>Momento de inercia 0.00875 Kgm²</li> <li>Tipo de cojinetes NSK</li> </ul> <p><strong>Datos generales</strong></p> <ul> <li>Tamaño del bastidor 100</li> <li>Montaje B3</li> <li>Peso 23.7 Kg</li> <li>Material de la carcasa Aluminio</li> <li>Protección IP 55</li> <li>Clase de aislamiento/Aumento de temperatura F / B</li> <li>Tropicalización Sí</li> <li>Clase de vibración A</li> <li>Servicio S1</li> <li>Sentido de rotación Bidireccional</li> <li>Método de enfriamiento IC 411</li> </ul> <h2><a href=""https://equipmaster.com.co/motores/motores-electricos-impulsores-invisibles-de-eficiencia-y-confort/"">Motores Eléctricos: Imprescindibles en Nuestra Vida Cotidiana</a></h2>",motor-electrico-techtop-trifasico-en-aluminio-ie3-3hp-1800rpm-ip55-cerrado,Venta de Motor Eléctrico T3A90L245 TECHTOP Trifásico en aluminio IE3 3hp 1800rpm (IP55) . Envíos a nivel nacional. Asesoría personal especializada.,1669000,1669000,TECHTOP,Motores,
T3A90L125,Motor Eléctrico TECHTOP Trifásico en aluminio IE3 3hp 3600rpm (IP55) cerrado,<h2><strong>Motor Trifásico</strong></h2> <ul> <li><strong><strong>Referencia: </strong></strong> T3A90L125</li> <li><strong>Potencia nominal</strong> 2.2 Kw</li> <li><strong>Frecuencia nominal</strong> 60 Hz</li> <li><strong>Velocidad nominal</strong> 3495 min- 60Hz</li> <li><strong>Nivel de ruido</strong> LpA 75 dB(A) / LwA 85 dB(A)</li> <li><strong>Momento de inercia</strong> 0.00264 Kgm²</li> <li><strong>Tamaño del bastidor</strong> 90</li> <li><strong>Montaje</strong> B3</li> <li><strong>Peso</strong> 16.25 Kg</li> </ul>,"<p><em>Los productos originales pueden variar ligeramente respecto a las fotos, la información en esta ficha está sujeta a cambios sin previo aviso.</em></p> <h2>Motor eléctrico</h2> <p><strong>TECHTOP T3A90L125 Trifásico en aluminio IE3 3hp 3600rpm (IP55) cerrado 220v-7,6A / 440v</strong></p> <p><strong>Características</strong></p> <p>• Ahorro de energía, alta eficiencia<br /> • Alto par de arranque, menor corriente de arranque<br /> • Diseño versátil y fácil de modificar que se adapta a diversas aplicaciones</p> <p><strong>Aplicaciones</strong></p> <p>• Bombas<br /> • Depuradoras de aguas residuales<br /> • Compresores de aire, ventiladores<br /> • Reductores y transmisión de potencia<br /> • Fabricas de pasta y papel<br /> • Transportadores, ascensores<br /> • Aplicación agrícola<br /> • Equipos de minería<br /> • Equipo hidráulico.</p> <p><strong>Datos eléctricos</strong></p> <p><strong>• Potencia nominal</strong> 2.2 Kw<br /> <strong>• Frecuencia nominal</strong> 60 Hz<br /> <strong>• Velocidad nominal</strong> 3495 min- 60Hz<br /> <strong>• Tensión nominal</strong> (+/-10%) 220 VΔ/60Hz / 380 VY/60Hz<br /> <strong>• Par nominal</strong> 6.01 Nm (Mn)<br /> <strong>• Corriente de arranque</strong> 8.1 xln<br /> <strong>• Par de arranque</strong> 3.1 xMn<br /> <strong>• Par de ruptura</strong> 3.5 xMn<br /> <strong>• Carga de</strong> D.O.L.</p> <p><strong>Datos mecánicos</strong></p> <p>• Nivel de ruido LpA 75 dB(A) / LwA 85 dB(A)<br /> • Momento de inercia 0.00264 Kgm²<br /> • Tipo de cojinetes NSK</p> <p><strong>Datos generales</strong></p> <p>• Tamaño del bastidor 90<br /> • Montaje B3<br /> • Peso 16.25 Kg<br /> • Material de la carcasa Aluminio<br /> • Protección IP 55<br /> • Clase de aislamiento/Aumento de temperatura F / B<br /> • Tropicalización Sí<br /> • Clase de vibración A<br /> • Servicio S1<br /> • Sentido de rotación Bidireccional<br /> • Método de enfriamiento IC 411<br /> • Temperatura ambiente de -20°C a +40°C<br /> • Altitud sobre el nivel del mar 1000 m</p> <p> </p> <h2><a href=""https://equipmaster.com.co/motores/motores-electricos-impulsores-invisibles-de-eficiencia-y-confort/"">Motores Eléctricos: Imprescindibles en Nuestra Vida Cotidiana</a></h2>",motor-electrico-techtop-trifasico-en-aluminio-ie3-3hp-3600rpm-ip55-cerrado,Venta de Motor Eléctrico T3A90L125 TECHTOP Trifásico IE3 3hp 3600rpm (IP55) . Envíos a nivel nacional. Asesoría personal especializada.,1429000,1429000,TECHTOP,Motores,
T3A90L145,Motor Eléctrico TECHTOP Trifásico en aluminio IE3 2hp 1800rpm (IP55) cerrado,<h2><strong>Motor Trifásico</strong></h2> <ul> <li><strong>Referencia: </strong>T3A90L145</li> <li><strong>Potencia nominal</strong> 1.5 K</li> <li><strong>Velocidad nominal</strong> 1730 min-1 60Hz</li> <li><strong>Frecuencia nominal</strong> 60 Hz</li> <li><strong>Nivel de ruido</strong> LpA 70 dB(A) / LwA 80 dB(A)</li> <li><strong>Momento de inercia</strong> 0.00469 Kgm²</li> <li><strong>Tamaño del bastidor</strong> 90</li> <li><strong>Montaje</strong> B3</li> <li><strong>Peso</strong> 17.95 Kg</li> </ul>,"<p><em>Los productos originales pueden variar ligeramente respecto a las fotos, la información en esta ficha está sujeta a cambios sin previo aviso.</em></p> <h2>Motor eléctrico</h2> <p><b>TECHTOP T3A90L145 Trifásico en aluminio IE3 2hp 1800rpm (IP55) cerrado 220v-5,7A / 440v</b></p> <p><strong>Características</strong></p> <p>• Ahorro de energía, alta eficiencia<br /> • Alto par de arranque, menor corriente de arranque<br /> • Diseño versátil y fácil de modificar que se adapta a diversas aplicaciones</p> <p><strong>Aplicaciones</strong></p> <p>• Bombas<br /> • Depuradoras de aguas residuales<br /> • Compresores de aire, ventiladores<br /> • Reductores y transmisión de potencia<br /> • Fabricas de pasta y papel<br /> • Transportadores, ascensores<br /> • Aplicación agrícola<br /> • Equipos de minería<br /> • Equipo hidráulico.</p> <p> </p> <p><strong>Datos eléctricos</strong></p> <p><strong>• Potencia nominal</strong> 1.5 K<br /> <strong>• Velocidad nominal</strong> 1730 min-1 60Hz<br /> <strong>• Frecuencia nominal</strong> 60 Hz<br /> <strong>• Tensión nominal</strong> (+/-10%) 220 VΔ/60Hz / 380 VY/60Hz<br /> <strong>• Par nominal</strong> 8.28 Nm (Mn)<br /> <strong>• Corriente de arranque</strong> 7.1 xln<br /> <strong>• Par de arranque</strong> 3.4 xMn<br /> <strong>• Par de ruptura</strong> 3.3 xMn<br /> <strong>• Carga de</strong> D.O.L.</p> <p><strong>Datos mecánicos</strong></p> <p>• Nivel de ruido LpA 70 dB(A) / LwA 80 dB(A)<br /> • Momento de inercia 0.00469 Kgm²</p> <p><strong>Datos generales</strong></p> <p>• Tamaño del bastidor 90<br /> • Montaje B3<br /> • Peso 17.95 Kg<br /> • Material de la carcasa Aluminio<br /> • Protección IP 55<br /> • Clase de aislamiento/Aumento de temperatura F / B<br /> • Tropicalización Sí<br /> • Clase de vibración A<br /> • Servicio S1<br /> • Sentido de rotación Bidireccional<br /> • Método de enfriamiento IC 411<br /> • Temperatura ambiente de -20°C a +40°C<br /> • Altitud sobre el nivel del mar 1000 m</p> <h2><a href=""https://equipmaster.com.co/motores/motores-electricos-impulsores-invisibles-de-eficiencia-y-confort/"">Motores Eléctricos: Imprescindibles en Nuestra Vida Cotidiana</a></h2>",motor-electrico-techtop-trifasico-en-aluminio-ie3-2hp-1800rpm-ip55-cerrado,Venta de Motor Eléctrico TECHTOP Trifásico en aluminio IE3 2hp 1800rpm (IP55) . Envíos a nivel nacional. Asesoría personal especializada.,1389000,1389000,TECHTOP,Motores,
T3A90S25,Motor Eléctrico TECHTOP Trifásico en aluminio IE3 2hp 3600rpm (IP55) cerrado,<h2><strong>Motor Trifásico</strong></h2> <ul> <li><strong>Referencia: </strong>T3A90S25</li> <li><strong>Potencia nominal</strong> 1.5 Kw</li> <li><strong>Velocidad nominal</strong> 3480 min-1 60Hz</li> <li><strong>Frecuencia nominal</strong> 60 Hz</li> <li><strong>Nivel de ruido</strong> LpA 75 dB(A) / LwA 85 dB(A)</li> <li><strong>Momento de inercia</strong> 0.00219 Kgm²</li> <li><strong>Tamaño del bastidor</strong> 90</li> <li><strong>Montaje</strong> B3</li> <li><strong>Peso</strong> 13.95 Kg</li> </ul>,"<p><em>Los productos originales pueden variar ligeramente respecto a las fotos, la información en esta ficha está sujeta a cambios sin previo aviso.</em></p> <h2>Motor eléctrico</h2> <p><strong>TECHTOP T3A90S25 Trifásico en aluminio IE3 2hp 3600rpm (IP55) cerrado 220v-5,4A / 440v</strong></p> <p><strong>Características</strong></p> <p>• Ahorro de energía, alta eficiencia<br /> • Alto par de arranque, menor corriente de arranque<br /> • Diseño versátil y fácil de modificar que se adapta a diversas aplicaciones</p> <p><strong>Aplicaciones</strong></p> <p>• Bombas<br /> • Depuradoras de aguas residuales<br /> • Compresores de aire, ventiladores<br /> • Reductores y transmisión de potencia<br /> • Fabricas de pasta y papel<br /> • Transportadores, ascensores<br /> • Aplicación agrícola<br /> • Equipos de minería<br /> • Equipo hidráulico.</p> <p><strong>Datos eléctricos</strong></p> <p><strong>• Potencia nominal</strong> 1.5 Kw<br /> <strong>• Velocidad nominal</strong> 3480 min-1 60Hz<br /> <strong>• Frecuencia nominal</strong> 60 Hz<br /> <strong>• Tensión nominal</strong> (+/-10%) 220 VΔ/60Hz / 380 VY/60Hz<br /> <strong>• Par nominal</strong> 4.12 Nm (Mn)<br /> <strong>• Corriente nominal</strong><br /> • 5.71 VΔ/60Hz A (ln)<br /> • 3.3 VY/60Hz A (ln)<br /> <strong>• Corriente de arranque</strong> 8.3 xln<br /> <strong>• Par de arranque</strong> 3.5 xMn<br /> <strong>• Par de ruptura</strong> 3.7 xMn<br /> <strong>• Carga de</strong> D.O.L.<br /> <strong>• Clase de eficiencia</strong> IE3</p> <p><strong>Datos mecánicos</strong></p> <p>• Nivel de ruido LpA 75 dB(A) / LwA 85 dB(A)<br /> • Momento de inercia 0.00219 Kgm²<br /> • Tipo de cojinetes NSK</p> <p><strong>Datos generales</strong></p> <p>• Tamaño del bastidor 90<br /> • Montaje B3<br /> • Peso 13.95 Kg<br /> • Material de la carcasa Aluminio<br /> • Protección IP 55<br /> • Clase de aislamiento/Aumento de temperatura F / B<br /> • Tropicalización Sí<br /> • Clase de vibración A<br /> • Servicio S1<br /> • Sentido de rotación Bidireccional<br /> • Método de enfriamiento IC 411<br /> • Temperatura ambiente de -20°C a +40°C<br /> • Altitud sobre el nivel del mar 1000 m.</p> <h2><a href=""https://equipmaster.com.co/motores/motores-electricos-impulsores-invisibles-de-eficiencia-y-confort/"">Motores Eléctricos: Imprescindibles en Nuestra Vida Cotidiana</a></h2>",motor-electrico-techtop-trifasico-en-aluminio-ie3-2hp-3600rpm-ip55-cerrado,Venta de Motor Eléctrico T3A90S25 TECHTOP Trifásico en aluminio IE3 2hp 3600rpm (IP55) . Envíos a nivel nacional. Asesoría personal especializada.,1239000,1239000,TECHTOP,Motores,
T3A80244,Motor Eléctrico TECHTOP Trifásico en aluminio IE3 1hp 1800rpm (IP55) cerrado,<h2><strong>Motor Trifásico</strong></h2> <ul> <li><strong>Referencia: </strong>T3A80244</li> <li><strong>Potencia nominal</strong> 0.75 Kw</li> <li><strong>Velocidad nominal</strong> 1720 min-1 60Hz</li> <li><strong>Frecuencia nominal</strong> 60 Hz</li> <li><strong>Nivel de ruido</strong> LpA 70 dB(A) / LwA 79 dB(A)</li> <li><strong>Momento de inercia</strong> 0.00229 Kgm²</li> <li><strong>Corriente de arranque</strong> 6.3 xln</li> <li><strong>Par de arranque</strong> 3.1 xMn</li> <li><strong>Par de ruptura</strong> 3.1 xMn</li> <li><strong>Tamaño del bastidor</strong> 80</li> <li><strong>Montaje</strong> B3</li> <li><strong>Peso</strong> 11.65 Kg</li> </ul>,"<p><em>Los productos originales pueden variar ligeramente respecto a las fotos, la información en esta ficha está sujeta a cambios sin previo aviso.</em></p> <h2>Motor eléctrico</h2> <p><strong>TECHTOP T3A80244 Trifásico en aluminio IE3 1hp 1800rpm (IP55) cerrado 220v-3A / 440v</strong></p> <p><strong>Características</strong></p> <p>• Ahorro de energía, alta eficiencia<br /> • Alto par de arranque, menor corriente de arranque<br /> • Diseño versátil y fácil de modificar que se adapta a diversas aplicaciones</p> <p><strong>Aplicaciones</strong></p> <p>• Bombas<br /> • Depuradoras de aguas residuales<br /> • Compresores de aire, ventiladores<br /> • Reductores y transmisión de potencia<br /> • Fabricas de pasta y papel<br /> • Transportadores, ascensores<br /> • Aplicación agrícola<br /> • Equipos de minería<br /> • Equipo hidráulico.</p> <p><strong>Datos eléctricos</strong></p> <p><strong>• Potencia nominal</strong> 0.75 Kw<br /> <strong>• Velocidad nominal</strong> 1720 min-1 60Hz<br /> <strong>• Frecuencia nominal</strong> 60 Hz<br /> <strong>• Tensión nominal</strong> (+/-10%) 220 VΔ/60Hz / 380 VY/60Hz<br /> <strong>• Par nominal</strong> 4.17 Nm (Mn)<br /> <strong>• Corriente nominal</strong> 3.27 VΔ/60Hz A (ln) / 1.89 VY/60Hz A (ln)<br /> <strong>• Corriente de arranque</strong> 6.3 xln<br /> <strong>• Par de arranque</strong> 3.1 xMn<br /> <strong>• Par de ruptura</strong> 3.1 xMn<br /> <strong>• Carga de</strong> D.O.L.</p> <p><strong>Datos mecánicos </strong><br /> • Nivel de ruido LpA 70 dB(A) / LwA 79 dB(A)<br /> • Momento de inercia 0.00229 Kgm²<br /> • Tipo de cojinetes NSK</p> <p><strong>Datos generales</strong></p> <p>• Tamaño del bastidor 80<br /> • Montaje B3<br /> • Peso 11.65 Kg<br /> • Material de la carcasa Aluminio<br /> • Protección IP 55<br /> • Clase de aislamiento/Aumento de temperatura F / B<br /> • Tropicalización Sí<br /> • Clase de vibración A<br /> • Servicio S1<br /> • Sentido de rotación Bidireccional<br /> • Método de enfriamiento IC 411<br /> • Temperatura ambiente de -20°C a +40°C<br /> • Altitud sobre el nivel del mar 1000 m</p> <h2><a href=""https://equipmaster.com.co/motores/motores-electricos-impulsores-invisibles-de-eficiencia-y-confort/"">Motores Eléctricos: Imprescindibles en Nuestra Vida Cotidiana</a></h2>",motor-electrico-techtop-trifasico-en-aluminio-ie3-1hp-1800rpm-ip55-cerrado,Venta de Motor Eléctrico T3A80244 TECHTOP Trifásico en aluminio IE3 1hp 1800rpm (IP55). Envíos a nivel nacional. Asesoría personal especializada.,1029000,1029000,TECHTOP,Motores,
T3A80124,Motor Eléctrico TECHTOP Trifásico en aluminio IE3 1hp 3600rpm (IP55) cerrado,<h2><strong>Motor Trifásico</strong></h2> <ul> <li><strong>Referencia: </strong>T3A80124</li> <li><strong>Potencia nominal</strong> 0.75 Kw</li> <li><strong>Velocidad nominal</strong> 3470 min-1 60Hz</li> <li><strong>Corriente de arranque</strong> 7.4 xln</li> <li><strong>Par de arranque</strong> 3.1 xMn</li> <li><strong>Nivel de ruido</strong> LpA 75 dB(A) / LwA 84 dB(A)</li> <li><strong>Momento de inercia</strong> 0.00097 Kgm²</li> <li><strong>Tamaño del bastidor</strong> 80</li> <li><strong>Montaje</strong> B3</li> <li><strong>Peso</strong> 8.75 Kg</li> </ul>,"<p><em>Los productos originales pueden variar ligeramente respecto a las fotos, la información en esta ficha está sujeta a cambios sin previo aviso.</em></p> <h2>Motor eléctrico</h2> <p><strong>TECHTOP T3A80124 </strong><strong>Trifásico en aluminio IE3 1hp 3600rpm (IP55) cerrado 220v-2,8A / 440v</strong></p> <p><strong>Características</strong></p> <p>• Ahorro de energía, alta eficiencia<br /> • Alto par de arranque, menor corriente de arranque<br /> • Diseño versátil y fácil de modificar que se adapta a diversas aplicaciones</p> <p><strong>Aplicaciones</strong></p> <p>• Bombas<br /> • Depuradoras de aguas residuales<br /> • Compresores de aire, ventiladores<br /> • Reductores y transmisión de potencia<br /> • Fabricas de pasta y papel<br /> • Transportadores, ascensores<br /> • Aplicación agrícola<br /> • Equipos de minería<br /> • Equipo hidráulico.</p> <p><strong>Datos eléctricos</strong></p> <p>• <strong>Potencia nominal</strong> 0.75 Kw<br /> • <strong>Velocidad nominal</strong> 3470 min-1 60Hz<br /> • <strong>Tensión nominal</strong> (+/-10%) 220 VΔ/60Hz / 380 VY/60Hz<br /> • <strong>Par nominal</strong> 2.06 Nm (Mn)<br /> • <strong>Corriente de arranque</strong> 7.4 xln<br /> • <strong>Par de arranque</strong> 3.1 xMn<br /> • <strong>Par de ruptura</strong> 3.2 xMn<br /> • <strong>Carga de</strong> D.O.L.</p> <p><strong>Datos generales</strong></p> <p>• Tamaño del bastidor 80<br /> • Montaje B3<br /> • Peso 8.75 Kg<br /> • Material de la carcasa Aluminio<br /> • Protección IP 55<br /> • Clase de aislamiento/Aumento de temperatura F / B<br /> • Tropicalización Sí<br /> • Clase de vibración A<br /> • Servicio S1<br /> • Sentido de rotación Bidireccional<br /> • Método de enfriamiento IC 411<br /> • Temperatura ambiente de -20°C a +40°C<br /> • Altitud sobre el nivel del mar 1000 m</p> <p><strong>Datos mecánicos</strong><br /> • Nivel de ruido LpA 75 dB(A) / LwA 84 dB(A)<br /> • Momento de inercia 0.00097 Kgm²<br /> • Tipo de cojinetes NSK.</p> <h2><strong><a href=""https://equipmaster.com.co/motores/motores-electricos-impulsores-invisibles-de-eficiencia-y-confort/"">Motores Eléctricos: Imprescindibles en Nuestra Vida Cotidiana</a></strong></h2>",motor-electrico-techtop-trifasico-en-aluminio-ie3-1hp-3600rpm-ip55-cerrado,Venta de Motor Eléctrico T3A80124 TECHTOP Trifásico en aluminio IE3 1hp 3600rpm (IP55). Envíos a nivel nacional. Asesoría personal especializada.,899000,899000,TECHTOP,Motores,
ML100L45,Motor Eléctrico TECHTOP Monofásico IE2 IEC (IP55) 4hp 1800rpm Cerrado,<h2>Motores monofásicos</h2> <ul> <li><strong><strong><strong>Referencia:  </strong></strong></strong>ML100L45</li> <li><strong>Potencia nominal</strong> 3 Kw</li> <li><strong>Velocidad nominal</strong> 1755 min-1 60Hz</li> <li><strong>Frecuencia nominal</strong> 60 Hz</li> <li><strong>Nivel de ruido</strong> LpA 70 dB(A) / LwA 80 dB(A)</li> <li><strong>Momento de inercia</strong> 0.01139Kgm²</li> <li><strong>Tamaño del bastidor</strong> 100</li> <li><strong>Montaje</strong> B3</li> <li><strong>Peso</strong> 30.13Kg</li> </ul>,"<p><em>Los productos originales pueden variar ligeramente respecto a las fotos, la información en esta ficha está sujeta a cambios sin previo aviso.</em></p> <h2><b>Motor Eléctrico</b></h2> <p><strong>TECHTOP ML100L45 Monofásico IE2 IEC (IP55) 4hp 1800rpm 220v-18A Cerrado</strong></p> <p><strong>Características</strong><br /> • Ahorro de energía, alta eficiencia<br /> • Alto par de arranque, menor corriente de arranque<br /> • Diseño versátil y fácil de modificar que se adapta a diversas aplicaciones</p> <p><strong>Aplicaciones</strong><br /> • Bombas<br /> • Depuradoras de agua residuales<br /> • Compresores de aire, ventiladores<br /> • Reductores y transmisión de potencia<br /> • Fabricas de pasta y papel<br /> • Transportadores, ascensores<br /> • Aplicación agrícola<br /> • Equipos de minería<br /> • Equipo hidráulico.</p> <p><strong>Datos eléctricos</strong></p> <p>• <strong>Potencia nominal</strong> 3 Kw<br /> • <strong>Velocidad nominal</strong> 1755 min-1 60Hz<br /> • <strong>Frecuencia nominal</strong> 60 Hz<br /> • <strong>Tensión nominal</strong> (+/-10%) 220 VΔ/60Hz<br /> • <strong>Corriente de arranque</strong> 6.5 xln<br /> • <strong>Par de arranque</strong> 2.3 xMn<br /> • <strong>Par de ruptura</strong> 1.8 xMn<br /> • <strong>Carga de</strong> D.O.L.<br /> • <strong>Clase de eficiencia</strong> IE3</p> <p><strong>Datos mecánicos</strong></p> <p>• Nivel de ruido LpA 70 dB(A) / LwA 80 dB(A)<br /> • Momento de inercia 0.01139Kgm²<br /> • Tipo de cojinetes NSK</p> <p><strong>Datos generales</strong></p> <p>• Tamaño del bastidor 100<br /> • Montaje B3<br /> • Peso 30.13Kg<br /> • Material de la carcasa Aluminio<br /> • Protección IP 55<br /> • Clase de aislamiento/Aumento de temperatura F / B<br /> • Tropicalización Sí<br /> • Clase de vibración A<br /> • Servicio S1<br /> • Sentido de rotación Bidireccional<br /> • Método de enfriamiento IC 411</p> <h2><a href=""https://equipmaster.com.co/motores/motores-electricos-impulsores-invisibles-de-eficiencia-y-confort/"">Motores Eléctricos: Imprescindibles en Nuestra Vida Cotidiana</a></h2>",motor-electrico-techtop-monofasico-ie2-iec-ip55-4hp-1800rpm-cerrado,"Venta de Motor Eléctrico ML100L45 TECHTOP Monofásico IE2 IEC (IP55) 4hp 1800rpm, contamos con amplio catálogo. Asesoría especializada, Envíos a todo Colombia.",2199000,2199000,TECHTOP,Motores,
ML112M45,Motor Eléctrico TECHTOP Monofásico IE2 N56 (IP55) 5hp 1800rpm Cerrado,<h2>Motores monofásicos</h2> <ul> <li><strong><strong><strong>Referencia:  </strong></strong></strong>ML112M45</li> <li><strong>Tamaño del bastidor</strong> 112</li> <li><strong>Montaje</strong> B3</li> <li><strong>Potencia nominal</strong> 3.7 Kw</li> <li><strong>Velocidad nominal</strong> 1755 min-1 60Hz</li> <li><strong>Frecuencia nominal</strong> 60 Hz</li> <li><strong>Tensión nominal</strong> (+/-10%) 220 VΔ/60Hz</li> <li><strong>Nivel de ruido</strong> LpA 73 dB(A) / LwA 83 dB(A)</li> <li><strong>Momento de inercia</strong> 0.01529 Kgm²</li> <li><strong>Peso</strong> 34.23 Kg.</li> </ul>,"<p><em>Los productos originales pueden variar ligeramente respecto a las fotos, la información en esta ficha está sujeta a cambios sin previo aviso.</em></p> <h2><b>Motor Eléctrico</b></h2> <p><strong>TECHTOP  ML112M45 Monofásico IE2 N56 (IP55) 5hp 1800rpm 220v-20,7A Cerrado</strong></p> <p><strong>Características:</strong><br /> • Ahorro de energía, alta eficiencia<br /> • Alto par de arranque, menor corriente de arranque<br /> • Diseño versátil y fácil de modificar que se adapta a diversas aplicaciones</p> <p><strong>Aplicaciones:</strong><br /> • Bombas<br /> • Depuradoras de agua residuales<br /> • Compresores de aire, ventiladores<br /> • Reductores y transmisión de potencia<br /> • Fabricas de pasta y papel<br /> • Transportadores, ascensores<br /> • Aplicación agrícola<br /> • Equipos de minería<br /> • Equipo hidráulico.</p> <p><strong>Datos eléctricos</strong></p> <ul> <li><strong>Potencia nominal</strong> 3.7 Kw</li> <li><strong>Velocidad nominal</strong> 1755 min-1 60Hz</li> <li><strong>Frecuencia nominal</strong> 60 Hz</li> <li><strong>Tensión nominal</strong> (+/-10%) 220 VΔ/60Hz</li> <li><strong>Start capacitor</strong> 400μf/300V µF/V</li> <li><strong>Run capacitor</strong> 60μf/450V µF/V</li> <li><strong>Par nominal</strong> 20.14 Nm (Mn)</li> <li><strong>Corriente de arranque</strong> 6.5 xln</li> <li><strong>Par de arranque</strong> 1.86 xMn</li> <li><strong>Par de ruptura</strong> 1.8 xMn</li> <li><strong>Carga de</strong> D.O.L.</li> </ul> <p><strong>Datos mecánicos</strong><br /> • Nivel de ruido LpA 73 dB(A) / LwA 83 dB(A)<br /> • Momento de inercia 0.01529 Kgm²<br /> • Tipo de cojinetes NSK</p> <p><strong>Datos generales</strong><br /> • Tamaño del bastidor 112<br /> • Montaje B3<br /> • Peso 34.23 Kg<br /> • Material de la carcasa Aluminio<br /> • Protección IP 55<br /> • Tropicalización Sí<br /> • Clase de vibración A<br /> • Servicio S1<br /> • Sentido de rotación Bidireccional<br /> • Método de enfriamiento IC 411</p> <h2><a href=""https://equipmaster.com.co/motores/motores-electricos-impulsores-invisibles-de-eficiencia-y-confort/"">Motores Eléctricos: Imprescindibles en Nuestra Vida Cotidiana</a></h2>",motor-electrico-techtop-monofasico-ie2-n56-ip55-5hp-1800rpm-cerrado,"Venta de Motor Eléctrico ML112M45 TECHTOP Monofásico IE2 N56 (IP55) 5hp 1800rpm, contamos con amplio catálogo. Asesoría especializada, Envíos a todo Colombia.",2659000,2659000,TECHTOP,Motores,
ML112M123,Motor Eléctrico TECHTOP Monofásico IE2 N56 (IP55) 5hp 3600rpm Cerrado,<h2>Motores monofásicos</h2> <ul> <li><strong><strong><strong>Referencia:  </strong></strong></strong>ML112M123</li> <li><strong>Tamaño del bastidor</strong> 112</li> <li><strong>Montaje</strong> B3</li> <li><strong>Potencia nominal</strong> 3.7 Kw</li> <li><strong>Velocidad nominal</strong> 3470 min-1 60Hz</li> <li><strong>Frecuencia nominal</strong> 60 Hz</li> <li><strong>Tensión nominal</strong> 220 VΔ/60Hz</li> <li><strong>Nivel de ruido</strong> LpA 78 dB(A) / LwA 88 dB(A)</li> <li><strong>Momento de inercia</strong> 0.0085 Kgm²</li> <li><strong>Peso</strong> 33.2 Kg</li> </ul>,"<p><em>Los productos originales pueden variar ligeramente respecto a las fotos, la información en esta ficha está sujeta a cambios sin previo aviso.</em></p> <h2><b>Motor Eléctrico</b></h2> <p><strong>TECHTOP ML112M123 Monofásico IE2 N56 (IP55) 5hp 3600rpm 220v-21,4A Cerrado</strong></p> <p><strong>Características:</strong><br /> • Ahorro de energía, alta eficiencia<br /> • Alto par de arranque, menor corriente de arranque<br /> • Diseño versátil y fácil de modificar que se adapta a diversas aplicaciones</p> <p><strong>Aplicaciones:</strong><br /> • Bombas<br /> • Depuradoras de agua residuales<br /> • Compresores de aire, ventiladores<br /> • Reductores y transmisión de potencia<br /> • Fabricas de pasta y papel<br /> • Transportadores, ascensores<br /> • Aplicación agrícola<br /> • Equipos de minería<br /> • Equipo hidráulico.</p> <p><strong>Datos eléctricos</strong></p> <p><strong>• Potencia nominal</strong> 3.7 Kw<br /> <strong>• Velocidad nominal</strong> 3470 min-1 60Hz<br /> <strong>• Frecuencia nominal</strong> 60 Hz<br /> <strong>• Tensión nominal</strong> 220 VΔ/60Hz<br /> <strong>• Start capacitor</strong> 350μf/300V µF/V<br /> <strong>• Run capacitor</strong> 60μf/450V µF/V<br /> <strong>• Par nominal</strong> 10.19 Nm (Mn)<br /> <strong>• Corriente de arranque</strong> 6.3 xln<br /> <strong>• Par de arranque</strong> 2.5 xMn<br /> <strong>• Par de ruptura</strong> 1.8 xMn<br /> <strong>• Carga de</strong> D.O.L.<br /> <strong>• Clase de eficiencia</strong> IE2</p> <p><strong>Datos mecánicos</strong></p> <p>• Nivel de ruido LpA 78 dB(A) / LwA 88 dB(A)<br /> • Momento de inercia 0.0085 Kgm²<br /> • Tipo de cojinetes NSK</p> <p><strong>Datos generales</strong></p> <p>• Material de la carcasa Aluminio<br /> • Protección IP 55<br /> • Tropicalización Sí<br /> • Clase de vibración A<br /> • Servicio S1<br /> • Sentido de rotación Bidireccional<br /> • Método de enfriamiento IC 411 Temperatura ambiente de -20°C a +40°C<br /> • Altitud sobre el nivel del mar 1000 m</p> <h2><a href=""https://equipmaster.com.co/motores/motores-electricos-impulsores-invisibles-de-eficiencia-y-confort/"">Motores Eléctricos: Imprescindibles en Nuestra Vida Cotidiana</a></h2>",motor-electrico-techtop-monofasico-ie2-n56-ip55-5hp-3600rpm-cerrado,"Venta de Motor Eléctrico ML112M123 TECHTOP Monofásico IE2 N56 (IP55) 5hp 3600rpm , contamos con amplio catálogo. Asesoría especializada, Envíos a todo Colombia.",2039000,2039000,TECHTOP,Motores,
ML90L23,Motor Eléctrico TECHTOP Monofásico IE2 IEC (IP55) 3hp 3600rpm Cerrado,<h2>Motores monofásicos</h2> <ul> <li><strong><strong><strong>Referencia: </strong></strong></strong>ML90L23</li> <li><strong>Tamaño del bastidor</strong> 90</li> <li><strong>Montaje</strong> B3</li> <li><strong>Potencia nominal</strong> 2.2 Kw</li> <li><strong>Velocidad nominal</strong> 3460 min-1 60Hz</li> <li><strong>Frecuencia nominal</strong> 60 Hz</li> <li><strong>Tensión nominal</strong> (+/-10%) 220 VΔ/60Hz</li> <li><strong>Nivel de ruido</strong> LpA 75 dB(A) / LwA 85 dB(A)</li> <li><strong>Momento de inercia</strong> 0.00223 Kgm²</li> <li><strong>Peso</strong> 18.26 Kg</li> </ul> <p> </p>,"<p><em>Los productos originales pueden variar ligeramente respecto a las fotos, la información en esta ficha está sujeta a cambios sin previo aviso.</em></p> <h2><b>Motor Eléctrico</b></h2> <p><strong>TECHTOP ML90L23 Monofásico IE2 IEC (IP55) 3hp 3600rpm 110v-16,3A / 220v-13A Cerrado</strong></p> <p><strong>Características:</strong><br /> • Ahorro de energía, alta eficiencia<br /> • Alto par de arranque, menor corriente de arranque<br /> • Diseño versátil y fácil de modificar que se adapta a diversas aplicaciones</p> <p><strong>Aplicaciones:</strong><br /> • Bombas<br /> • Depuradoras de agua residuales<br /> • Compresores de aire, ventiladores<br /> • Reductores y transmisión de potencia<br /> • Fabricas de pasta y papel<br /> • Transportadores, ascensores<br /> • Aplicación agrícola<br /> • Equipos de minería<br /> • Equipo hidráulico.</p> <p><strong>Datos eléctricos</strong></p> <p><strong>• Potencia nominal</strong> 2.2 Kw<br /> <strong>• Velocidad nominal</strong> 3460 min-1 60Hz<br /> <strong>• Frecuencia nominal</strong> 60 Hz<br /> <strong>• Tensión nominal</strong> (+/-10%) 220 VΔ/60Hz<br /> <strong>• Start capacitor</strong> 250μf/300V µF/V<br /> <strong>• Run capacitor</strong> 50μf/450V µF/V<br /> <strong>• Par nominal</strong> 6.07 Nm (Mn)<br /> <strong>• Corriente de arranque</strong> 6.7 xln<br /> <strong>• Par de arranque</strong> 2.5 xMn<br /> <strong>• Par de ruptura</strong> 1.8 xMn<br /> <strong>• Carga de</strong> D.O.L.<br /> <strong>• Clase de eficiencia</strong> IE2</p> <p><strong>Datos mecánicos</strong></p> <ul> <li>Nivel de ruido LpA 75 dB(A) / LwA 85 dB(A)</li> <li>Momento de inercia 0.00223 Kgm²</li> <li>Tipo de cojinetes NSK</li> </ul> <p><strong>Datos generales</strong></p> <ul> <li>Tamaño del bastidor 90</li> <li>Montaje B3</li> <li>Peso 18.26 Kg</li> <li>Material de la carcasa Aluminio</li> <li>Protección IP 55</li> <li>Tropicalización Sí</li> <li>Clase de vibración A</li> <li>Servicio S1</li> <li>Sentido de rotación Bidireccional</li> <li>Método de enfriamiento IC 411 Temperatura ambiente de -20°C a +40°C</li> <li>Altitud sobre el nivel del mar 1000 m</li> </ul> <h2><a href=""https://equipmaster.com.co/motores/motores-electricos-impulsores-invisibles-de-eficiencia-y-confort/"">Motores Eléctricos: Imprescindibles en Nuestra Vida Cotidiana</a></h2>",motor-electrico-techtop-monofasico-ie2-iec-ip55-3hp-3600rpm-cerrado,"Venta de Motor Eléctrico ML90L23 TECHTOP Monofásico IE2 IEC (IP55) 3hp 3600rpm , contamos con amplio catálogo. Asesoría especializada, Envíos a todo Colombia.",1299000,1299000,TECHTOP,Motores,
ML90S23,Motor Eléctrico TECHTOP Monofásico IE2 IEC (IP55) 2hp 3600rpm Cerrado,<h2>Motores monofásicos</h2> <ul> <li><strong><strong><strong>Referencia: </strong> </strong></strong>ML90S23</li> <li><strong>Tamaño del bastidor</strong> 90</li> <li><strong>Montaje</strong> B3</li> <li><strong>Potencia nominal</strong> 1.5 Kw</li> <li><strong>Velocidad nominal</strong> 3435 min-1 60Hz</li> <li><strong>Frecuencia nominal</strong> 60 Hz</li> <li><strong>Corriente de arranque</strong> 6.4 xln</li> <li><strong>Par de arranque</strong> 2.3 xMn</li> <li><strong>Peso</strong> 14.36 Kg</li> </ul>,"<p><em>Los productos originales pueden variar ligeramente respecto a las fotos, la información en esta ficha está sujeta a cambios sin previo aviso.</em></p> <h2><b>Motor Eléctrico</b></h2> <p><strong>TECHTOP ML90S23 Monofásico IE2 IEC (IP55) 2hp 3600rpm 110v-19,7A / 220v-9,8A Cerrado</strong></p> <p><strong>Características:</strong><br /> • Ahorro de energía, alta eficiencia<br /> • Alto par de arranque, menor corriente de arranque<br /> • Diseño versátil y fácil de modificar que se adapta a diversas aplicaciones</p> <p><strong>Aplicaciones:</strong><br /> • Bombas<br /> • Depuradoras de agua residuales<br /> • Compresores de aire, ventiladores<br /> • Reductores y transmisión de potencia<br /> • Fabricas de pasta y papel<br /> • Transportadores, ascensores<br /> • Aplicación agrícola<br /> • Equipos de minería<br /> • Equipo hidráulico.</p> <p><strong>Datos eléctricos</strong><br /> <strong>• Potencia nominal</strong> 1.5 Kw<br /> <strong>• Velocidad nominal</strong> 3435 min-1 60Hz<br /> <strong>• Frecuencia nominal</strong> 60 Hz<br /> <strong>• Tensión nominal</strong> (+/-10%) 220 VΔ/60Hz<br /> <strong>• Start capacitor</strong> 200μf/300V µF/V<br /> <strong>• Run capacitor</strong> 35μf/450V µF/V<br /> <strong>• Par nominal</strong> 4.17 Nm (Mn)</p> <p><strong>Corriente de arranque</strong> 6.4 xln<br /> <strong>• Par de arranque</strong> 2.3 xMn<br /> <strong>• Par de ruptura</strong> 1.8 xMn<br /> <strong>• Carga</strong> de D.O.L</p> <p><strong>Datos mecánicos</strong><br /> • Nivel de ruido LpA 75 dB(A) / LwA 85 dB(A)<br /> • Momento de inercia 0.00221 Kgm²<br /> • Tipo de cojinetes NSK.</p> <p><strong>Datos generales</strong><br /> • Material de la carcasa Aluminio<br /> • Protección IP 55<br /> • Tropicalización Sí<br /> • Clase de vibración A<br /> • Servicio S1<br /> • Sentido de rotación Bidireccional<br /> • Temperatura ambiente de -20°C a +40°C<br /> • Altitud sobre el nivel del mar 1000 m</p> <h2><a href=""https://equipmaster.com.co/motores/motores-electricos-impulsores-invisibles-de-eficiencia-y-confort/"">Motores Eléctricos: Imprescindibles en Nuestra Vida Cotidiana</a></h2>",motor-electrico-techtop-monofasico-ie2-iec-ip55-2hp-3600rpm-cerrado,"Venta de Motor Eléctrico ML90S23 TECHTOP Monofásico IE2 IEC (IP55) 2hp 3600rpm, contamos con amplio catálogo. Asesoría especializada, Envíos a todo Colombia.",1069000,1069000,TECHTOP,Motores,
ML80244,Motor Eléctrico TECHTOP Monofásico IE2 IEC (IP55) 1hp 1800rpm Cerrado,<h2>Motores monofásicos</h2> <ul> <li><strong><strong>Referencia: </strong></strong>ML80244</li> <li><strong>Tamaño del bastidor</strong> 80</li> <li><strong>Montaje</strong> B3</li> <li><strong>Potencia nominal</strong> 0.75 Kw</li> <li><strong>Velocidad nominal</strong> 1720 min-1 60Hz</li> <li><strong>Frecuencia nominal</strong> 60 Hz</li> <li><strong>Tensión nominal</strong> (+/-10%) 220 VΔ/60Hz</li> <li><strong>Corriente de arranque</strong> 5.7 xln</li> <li><strong>Par de arranque</strong> 2.5 xMn</li> <li><strong>Peso</strong> 11.76 Kg</li> </ul>,"<p><em>Los productos originales pueden variar ligeramente respecto a las fotos, la información en esta ficha está sujeta a cambios sin previo aviso.</em></p> <h2><b>Motor Eléctrico</b></h2> <p><strong>TECHTOP </strong><strong>ML80244</strong><strong> Monofásico IE2 IEC (IP55) 1hp 1800rpm 110v-11A / 220v5,5A Cerrado.</strong></p> <p><strong>Características</strong><br /> • Ahorro de energía, alta eficiencia<br /> • Alto par de arranque, menor corriente de arranque<br /> • Diseño versátil y fácil de modificar que se adapta a diversas aplicaciones</p> <p><strong>Aplicaciones</strong><br /> • Bombas<br /> • Depuradoras de agua residuales<br /> • Compresores de aire, ventiladores<br /> • Reductores y transmisión de potencia<br /> • Fabricas de pasta y papel<br /> • Transportadores, ascensores<br /> • Aplicación agrícola<br /> • Equipos de minería<br /> • Equipo hidráulico.</p> <p> </p> <p><strong>Datos eléctricos</strong><br /> <strong>• Potencia nominal</strong> 0.75 Kw<br /> <strong>• Velocidad nominal</strong> 1720 min-1 60Hz<br /> <strong>• Frecuencia nominal</strong> 60 Hz<br /> <strong>• Tensión nominal</strong> (+/-10%) 220 VΔ/60Hz<br /> <strong>• Start capacitor</strong> 100μf/250V µF/V<br /> <strong>• Run capacitor</strong> 25μf/450V µF/V<br /> <strong>• Par nominal</strong> 4.17 Nm (Mn)<br /> <strong>• Corriente nominal</strong><br /> 2.5 VΔ/60Hz A (ln)<br /> 1.45 VY/60Hz A (ln)</p> <p> </p> <p><strong>Datos mecánicos</strong><br /> <strong>• Nivel de ruido</strong><br /> LpA 70 dB(A)<br /> LwA 79 dB(A)<br /> <strong>• Momento de inercia</strong> 0.00198 Kgm²<br /> <strong>• Tipo de cojinetes</strong> NSK</p> <p> </p> <p><strong>Datos generales</strong><br /> <strong>• Material de la carcasa</strong> Aluminio<br /> <strong>• Protección</strong> IP 55<br /> <strong>• Tropicalización</strong> Sí<br /> <strong>• Clase de vibración</strong> A<br /> <strong>• Servicio</strong> S1<br /> <strong>• Sentido de rotación</strong> Bidireccional<br /> <strong>• Temperatura ambiente de</strong> -20°C a +40°C<br /> <strong>• Altitud sobre el nivel del mar</strong> 1000 m.</p> <h2><a href=""https://equipmaster.com.co/motores/motores-electricos-impulsores-invisibles-de-eficiencia-y-confort/"">Motores Eléctricos: Imprescindibles en Nuestra Vida Cotidiana</a></h2>",motor-electrico-techtop-monofasico-ie2-iec-ip55-1hp-1800rpm-cerrado,"Venta de Motor Eléctrico ML80244 TECHTOP Monofásico IE2 IEC (IP55) 1hp 1800rpm , contamos con amplio catálogo. Asesoría especializada, Envíos a todo Colombia.",909000,909000,TECHTOP,Motores,
F0134000NA,Mototool DREMEL 4000 175w con 36 accesorios + 3 aditamentos,"<h2><strong>Mototool  DREMEL</strong></h2> <ul> <li><strong>Potencia</strong>  175W</li> <li><strong>Voltaje </strong> 120V</li> <li><strong>Familia </strong> 4000</li> <li><strong>Velocidad</strong> 000 – 35.000(R.P.M.)</li> <li><strong>Segmento</strong> Herramientas, Mototool</li> <li><strong>Dimensiones (L x An x Al) </strong>39 × 26 × 10 cm</li> <li><strong>Peso</strong> 2 kg</li> </ul> <p><strong><a href=""https://www.youtube.com/watch?v=zJRWsCAVOYg"">Ver video del Mototool aquí</a></strong></p>","<p><em>Los productos originales pueden variar ligeramente respecto a las fotos, la información en esta ficha está sujeta a cambios sin previo aviso.</em></p> <p><strong>DREMEL F0134000NA con 36 accesorios + 3 aditamentos incluye eje flexible 175w</strong></p> <p>El Mototool/Rectificadora Dremel 4000 es ideal para quién pide la máxima precisión y practicidad, sea un artesano o instalador. <strong>Son 8 aplicaciones</strong> en solo una herramienta para que puedas crear tus proyectos con garantía de resultado perfecto de forma práctica.</p> <p>Un complemento ideal para tu caja de herramienta y un verdadero comodín para imprevistos del trabajo.</p> <ul> <li><strong>Aplicaciones<br /> </strong>Cortar, perforar, grabar, tallar, lijar, limpiar, pulir, esmerilar y afilar</li> </ul> <p> </p> <ul> <li><strong>Materiales donde se puede trabajar<br /> </strong>Madera, Metal, Plástico, Cuero, Goma, Cartón, Cerámica, Piedra, Vidrio, Fibra de vidrio</li> </ul> <p> </p> <ul> <li>Motor de alta potencia de 175 W para un mayor rendimiento</li> <li>Control total de la velocidad variable (5.000 – 35.000 rpm) para lograr la máxima precisión</li> <li>Control electrónico de retroalimentación para mejorar el par de torsión y el rendimiento.</li> </ul>",mototool-dremel-4000-175w-con-36-accesorios-3-aditamentos,Venta de Mototool DREMEL F0134000NA con 36 accesorios + 3 aditamentos. Envíos a toda Colombia. Asesoría personal especializada. Somos EQUIPMASTER.,569000,569000,DREMEL,Herramientas eléctricas,
FS291,Guadañadora STIHL FS291 (Evolución de la FS280),"<h2>Guadañadora STIHL FS291</h2> <p><strong>• Tipo de motor</strong> 2-Mix<br /> <strong>• Cilindrada</strong> 41.6 cc<br /> <strong>• Potencia</strong> 2.68Hp<br /> <strong>• Peso</strong> 8Kg<br /> <strong>• Depósito de combustible</strong> 750ml</p> <p><strong>Superior en potencia</strong></p> <ul> <li>Diseño moderno</li> <li>-20% consumo combustible versus FS 280</li> <li>+Tiempo de trabajo</li> <li>+Economía para el usuario</li> <li>Manillar ergonómico sin necesidad de herramientas</li> <li>Sistema antivibración mejorado.</li> </ul> <p><a href=""https://www.youtube.com/watch?v=aYpenV0wP78""><strong>Ver vídeo de guadañadora stihl aquí</strong></a></p>","<p><em>Los productos originales pueden variar ligeramente respecto a las fotos, la información en esta ficha está sujeta a cambios sin previo aviso</em></p> <h2>Guadañadora STIHL evolución de la FS280</h2> <p><strong>STIHL FS291 2,6hp 41,6cm³ 2-Mix 8Kg (Herramienta corte 300-3) cárter en magnesio</strong></p> <p><strong>La Evolución de la FS280 a FS291</strong></p> <p><strong>Motor 2-Mix</strong><br /> • Diseño moderno<br /> • + Tecnología<br /> • + Potencia, hasta un +7%<br /> • + Desempeño<br /> • -Consumo combustible, hasta un 20%<br /> • -Emisiones</p> <p><strong>Superior en potencia</strong><br /> • Diseño moderno<br /> • -20% consumo combustible versus FS 280<br /> • +Tiempo de trabajo<br /> • +Economía para el usuario<br /> • Manillar ergonómico sin necesidad de herramientas<br /> • Sistema antivibración mejorado</p> <ul> <li><strong>Tecnología</strong><br /> Mas comodidad y ergonomía en la FS 460 gracias a su sistema Antivibración de 4 puntos<br /> <strong>Potencia </strong><br /> Fs 291 2.68Hp<br /> Fs 460 2.95Hp</li> </ul> <p><strong>Aplicación</strong></p> <ul> <li>Desbrote</li> <li>Apertura/ limpieza de terrenos</li> <li>Mantenimiento de carreteras</li> <li>Limpieza de malas hierbas pesadas/ entrelazadas</li> </ul> <p><strong>Beneficios </strong></p> <ul> <li>Economía de combustible</li> <li>Menos contaminación /emisiones</li> <li>Arranque suave y siempre listo para encender</li> <li>Menos tiempos de inactividad para el mantenimiento y la limpieza del filtro</li> <li>Los mismos juegos de corte que los modelos actuales</li> </ul> <h2><strong><a href=""https://equipmaster.com.co/agro-y-jardin/todo-sobre-los-motores-2-mix-de-stihl/"">¿Qué es el Motor STIHL 2-MIX?</a></strong></h2> <h2 class=""wd-entities-title title post-title""><strong><a href=""https://equipmaster.com.co/agro-y-jardin/guadanas-stihl/"">Guadañas Stihl, Herramientas de Alta Intensidad</a></strong></h2>",guadanadora-stihl-fs291-evolucion-de-la-fs280,Venta de Guadañadora STIHL FS291 . Para trabajos exigentes de siega y en superficies relacionados con la agricultura y la jardinería.,1990000,2109000,STIHL,Jardín y forestal,
Fs161,Guadañadora STIHL FS161  (Evolución de la FS160),"<h2>Guadañadora STIHL FS161</h2> <ul> <li><strong>Tipo de motor</strong> 2-Mix</li> <li><strong>Cilindrada</strong> 37.7 cc</li> <li><strong>Potencia</strong> 2.01Hp</li> <li><strong>Peso</strong> 7.5Kg</li> <li><strong>Depósito de combustible</strong> 750ml</li> </ul> <p><a href=""https://www.youtube.com/watch?v=QmnrxvYk00Q""><strong>Ver vídeo de guadañadora stihl aquí</strong></a></p>","<p><em>Los productos originales pueden variar ligeramente respecto a las fotos, la información en esta ficha está sujeta a cambios sin previo aviso</em></p> <h2>Guadañadora STIHL evolución de la FS160</h2> <p><strong>STIHL FS161 2,01hp 37,7cm³ 2-Mix 7,5Kg (Herramienta corte 305-2) cárter en magnesio</strong></p> <p><strong>Evolución de la FS160 a FS161</strong></p> <p><strong>Motor 2-Mix</strong><br /> • Diseño moderno<br /> • + Tecnología<br /> • + Potencia, hasta un +7%<br /> • + Desempeño<br /> • -Consumo combustible, hasta un 20%<br /> • -Emisiones.</p> <p><strong>Tecnología</strong><br /> • Motor 2-Mix<br /> • Filtro de papel<br /> • Bomba manual de combustible<br /> • Compensador<br /> • Botón start/stop<br /> • Potencia 2.01Hp</p> <p><strong>Información </strong><br /> • Evolución de la FS 160, con aumento de potencia de 1.87 a 2.01Hp</p> <p><strong>Beneficios</strong><br /> • Economía de combustible<br /> • Menos contaminación/ emisiones<br /> • Moto guadaña profesional de entrada<br /> • Arranque suave y siempre listo para encender<br /> • Menos tiempos de inactividad para el mantenimiento y la limpieza de filtro<br /> • Los mismos juegos de corte que los modelos actuales</p> <p><strong>Aplicación</strong></p> <ul> <li>Jardinería profesional</li> <li>Trabajos en la agricultura</li> <li>Mantenimiento de césped/plaza /parque</li> </ul> <h2><a href=""https://equipmaster.com.co/agro-y-jardin/todo-sobre-los-motores-2-mix-de-stihl/""><strong>¿Qué es el Motor STIHL 2-MIX?</strong></a></h2> <h2 class=""wd-entities-title title post-title""><strong><a href=""https://equipmaster.com.co/agro-y-jardin/guadanas-stihl/"">Guadañas Stihl, Herramientas de Alta Intensidad</a></strong></h2>",guadanadora-stihl-fs161-evolucion-de-la-fs160,Venta de Guadañadora STIHL FS161 . Para trabajos exigentes de siega y en superficies relacionados con la agricultura y la jardinería.,2019000,2019000,STIHL,Jardín y forestal,
FS221,Guadañadora STIHL FS221 (Evolución de la FS220),"<h2>Guadañadora STIHL FS 221</h2> <ul> <li><strong>Tipo de motor</strong> 2-Mix</li> <li><strong>Cilindrada</strong> 37,7 cc</li> <li><strong>Potencia</strong> 2.28Hp</li> <li><strong>Peso</strong> 7.7Kg</li> <li><strong>Depósito de combustible</strong> 750ml</li> <li><strong>Sistema antivibración</strong></li> </ul> <p><a href=""https://www.youtube.com/watch?v=ay8uvAOoOTQ""><strong>Ver vídeo de guadañadora stihl aquí</strong></a></p>","<p><em>Los productos originales pueden variar ligeramente respecto a las fotos, la información en esta ficha está sujeta a cambios sin previo aviso</em></p> <h2>Guadañadora STIHL evolución de la FS220</h2> <p><strong>STIHL FS221 2,28hp 37,7cm³ 2-Mix 7,7Kg (Herramienta corte 300-3) cárter en magnesio</strong></p> <p><strong>La Evolución de la FS220 a FS221</strong></p> <p><strong>Motor 2-Mix</strong><br /> • Diseño moderno<br /> • + Tecnología<br /> • + Potencia, hasta un +7%<br /> • + Desempeño<br /> • -Consumo combustible, hasta un 20%<br /> • -Emisiones</p> <p><strong>Superior en ahorro</strong></p> <ul> <li>Diseño moderno</li> <li>+ Potencia</li> <li>-23% consumo combustible versus FS 220</li> <li>+ Economía para el usuario</li> <li>Manillar ergonómico sin necesidad de herramientas</li> <li>Sistema anti vibraciones mejorado</li> </ul> <p><strong>Tecnología </strong></p> <ul> <li>Más comodidad ergonómica en la <strong>FS 221</strong> gracias a su <strong>sistema antivibración</strong></li> <li>Potencia 2.14Hp</li> </ul> <p><strong>Información </strong></p> <ul> <li><strong>Evolución de la FS 220</strong> 14Hp</li> <li>Motor moderno y económico con el mismo conjunto de corte al que ya está acostumbrado el cliente</li> </ul> <ul> <li><strong>Bomba manual de combustible</strong><br /> Deposito de combustible más grande y con protección UV</li> </ul> <p><strong>Nueva empuñadura multifuncional</strong><br /> • Arranque directo<br /> • Manillar ergonómico sin necesidad de herramientas<br /> • Sistema anti vibraciones</p> <p><strong>Aplicación</strong></p> <ul> <li>Jardinería profesional</li> <li>Trabajos varios en la agricultura</li> <li>Mantenimiento de césped/plaza/parque</li> <li>Apertura/limpieza de terrenos</li> <li>Mantenimiento de carreteras</li> </ul> <h2><strong><a href=""https://equipmaster.com.co/agro-y-jardin/todo-sobre-los-motores-2-mix-de-stihl/"">¿Qué es el Motor STIHL 2-MIX?</a></strong></h2> <h2 class=""wd-entities-title title post-title""><strong><a href=""https://equipmaster.com.co/agro-y-jardin/guadanas-stihl/"">Guadañas Stihl, Herramientas de Alta Intensidad</a></strong></h2>",guadanadora-stihl-fs221-evolucion-de-la-fs220,Venta de Guadañadora STIHL FS221. Para trabajos exigentes de siega y en superficies relacionados con la agricultura y la jardinería.,2079000,2079000,STIHL,Jardín y forestal,
FS230,Guadañadora STIHL FS230 (La guerrera de mejor precio),"<h2>Guadañadora STIHL FS 230</h2> <p><strong>• Motor</strong> 2 Tiempos<br /> <strong>• Cilindrada</strong> 40.2 cm³<br /> <strong>• Potencia</strong> 2.07Hp<br /> <strong>• Relación peso/potencia</strong> 4.83Kg/kW<br /> <strong>• Depósito de combustible</strong> 0.845l<br /> <strong>• Nivel de precisión acústica</strong> 98dB(A)<br /> <strong>• Nivel de protección acústica</strong> 112Db (A)<br /> <strong>• Vibraciones</strong><br /> • Izquierda 5.6 m/s2<br /> • Derecha 5.6 m/s2<br /> <strong>• Peso</strong> 7.5Kg</p> <p><a href=""https://www.youtube.com/watch?v=jtZkqFxrkKI""><strong>Ver vídeo de guadañadora stihl aquí</strong></a></p>","<p><em>Los productos originales pueden variar ligeramente respecto a las fotos, la información en esta ficha está sujeta a cambios sin previo aviso</em></p> <h2>Guadaña STIHL Fs230 La guerrera</h2> <p><strong>STIHL FS230 2,07hp 40,2cm³ 2-Tiempos 7,5Kg (Herramienta corte 305-2)</strong></p> <p>Cuenta con un impresionante rendimiento de corte, es ideal para los trabajos de jardinería y agricultura, ya que realiza el corte de maleza con gran eficiencia. Además, es de fácil mantenimiento y reparación.</p> <p><strong>Ideal para trabajos agrícolas y de jardinería (Potente y ergonómica)</strong></p> <p>• Comando ergonómico multifuncional<br /> • La tapa del filtro de aire se puede abrir sin necesidad de herramientas<br /> • Casquillo metálico<br /> • Manillar económico<br /> • Tubo de 26mm con el eje rígido<br /> • La cuchilla más larga del portafolio STIHL (Segura y eficiente)<br /> • Protección robusta</p> <p><strong>Puntos fuertes</strong><br /> • Impresionante rendimiento de corte<br /> • Producto para granjas de la clase 2.07Hp<br /> • Componentes robustos y usuales en el mercado<br /> • Disco corta hierbas más largo en el grupo Stihl</p> <p><strong>Grupo objetivo</strong><br /> • Jardinería y agricultura</p> <p><strong>Aplicaciones</strong><br /> • Cortar y recoger hierba y maleza de todo tipo</p> <p><strong>Unidad de motor</strong><br /> • Potente<br /> • Robusta<br /> • Larga vida útil</p> <h2 class=""wd-entities-title title post-title""><strong><a href=""https://equipmaster.com.co/agro-y-jardin/guadanas-stihl/"">Guadañas Stihl, Herramientas de Alta Intensidad</a></strong></h2>",guadanadora-stihl-fs230-la-guerrera-de-mejor-precio,Venta de Guadañadora STIHL FS230 2-Tiempos. Para trabajos exigentes de siega y en superficies relacionados con la agricultura y la jardinería.,1149000,1149000,STIHL,Jardín y forestal,
FM-073B,"Fumigadora FORTE FM-073B de Espalda con lanza, 30 litros BOMBA EN BRONCE","<h2><strong>Fumigadora Manual</strong></h2> <ul> <li>BOMBA EN BRONCE</li> <li><strong>Cilindrada </strong>26 c.c.</li> <li><strong>Tanque de combustible</strong>6 L, mezcla 25:1 o 50:1*</li> <li><strong>Capacidad del tanque</strong> 30 L</li> <li><strong>Tipo de bomba</strong> Embolo</li> <li><strong>Material de la bomba</strong> Bomba de bronce /750gr</li> <li><strong>Tipo de pistón</strong> Acero inoxidable</li> <li><strong>Presión de trabajo</strong> 40-500 PSI</li> <li><strong>Descarga máxima</strong> 8 L/min</li> <li><strong>Peso seco</strong> 10 kg</li> <li><strong>Dimensiones (L x An x Al)</strong> 49x35x65 cm</li> </ul>","<p><em>Los productos originales pueden variar ligeramente respecto a las fotos, la información en esta ficha está sujeta a cambios sin previo aviso.</em></p> <h2><b>Fumigadora de espalda</b></h2> <p><strong>FORTE FM-073B de Espalda con lanza, 30 litros, 500psi, motor 26cm³ 2-tiempos BOMBA EN BRONCE</strong></p> <ul> <li><strong>Cilindrada </strong>26 c.c.</li> <li><strong>Tanque de combustible</strong>6 L, mezcla 25:1 o 50:1*</li> <li><strong>Capacidad del tanque</strong> 30 L</li> <li><strong>Tipo de bomba</strong> Embolo</li> <li><strong>Material de la bomba</strong> Bomba de bronce /750gr</li> <li><strong>Tipo de pistón</strong> Acero inoxidable</li> <li><strong>Presión de trabajo</strong> 40-500 PSI</li> <li><strong>Descarga máxima</strong> 8 L/min</li> </ul> <p><strong>Accesorios</strong></p> <p>Lanza de 2 salidas, lanza corta, tarro mezclador, herramienta y manual de operación</p> <p>*NOTA: Por favor utilice aceite 2 tiempos con norma JASO FD o superior. La relación de mezcla es 25:1 para aceite mineral, y 50:1 para aceite sintético ó semisintético</p> <h2><strong style=""color: #1b1919;""><a href=""https://equipmaster.com.co/agro-y-jardin/para-que-sirven-las-fumigadoras-agricolas/"">¿Para Qué Sirven Las Fumigadoras Agrícolas?</a></strong></h2>",fumigadora-forte-fm-073b-de-espalda-con-lanza-30-litros-bomba-en-bronce,"Venta de Fumigadora FORTE FM-073B de Espalda con lanza, 30 litros, 500psi, BOMBA EN BRONCE. Asesoría especializada, Envíos a todo Colombia.",579000,579000,FORTE,Fumigación,
FG11000F,"Motoazada FORTE FG11000F a gasolina 13hp, Ancho de trabajo 80cm-120cm","<h2><strong>Motocultor </strong></h2> <ul> <li><strong>Potencia </strong>13 hp</li> <li><strong>Ancho de corte</strong> 80 – 110 cm</li> <li><strong>Profundidad de trabajo</strong> 15 – 30 cm</li> <li><strong>Velocidades </strong>2 velocidades y reversa</li> <li><strong>Transmisión de potencia</strong> Engranaje</li> <li><strong>Capacidad de aceite</strong> de 1.8 L</li> <li><strong>Sistema de arranque</strong> manual</li> <li><strong>Incluye</strong> Llantas, cuchillas de corte</li> <li><strong>Dimensiones (L x An x Al): </strong>120 × 90 × 90 cm</li> <li><strong>Peso seco</strong> 135 kg</li> </ul>","<p><em>Los productos originales pueden variar ligeramente respecto a las fotos, la información en esta ficha está sujeta a cambios sin previo aviso.</em></p> <h2><strong>Motoazada </strong></h2> <p><strong>FORTE FG11000F a gasolina 13hp, Ancho de trabajo 80cm-120cm, profundidad de arado 15-30 centímetros, 3 velocidades arranque manual</strong></p> <ul> <li><strong>Potencia </strong>13 hp</li> <li><strong>Ancho de corte</strong> 80 - 110 cm</li> <li><strong>Profundidad de trabajo</strong> 15 - 30 cm</li> <li><strong>Velocidades</strong> 2 velocidades y reversa</li> <li><strong>Transmisión de potencia</strong> Engranaje</li> <li><strong>Capacidad de aceite</strong> de 1.8 L</li> <li><strong>Sistema de arranque</strong> manual</li> </ul> <h2 class=""wd-entities-title title post-title""><strong><a href=""https://equipmaster.com.co/agro-y-jardin/motoazadas-herramientas-agricolas/"">Motoazadas: herramientas agrícolas </a></strong></h2>",motoazada-forte-fg11000f-a-gasolina-13hp-ancho-de-trabajo-80cm-120cm,"Venta de Motoazada FORTE FG11000F a gasolina 13hp, Ancho de trabajo 80cm-120cm. Envíos a toda Colombia. Asesoría personal especializada. Somos EQUIPMASTER",4429000,4429000,FORTE,Agro y ganadería,
GLM 30-23,Medidor de Distancia Láser BOSCH GLM 30-23,"<h2><strong>Metros laser</strong></h2> <ul> <li><strong>Diodo láser</strong> 635 nm, < 1 mW</li> <li><strong>Rango de medición</strong> 0,15 – 30,00 m</li> <li><strong>Tiempo medio de medición</strong> 0,5 s</li> <li><strong>Clase de láser</strong> 2</li> <li><strong>Color del láser</strong> Rojo</li> <li><strong>Margen de medición, hasta</strong> 30 m</li> <li><strong>Dimensiones (L x An x Al):</strong> 3 x 5 x 10</li> <li><strong>Peso, aprox.</strong> 0,09 kg</li> </ul>","<p>Los productos originales pueden variar ligeramente respecto a las fotos, la información en esta ficha está sujeta a cambios sin previo aviso.</p> <h2><strong><span data-sheets-value=""{""1"":2,""2"":""Medidor laser""}"" data-sheets-userformat=""{""2"":513,""3"":{""1"":0},""12"":0}"">Medidor laser</span></strong></h2> <p><strong>BOSCH GLM 30-23 Medidor de Distancia Láser  Alcance: 30mts • Precisión: +/- 3,0mm</strong></p> <p>El Medidor láser GLM 30-23 de Bosch realiza mediciones y calcula metros cuadrados con total facilidad en cuestión de segundos. Cuenta con una interfaz intuitiva y un tamaño compacto para facilitar el trabajo diario. Puede ser utilizado para diversas necesidades de medición, como medir alturas y distancias, así como el área de pisos y paredes para realizar presupuestos</p> <p>Tiene un diseño atractivo con material de goma para una mejor protección y mejor agarre, además de una pantalla con una legibilidad de datos mejorada</p> <ul> <li><strong>Más versatilidad:</strong> ahora con función de cálculo de área para un trabajo más rápido</li> <li><strong>Súper fácil de manejar:</strong> solo 2 botones para seleccionar funciones de medición y unidades de medición</li> <li><strong>Practicidad:</strong> realiza presupuestos sin necesidad de un ayudante</li> </ul> <ul> <li><strong>Fuente de alimentación</strong> 2 Pilas AAA</li> <li><strong>Fuente de luz</strong> Láser</li> <li><strong>Composición de la célula de la pila o batería</strong> Alcalina</li> <li><strong>Embalaje de la batería de litio</strong> Pilas empacadas con el equipo</li> <li><strong>Acabado de herramientas / Composición de herramientas</strong> Goma, plástico y vidrio</li> <li><strong>Apagado automático</strong> Sí</li> <li><strong>Entorno de uso</strong> Interno</li> </ul> <ul> <li><strong>Aplicaciones</strong></li> </ul> <p>Medición de distancias y alturas con un sólo clic, medición continua conforme se mueve el medidor, medición de área</p> <ul> <li><strong>Público objetivo</strong></li> </ul> <p>Personas que realizan presupuestos, instaladores en general, ingenieros, arquitectos, profesionales de construcción en general.</p>",medidor-de-distancia-laser-bosch-glm-30-23,"Venta de Medidor de Distancia Láser BOSCH GLM 30-23 Alcance: 30mts • Precisión: +/- 3,0mm. Asesoría personal especializada.",309000,309000,BOSCH,Herramientas eléctricas,
GKS 130,Sierra circular BOSCH GKS130 1300w,"<h2><strong>Sierra Bosch</strong></h2> <ul> <li><strong>Potencia absorbida</strong> 1300 W</li> <li><strong>Diámetro de la hoja de sierra</strong> 184 mm</li> <li><strong>Voltaje, eléctrico</strong> 127 V</li> <li><strong>Velocidad en vacío</strong>220 – 6.380 rpm</li> <li><strong>Ø interior de la hoja de sierra</strong> 20 mm</li> <li><strong>Disco de soporte</strong> 290 x 150 mm</li> <li><strong>Compatible con carril guía</strong> no</li> <li><strong>Dimensiones (L x An x Al):</strong> 35 x 23 x 24</li> <li><strong>Peso:</strong> 3,9 kg</li> </ul>","<p><em>Los productos originales pueden variar ligeramente respecto a las fotos, la información en esta ficha está sujeta a cambios sin previo aviso</em></p> <h2><strong>Sierra </strong><strong>Circular</strong></h2> <p><strong>BOSCH GKS130 1300w 5800rpm disco 7-¼” peso 3,9kg</strong></p> <ul> <li>Diseño simple y confiable para tareas de corte continuo</li> <li>Velocidad de corte rápida gracias a su poderoso motor de 1300 W</li> <li>Fácil de utilizar para cortar distintos materiales como madera contrachapada, madera blanda y tableros de MDF y OSB</li> <li>Marca de corte siempre visible en la pieza gracias a la función integrada de soplador de aire para polvo</li> <li>Sujeción segura de la herramienta con la cómoda empuñadura auxiliar</li> <li>Ajuste de profundidad fácil de manejar mediante interruptor de sujeción rápida.</li> </ul> <p><strong>Profundidad de corte</strong></p> <ul> <li><strong>Capacidad máxima de corte en madera</strong> (90°) 64 mm</li> <li><strong>Capacidad máxima de corte en madera</strong> (45°) 45 mm.</li> </ul>",sierra-circular-bosch-gks130-1300w,"Venta de Sierra circular BOSCH GKS130 1300w 5800rpm disco 7-¼” peso 3,9kg. Asesoría especializada, Envíos a todo Colombia.",439000,439000,BOSCH,Herramientas eléctricas,
GST 680,Sierra Caladora BOSCH GST 680 450W,"<h2><span data-sheets-value=""{""1"":2,""2"":""caladora de madera""}"" data-sheets-userformat=""{""2"":1,""3"":{""1"":0,""3"":1}}"">Caladora de madera</span></h2> <ul> <li><strong>Potencia absorbida</strong> 500 W</li> <li><strong>Voltaje, eléctrico</strong> 127 V</li> <li><strong>Longitud de la carrera de la sierra</strong> 20 mm</li> <li><strong>Ángulo de inclinación</strong> -45 – 45 °</li> <li><strong>Dimensiones (L x An x Al):</strong> 26 X 7 X 20</li> <li><strong>Peso:</strong> 2,03 kg</li> </ul>","<p><em>Los productos originales pueden variar ligeramente respecto a las fotos, la información en esta ficha está sujeta a cambios sin previo aviso.</em></p> <h2 class=""headline hl4""><strong>Sierra Caladora </strong></h2> <p><strong>BOSCH GST 680 450W 3.100cpm Caja de Cartón</strong></p> <p><strong>Potencia para un corte excelente</strong></p> <ul> <li>Experiencia de corte más rápido y preciso con su potente motor de 500 W</li> <li>Velocidad ajustable para distintos materiales con la rueda de preselección de velocidad</li> <li>Experiencia de corte excelente con el diseño ergonómico de la empuñadura suave de caucho</li> <li>Corte fácil en madera maciza, metal y otros materiales con esta potente sierra caladora con cable</li> </ul> <p><strong>Profundidad de corte</strong></p> <ul> <li><strong>Profundidad de corte en madera</strong> 68 mm</li> <li><strong>Profundidad de corte en aluminio</strong> 10 mm</li> <li><strong>Profundidad de corte en acero</strong> 10 mm</li> <li><strong>Profundidad de corte en acero no aleado</strong> 10 mm</li> </ul> <p> </p>",sierra-caladora-bosch-gst-680-450w,"Venta de Sierra Caladora BOSCH GST 680 450W 3.100cpm Caja de Cartón, contamos con amplio catálogo. Asesoría especializada, Envíos a todo Colombia.",389000,389000,BOSCH,Herramientas eléctricas,
BDK1863HYR,Motobomba presión KAMA 3X3 Diesel 10hp caudal Max 850 litros/min,<h2><strong>Bombas de agua de </strong>presión</h2> <ul> <li><strong>Cilindrada:</strong> 418 cc</li> <li><strong>Relación de compresión:</strong> 19:1</li> <li><strong>Potencia neta:</strong> 10Hp</li> <li><strong>Tipo de arranque</strong>: Manual (retráctil)</li> <li><strong>Consumo a potencia nominal</strong>1 l/h</li> <li><strong>Capacidad de aceite</strong>65 l</li> <li><strong>Capacidad tanque combustible</strong>5 l</li> <li><strong>Diámetro succión x descarga</strong> 3 x 3 in</li> <li><strong>Cabeza máxima</strong> 80 m</li> <li><strong>Caudal máximo</strong> 850 lpm</li> <li><strong>Dimensiones (L x An x Al):</strong> 80 X 70 X 70</li> <li><strong>Peso:</strong>  78kg</li> </ul>,"<p><em>Los productos originales pueden variar ligeramente respecto a las fotos, la información en esta ficha está sujeta a cambios sin previo aviso.</em></p> <h2>Motobombas de Presión</h2> <p><strong>BDK1863HYR Motobomba presión KAMA 3X3 Diesel 10hp caudal Max 850 litros/min, presión Max 80mts/114psi</strong></p> <p>Motobomba diésel centrifuga alta presión desensamblada para montaje en riel. Motor diésel de inyección directa balanceado para evitar vibraciones que cuenta con un eficiente sistema de inyección que asegurar una óptima combustión y un bajo nivel de consumo de combustible.</p> <ul> <li><strong>Tipo:</strong> Inyección directa, mono cilíndrico 4 Tiempos</li> <li><strong>Modo Refrigeración:</strong> Por aire, cilindro vertical</li> <li><strong>Tipo de Camisa de Cilindro:</strong> Camisa de acero</li> <li><strong>Diámetro x Carrera </strong>86 X 72 mm</li> <li><strong>Cilindrada:</strong> 418 cc</li> <li><strong>Relación de compresión:</strong> 19:1</li> <li><strong>Potencia neta:</strong> 10Hp</li> <li><strong>Tipo de arranque</strong>: Manual (retráctil)</li> <li><strong>Consumo a potencia nominal</strong>1 l/h</li> <li><strong>Capacidad de aceite</strong>65 l</li> <li><strong>Capacidad tanque combustible</strong>5 l</li> <li><strong>Diámetro succión x descarga</strong> 3 x 3 in</li> <li><strong>Cabeza máxima</strong> 80 m</li> <li><strong>Caudal máximo</strong> 850 lpm</li> </ul> <h2><a href=""https://equipmaster.com.co/como-elegir-una-bomba-de-agua-motobomba-o-electrobomba/""><strong>Como Elegir una Bomba de Agua, Motobomba o Electrobomba</strong></a></h2>",motobomba-presion-kama-3x3-diesel-10hp-caudal-max-850-litros-min,"Venta de Motobomba presión KAMA 3X3 Diesel 10hp caudal Max 850 litros/min, presión Max 80mts/114psi. Asesoría especializada, Envíos a todo Colombia.",3139000,3139000,KAMA,Bombas y agua,
437-SDG55-3,Planta Eléctrica MASTER KTC 60kva/48kw standby Trifásica motor Diesel 1800rpm,<h2>Generador de energía</h2> <ul> <li><strong>Referencia: </strong>437-SDG55-3</li> <li><strong>Tipo AC</strong> – Trifásico</li> <li><strong>Potencia Stand By</strong> 60 KVA // 48 KW</li> <li><strong>Potencia Prime</strong> 55 KVA // 44 KW</li> <li><strong>Voltaje Nominal Salida AC</strong> 127 (1φ) / 220 (3φ) V</li> <li><strong>Frecuencia Nominal</strong> 60 Hz</li> <li><strong>Factor de Potencia</strong>8</li> <li><strong>Sistema de Encendido</strong> Eléctrico (Batería incluida)</li> <li><strong>ATS</strong> Externo (Incluido)</li> <li><strong>Velocidad Nominal</strong> 1800 rpm</li> <li><strong>Panel de Control Digital</strong> – Programable</li> <li><strong>Regulador de Voltaje</strong> AVR</li> <li><strong>Voltaje del Sistema</strong> 12 V</li> <li><strong>Dimensiones (L x An x Al):</strong> 225 x 85 x 129</li> <li><strong>Peso:</strong> 1090Kg</li> </ul>,"<p><em>Los productos originales pueden variar ligeramente respecto a las fotos, la información en esta ficha está sujeta a cambios sin previo aviso.</em></p> <h2><b>Planta eléctrica </b>diésel</h2> <p><strong>437-SDG55-3 </strong><strong>MASTER KTC 60kva/48kw standby (55kva/44kw prime) Trifásica motor Diesel 1800rpm peso 1,090kg</strong></p> <p><strong>Motor</strong></p> <ul> <li><strong>Número de </strong><b>Cilindros</b> 4</li> <li><strong>Combustible</strong> Diésel</li> <li><strong>Potencia Nominal</strong> 80 Hp</li> <li><strong>Velocidad Nominal</strong> 1800 rpm</li> <li><strong>Cilindraje</strong> 4087 cc</li> <li><strong>Tipo de Refrigeración</strong> Refrigeración Líquida</li> <li><strong>Tipo de Inyección</strong> Directa</li> <li><strong>Sistema de Admisión</strong> Turbo cargado con Intercooler</li> <li><strong>Diámetro x Recorrido</strong> 105 x 118 mm</li> <li><strong>Relación de Compresión</strong> 18:1</li> </ul> <p><strong>Información adicional</strong></p> <ul> <li>Aplicaciones recomendadas</li> <li>Manejo de Herramientas eléctricas</li> <li>Sistema de respaldo de energía en edificios, hogares, fincas, etc</li> <li>Construcción y carreteras.</li> <li>Aplicaciones profesionales e industriales</li> <li>Eventos (conciertos, ferias, fiestas, competiciones deportivas, etc)</li> <li>Industria Oil & Gas</li> <li>Entre otros.</li> </ul> <p><strong>Accesorios incluidos</strong></p> <ul> <li>Kit de herramientas</li> <li>Batería</li> <li>Manual de usuario en español para el uso, mantenimiento, solución de problemas, etc.</li> </ul> <h2><a href=""https://equipmaster.com.co/plantas-electricas/consejos-que-debe-tener-en-cuenta-para-elegir-una-planta-electrica/"">Consejos que debe tener en cuenta para elegir una Planta Eléctrica</a></h2> <h2><a href=""https://equipmaster.com.co/plantas-electricas/antes-de-adquirir-una-planta-electrica-conozca-los-tipos-que-existen/"">Antes de Adquirir una Planta Eléctrica Conozca los Tipos que Existen</a></h2> <p><span style=""color: #ffffff;"">Planta eléctrica Homecenter</span></p>",planta-electrica-master-ktc-60kva-48kw-standby-trifasica-motor-diesel-1800rpm,"Venta de Planta Eléctrica MASTER KTC 60kva/48kw standby (55kva/44kw prime) Trifásica motor Diesel 1800rpm . Asesoría especializada, Envíos a todo Colombia.",59589000,59589000,MASTER,Energía,
XIG2200I,"Planta Electrica Alterman XIG2200I A Gasolina Inverter, 2 Kw encendido Manual","<h2>Generador <span style=""font-size: 24px;"">Eléctrico Inverter</span></h2> <ul> <li><strong>Potencia Máxima de Salida (kw)</strong> 2.2</li> <li><strong>Potencia Nominal de Salida (kw</strong>) 2</li> <li><strong>Voltaje (v)</strong> 120</li> <li><strong>Amperaje (a)</strong> 16.7</li> <li><strong>Frecuencia (Hz)</strong> 60</li> <li><strong>N° de Fases</strong> 1</li> <li><strong>Factor de Potencia</strong> Cos 1</li> <li><b>Dimensiones (L x An x Al):</b><span style=""font-weight: 400;""> 55 × 48 × 32 cm</span></li> <li><b>Peso:</b><span style=""font-weight: 400;""> 23</span></li> </ul>","<p><em>Los productos originales pueden variar ligeramente respecto a las fotos, la información en esta ficha está sujeta a cambios sin previo aviso.</em></p> <h2><b>Planta eléctrica a gasolina</b></h2> <p><strong>Generador Alterman A Gasolina 4T Inverter, 2 Kw, Encendido Manual, 120 V, XIG2500I.</strong></p> <p><strong>• Potencia Máxima de Salida (kw)</strong> 2.2<br /> <strong>• Potencia Nominal de Salida (kw)</strong> 2<br /> <strong>• Voltaje (v)</strong> 120<br /> <strong>• Amperaje (a)</strong> 16.7<br /> <strong>• Frecuencia (Hz)</strong> 60<br /> <strong>• N° de Fases</strong> 1<br /> <strong>• Factor de Potencia Cos</strong> 1<br /> <strong>• Tipo de Motor</strong> Mono cilíndrico, 4 Tiempos. Enfriado por Aire<br /> <strong>• Potencia Máxima hp/rpm</strong> 3.4/5000<br /> <strong>• Cilindrada (cc)</strong> 98<br /> <strong>• Sistema de Arranque</strong> Manual<br /> <strong>• Tipo de Combustible</strong> Gasolina<br /> • <strong>Tipo de Aceite para Motores a Gasolina</strong> Tipo SAE15W40/SAE20W50<br /> <strong>• Capacidad de Aceite</strong> 0.35</p> <h2><a href=""https://equipmaster.com.co/plantas-electricas/consejos-que-debe-tener-en-cuenta-para-elegir-una-planta-electrica/"">Consejos que debe tener en cuenta para elegir una Planta Eléctrica</a></h2> <h2><a href=""https://equipmaster.com.co/plantas-electricas/antes-de-adquirir-una-planta-electrica-conozca-los-tipos-que-existen/"">Antes de Adquirir una Planta Eléctrica Conozca los Tipos que Existen</a></h2> <p><span style=""color: #ffffff;"">planta eléctrica Homecenter </span></p>",planta-electrica-alterman-xig2200i-a-gasolina-inverter,"Venta de Planta Electrica Alterman A Gasolina 4T Inverter, 2 Kw encendido Manual . Envíos a toda Colombia.",3996020,3996020,ALTERMAN,Energía,
463-DIG4000G,"Planta Electrica 463-DIG4000G KTC SILENCIOSA DUAL Inverter 4,000w a gasolina Monofásica","<h2>Generador <span style=""font-size: 24px;"">Eléctrico Inverter</span></h2> <ul> <li><span style=""font-weight: 400;""><strong>Tipo AC</strong> – Monofásico</span></li> <li><span style=""font-weight: 400;""><strong>Potencia Máxima</strong>* 4000 W (Gasolina) // 3600 W (Gas Propano Licuado)</span></li> <li><span style=""font-weight: 400;""><strong>Potencia Nominal</strong> 3500 W (Gasolina) // 3150 W (Gas Propano Licuado)</span></li> <li><span style=""font-weight: 400;""><strong>Voltaje Nominal Salida AC</strong> 120 V</span></li> <li><span style=""font-weight: 400;""><strong>Frecuencia Nominal</strong> 60 Hz</span></li> <li><span style=""font-weight: 400;""><strong>Factor de Potencia</strong> 1.0</span></li> <li><span style=""font-weight: 400;""><strong>Salidas USB</strong> Si</span></li> <li><span style=""font-weight: 400;""><strong>Sistema de Encendido</strong> Manual y Eléctrico</span></li> <li><span style=""font-weight: 400;""><strong>Sistema de Ignición</strong> Transistorizado Magneto</span></li> <li><span style=""font-weight: 400;""><strong>Regulador de Voltaje</strong> AVR</span></li> <li><b>Dimensiones (L x An x Al):</b><span style=""font-weight: 400;"">  62 x 44.5 x 52</span></li> <li><b>Peso:</b><span style=""font-weight: 400;""> 44.5 kg</span></li> </ul>","<p><em>Los productos originales pueden variar ligeramente respecto a las fotos, la información en esta ficha está sujeta a cambios sin previo aviso.</em></p> <h2><b>Planta eléctrica a gasolina</b></h2> <p><span style=""font-weight: 400;""><strong>463-DIG4000G KTC SILENCIOSA DUAL Inverter 4,000w a gasolina Monofásica, Arranque Manual 120V</strong> </span></p> <ul> <li><b>Economía para el bolsillo –</b><span style=""font-weight: 400;""> Gran ahorro en costos de combustible al trabajar el equipo con gas propano. </span></li> <li><b>Panel Digital –</b><span style=""font-weight: 400;""> Con funciones en tiempo real para monitorear diversos parámetros del generador tales como: Nivel de combustible en tanque, porcentaje de potencia desarrollada en el momento, Voltaje, tiempo de trabajo restante dependiendo del nivel de combustible en el tanque y la carga a la cual está siendo sometido el equipo, entre otros </span></li> <li><b>Generador gama PREMIUM –</b><span style=""font-weight: 400;""> Mayor potencia y durabilidad en comparación a las demás marcas del mercado</span></li> <li><b>Inversor de alta tecnología – </b><span style=""font-weight: 400;"">Garantiza una potencia de salida estable y limpia (sin ruido eléctrico), tal como como la energía eléctrica convencional (de la pared)</span></li> <li><b>Control inteligente de aceleración – </b><span style=""font-weight: 400;"">Disminuye el consumo de combustible y ruido de trabajo del generador</span></li> <li><b>Protección contra sobrecargas –</b><span style=""font-weight: 400;""> Cuenta con un breaker principal y un breaker para la salida DC, encargados de proteger el alternador</span></li> <li><b>Encendido Remoto – </b><span style=""font-weight: 400;"">Cuenta con un Control para el encendido o apagado del generador, con ello podemos disponer en qué momento deseamos obtener energía del generador y apagar el generador cuando no estemos aprovechando la energía generada por este equipo.</span></li> </ul> <p><b>Aplicaciones recomendadas </b></p> <ul> <li style=""font-weight: 400;"" aria-level=""1""><span style=""font-weight: 400;"">Dispositivos electrónicos (Computadores, celulares, tablets, televisores, hornos microondas, etc)</span></li> <li style=""font-weight: 400;"" aria-level=""1""><span style=""font-weight: 400;"">Food trucks (puestos de comida callejeros)</span></li> <li style=""font-weight: 400;"" aria-level=""1""><span style=""font-weight: 400;"">Campings</span></li> <li style=""font-weight: 400;"" aria-level=""1""><span style=""font-weight: 400;"">UPS</span></li> </ul> <ul> <li style=""font-weight: 400;"" aria-level=""1""><span style=""font-weight: 400;"">Potencia Máxima* 4000 W (Gasolina) // 3600 W (Gas Propano Licuado)</span></li> <li style=""font-weight: 400;"" aria-level=""1""><span style=""font-weight: 400;"">Potencia Nominal 3500 W (Gasolina) // 3150 W (Gas Propano Licuado)</span></li> <li style=""font-weight: 400;"" aria-level=""1""><span style=""font-weight: 400;"">Voltaje Nominal Salida AC 120 V</span></li> <li style=""font-weight: 400;"" aria-level=""1""><span style=""font-weight: 400;"">Sistema de Encendido Manual y Eléctrico</span></li> <li style=""font-weight: 400;"" aria-level=""1""><span style=""font-weight: 400;"">Sistema de Ignición Transistorizado Magneto</span></li> <li style=""font-weight: 400;"" aria-level=""1""><span style=""font-weight: 400;"">Capacidad Tanque de Gasolina 13 L (3.4 gal)</span></li> <li style=""font-weight: 400;"" aria-level=""1""><span style=""font-weight: 400;"">Autonomía Aproximada con Tanque Lleno 12 Horas (Al 50% de la Carga) </span></li> <li style=""font-weight: 400;"" aria-level=""1""><span style=""font-weight: 400;"">Tiempo Máximo de Trabajo Continuo 8 Horas</span></li> <li style=""font-weight: 400;"" aria-level=""1""><span style=""font-weight: 400;"">Nivel de Ruido 52 dBA</span></li> </ul> <p><b>MOTOR</b></p> <ul> <li style=""font-weight: 400;"" aria-level=""1""><span style=""font-weight: 400;"">Tipo 4 Tiempos / Refrigerado por Aire / OHV</span></li> <li style=""font-weight: 400;"" aria-level=""1""><span style=""font-weight: 400;"">Combustible Gasolina sin plomo con octanaje 86 o superior / Gas Propano Licuado</span></li> <li style=""font-weight: 400;"" aria-level=""1""><span style=""font-weight: 400;"">Potencia Máxima* 5.45 KW / 3600 rpm</span></li> <li style=""font-weight: 400;"" aria-level=""1""><span style=""font-weight: 400;"">Cilindraje 224 cc</span></li> <li style=""font-weight: 400;"" aria-level=""1""><span style=""font-weight: 400;"">Velocidad Máxima 3600 rpm</span></li> <li style=""font-weight: 400;"" aria-level=""1""><span style=""font-weight: 400;"">0.75 gal/h (gasolina)</span></li> <li style=""font-weight: 400;"" aria-level=""1""><span style=""font-weight: 400;"">Sistema de Lubricación Presión / Salpique</span></li> <li style=""font-weight: 400;"" aria-level=""1""><span style=""font-weight: 400;"">Tipo de eje Cónico</span></li> <li style=""font-weight: 400;"" aria-level=""1""><span style=""font-weight: 400;"">Filtro de Aire Doble Elemento</span></li> <li style=""font-weight: 400;"" aria-level=""1""><span style=""font-weight: 400;"">Capacidad Tanque de Aceite 0.57 L</span></li> <li style=""font-weight: 400;"" aria-level=""1""><span style=""font-weight: 400;"">Aceite de Lubricación Estándar SAE 10W30</span></li> <li style=""font-weight: 400;"" aria-level=""1""><span style=""font-weight: 400;"">Aceite de Lubricación Para Temperatura Ambiente >28°C  SAE 20W50.</span></li> </ul> <h2><a href=""https://equipmaster.com.co/plantas-electricas/consejos-que-debe-tener-en-cuenta-para-elegir-una-planta-electrica/"">Consejos que debe tener en cuenta para elegir una Planta Eléctrica</a></h2> <h2><a href=""https://equipmaster.com.co/plantas-electricas/antes-de-adquirir-una-planta-electrica-conozca-los-tipos-que-existen/"">Antes de Adquirir una Planta Eléctrica Conozca los Tipos que Existen</a></h2> <p><span style=""color: #ffffff;"">planta eléctrica Homecenter </span></p>",planta-electrica-463-dig4000g-ktc-silenciosa-dual-inverter-4000w-a-gasolina-monofasica,"Venta de Planta Eléctrica 463-DIG4000G KTC SILENCIOSA DUAL Inverter 4,000w a gasolina Monofásica, Arranque Manual 120V . Envíos a toda Colombia.",5109000,5109000,KTC,Energía,
463-DIG2200,"Planta Electrica 463-DIG2200 KTC SILENCIOSA Inverter 2,200watt a gasolina Monofásica","<h2>Generador <span style=""font-size: 24px;"">Eléctrico Inverter</span></h2> <ul> <li><span style=""font-weight: 400;""><strong>Tipo AC</strong> – Monofásico</span></li> <li><span style=""font-weight: 400;""><strong>Potencia Máxima*</strong> 2200 W</span></li> <li><span style=""font-weight: 400;""><strong>Potencia Nominal</strong> 2000 W</span></li> <li><span style=""font-weight: 400;""><strong>Voltaje Nominal Salida</strong> AC 120 V</span></li> <li><span style=""font-weight: 400;""><strong>Frecuencia Nominal</strong> 60 Hz</span></li> <li><span style=""font-weight: 400;""><strong>Factor de Potencia</strong> 1.0</span></li> <li><span style=""font-weight: 400;""><strong>Voltaje Nominal Salida DC</strong> 12 V</span></li> <li><span style=""font-weight: 400;""><strong>Corriente Nominal Salida DC</strong> 8.3 A</span></li> <li><span style=""font-weight: 400;""><strong>Salidas USB</strong> Sí</span></li> <li><span style=""font-weight: 400;""><strong>Nivel de Ruido</strong> 52 dBA</span></li> <li><b>Dimensiones (L x An x Al):</b><span style=""font-weight: 400;"">  51 x 26.5 x 46</span></li> <li><b>Peso:</b><span style=""font-weight: 400;""> 24 kg</span></li> </ul>","<p><em>Los productos originales pueden variar ligeramente respecto a las fotos, la información en esta ficha está sujeta a cambios sin previo aviso.</em></p> <h2><b>Planta eléctrica a gasolina</b></h2> <p><span style=""font-weight: 400;""><strong><b>463-DIG2200</b> KTC SILENCIOSA Inverter 2,200watt a gasolina Monofásica, Arranque Manual 120V</strong></span></p> <ul> <li><b>Panel Digital </b><span style=""font-weight: 400;"">– Con funciones en tiempo real para monitorear diversos parámetros del generador tales como: Nivel de combustible en tanque, porcentaje de potencia desarrollada en el momento, Voltaje, tiempo de trabajo restante dependiendo del nivel de combustible en el tanque y la carga a la cual está siendo sometido el equipo, entre otros</span></li> <li><b> Generador gama PREMIUM </b><span style=""font-weight: 400;"">– Mayor potencia y durabilidad en comparación a las demás marcas del mercado.</span></li> <li><b>Inversor de alta tecnología </b><span style=""font-weight: 400;"">– Garantiza una potencia de salida estable y limpia (sin ruido eléctrico), tal como como la energía eléctrica convencional (de la pared).</span></li> <li><b> Control inteligente de aceleración </b><span style=""font-weight: 400;"">– Disminuye el consumo de combustible y ruido de trabajo del generador.</span></li> <li><b>Protección contra sobrecargas</b><span style=""font-weight: 400;""> – Cuenta con un breaker principal y un breaker para la salida DC, encargados de proteger el alternador.</span></li> </ul> <ul> <li style=""font-weight: 400;"" aria-level=""1""><span style=""font-weight: 400;"">Factor de Potencia 1.0</span></li> <li style=""font-weight: 400;"" aria-level=""1""><span style=""font-weight: 400;"">Voltaje Nominal Salida DC 12 V</span></li> <li style=""font-weight: 400;"" aria-level=""1""><span style=""font-weight: 400;"">Corriente Nominal Salida DC 8.3 A</span></li> <li style=""font-weight: 400;"" aria-level=""1""><span style=""font-weight: 400;"">Regulador de Voltaje AVR</span></li> <li style=""font-weight: 400;"" aria-level=""1""><span style=""font-weight: 400;"">Capacidad Tanque de Gasolina 4.5 L (1.2 gal) </span></li> <li style=""font-weight: 400;"" aria-level=""1""><span style=""font-weight: 400;"">Autonomía Aproximada con Tanque Lleno 6 Horas y 47 Minutos (Al 50% de la Carga)</span></li> <li style=""font-weight: 400;"" aria-level=""1""><span style=""font-weight: 400;"">Tiempo Máximo de Trabajo Continuo  8 Horas</span></li> <li style=""font-weight: 400;"" aria-level=""1""><span style=""font-weight: 400;"">Nivel de Ruido 52 dBA</span></li> </ul> <p><b>MOTOR</b><span style=""font-weight: 400;""> </span></p> <ul> <li style=""font-weight: 400;"" aria-level=""1""><span style=""font-weight: 400;"">Tipo 4 Tiempos / Refrigerado por Aire / OHV</span></li> <li style=""font-weight: 400;"" aria-level=""1""><span style=""font-weight: 400;"">Combustible Gasolina sin plomo con octanaje 86 o superior</span></li> <li style=""font-weight: 400;"" aria-level=""1""><span style=""font-weight: 400;"">Potencia Máxima* 2.2 KW / 4800 rpm</span></li> <li style=""font-weight: 400;"" aria-level=""1""><span style=""font-weight: 400;"">Torque Nominal 3.0 Nm / 3600 rpm</span></li> <li style=""font-weight: 400;"" aria-level=""1""><span style=""font-weight: 400;"">Cilindraje 80 cc</span></li> <li style=""font-weight: 400;"" aria-level=""1""><span style=""font-weight: 400;"">Velocidad Máxima 4800 rpm</span></li> <li style=""font-weight: 400;"" aria-level=""1""><span style=""font-weight: 400;"">0.25 gal/h (gasolina)</span></li> <li style=""font-weight: 400;"" aria-level=""1""><span style=""font-weight: 400;"">Sistema de Lubricación Presión / Salpique</span></li> <li style=""font-weight: 400;"" aria-level=""1""><span style=""font-weight: 400;"">Tipo de eje Cónico</span></li> <li style=""font-weight: 400;"" aria-level=""1""><span style=""font-weight: 400;"">Filtro de Aire Doble Elemento</span></li> <li style=""font-weight: 400;"" aria-level=""1""><span style=""font-weight: 400;"">Capacidad Tanque de Aceite 0.35 L</span></li> <li style=""font-weight: 400;"" aria-level=""1""><span style=""font-weight: 400;"">Aceite de Lubricación Estándar SAE 10W30 </span></li> <li style=""font-weight: 400;"" aria-level=""1""><span style=""font-weight: 400;"">Aceite de Lubricación Para Temperatura Ambiente >28°C  SAE 20W50</span></li> </ul> <p><b>Aplicaciones recomendadas</b></p> <ul> <li><span style=""font-weight: 400;"">Dispositivos electrónicos (Computadores, celulares, tablets, televisores, hornos microondas, etc).</span></li> <li><span style=""font-weight: 400;"">Food trucks (puestos de comida callejeros).</span></li> <li><span style=""font-weight: 400;""> Campings</span></li> <li><span style=""font-weight: 400;""> UPS.</span></li> </ul> <p> </p> <h2><a href=""https://equipmaster.com.co/plantas-electricas/consejos-que-debe-tener-en-cuenta-para-elegir-una-planta-electrica/"">Consejos que debe tener en cuenta para elegir una Planta Eléctrica</a></h2> <h2><a href=""https://equipmaster.com.co/plantas-electricas/antes-de-adquirir-una-planta-electrica-conozca-los-tipos-que-existen/"">Antes de Adquirir una Planta Eléctrica Conozca los Tipos que Existen</a></h2> <p><span style=""color: #ffffff;"">planta eléctrica Homecenter </span></p>",planta-electrica-463-dig2200-ktc-silenciosa-inverter-2200watt-a-gasolina-monofasica,"Venta de Planta Electrica 463-DIG2200 KTC SILENCIOSA Inverter 2,200watt a gasolina Monofásica, Arranque Manual 120V . Envíos a toda Colombia.",3179000,3179000,KTC,Energía,
463-DIG1200,"Planta Electrica 463-DIG1200 KTC SILENCIOSA Inverter 1,200w a gasolina Monofásica","<h2>Generador <span style=""font-size: 24px;"">Eléctrico Inverter</span></h2> <ul> <li><span style=""font-weight: 400;""><strong>Tipo AC</strong> – Monofásico</span></li> <li><span style=""font-weight: 400;""><strong>Potencia Máxima*</strong> 1200 W</span></li> <li><span style=""font-weight: 400;""><strong>Potencia Nominal</strong> 1000 W</span></li> <li><span style=""font-weight: 400;""><strong>Voltaje Nominal Salida AC</strong> 120 V</span></li> <li><span style=""font-weight: 400;""><strong>Frecuencia</strong> Nominal 60 Hz</span></li> <li><span style=""font-weight: 400;""><strong>Factor de Potencia</strong> 1.0</span></li> <li><span style=""font-weight: 400;""><strong>Voltaje Nominal Salida DC</strong> 12 V</span></li> <li><span style=""font-weight: 400;""><strong>Corriente Nominal Salida DC</strong> 8.3 A</span></li> <li><span style=""font-weight: 400;""><strong>Sistema de Encendido</strong> Manual</span></li> <li><span style=""font-weight: 400;""><strong>Regulador de Voltaje</strong> AVR</span></li> <li><span style=""font-weight: 400;""><strong>Capacidad Tanque de Gasolina</strong> 3.0 L (0.8 gal)</span></li> <li><span style=""font-weight: 400;""><strong>Nivel de Ruido</strong>  52 dBA</span></li> <li><b>Dimensiones (L x An x Al):</b><span style=""font-weight: 400;"">  47 X 26 X 40</span></li> <li><b>Peso:</b><span style=""font-weight: 400;""> 14 kg</span></li> </ul>","<p><em>Los productos originales pueden variar ligeramente respecto a las fotos, la información en esta ficha está sujeta a cambios sin previo aviso.</em></p> <h2><b>Planta eléctrica a gasolina</b></h2> <p><span style=""font-weight: 400;""><strong>463-DIG1200 KTC SILENCIOSA Inverter 1,200w a gasolina Monofásica, Arranque Manual 120V</strong> </span></p> <ul> <li><b>Panel Digital</b><span style=""font-weight: 400;""> – Con funciones en tiempo real para monitorear diversos parámetros del generador tales como: Nivel de combustible en tanque, porcentaje de potencia desarrollada en el momento, Voltaje, tiempo de trabajo restante dependiendo del nivel de combustible en el tanque y la carga a la cual está siendo sometido el equipo, entre otros.</span></li> <li><b> Generador gama PREMIUM</b><span style=""font-weight: 400;""> – Mayor potencia y durabilidad en comparación a las demás marcas del mercado.</span></li> <li><b> Inversor de alta tecnología</b><span style=""font-weight: 400;""> – Garantiza una potencia de salida estable y limpia (sin ruido eléctrico), tal como como la energía eléctrica convencional (de la pared). </span></li> <li><b>Control inteligente de aceleración</b><span style=""font-weight: 400;""> – Disminuye el consumo de combustible y ruido de trabajo del generador.</span></li> <li><b>Conexión en paralelo </b><span style=""font-weight: 400;"">– Para duplicar la potencia entregada conectando otro generador de la misma referencia. </span></li> <li><b>Protección contra sobrecargas </b><span style=""font-weight: 400;"">– Cuenta con un breaker principal y un breaker para la salida DC, encargados de proteger el alternador.</span></li> </ul> <ul> <li style=""font-weight: 400;"" aria-level=""1""><span style=""font-weight: 400;""><strong>Salidas USB</strong> No</span></li> <li style=""font-weight: 400;"" aria-level=""1""><span style=""font-weight: 400;""><strong>Sistema de Ignición Transistorizado</strong> Magneto</span></li> <li style=""font-weight: 400;"" aria-level=""1""><span style=""font-weight: 400;""><strong>Capacidad Tanque de Gasolina</strong> 3.0 L (0.8 gal)</span></li> <li style=""font-weight: 400;"" aria-level=""1""><span style=""font-weight: 400;""><strong>Autonomía Aproximada al 100% de Carga </strong> 4 Horas</span></li> <li style=""font-weight: 400;"" aria-level=""1""><span style=""font-weight: 400;""><strong>Tiempo Máximo de Trabajo Continuo</strong> 8 Horas</span></li> <li style=""font-weight: 400;"" aria-level=""1""><span style=""font-weight: 400;""><strong>Nivel de Ruido</strong>  52 dBA</span></li> </ul> <p><strong>Aplicaciones recomendadas</strong></p> <ul> <li>Dispositivos electrónicos (Computadores, celulares, tablets, televisores, hornos microondas, etc).</li> <li>Food trucks (puestos de comida callejeros).</li> <li>Campings.</li> <li>UPS</li> </ul> <p><b>MOTOR </b></p> <ul> <li style=""font-weight: 400;"" aria-level=""1""><span style=""font-weight: 400;""><strong>Tipo</strong> 4 Tiempos / Refrigerado por Aire / OHV</span></li> <li style=""font-weight: 400;"" aria-level=""1""><span style=""font-weight: 400;""><strong>Combustible</strong> Gasolina sin plomo con octanaje 86 o superior / Gas Propano Licuado</span></li> <li style=""font-weight: 400;"" aria-level=""1""><span style=""font-weight: 400;""><strong>Potencia Máxima</strong>* 1.5 KW / 5000 rpm</span></li> <li style=""font-weight: 400;"" aria-level=""1""><span style=""font-weight: 400;""><strong>Torque Nominal</strong> 2.0 Nm / 3600 rpm</span></li> <li style=""font-weight: 400;"" aria-level=""1""><span style=""font-weight: 400;""><strong>Cilindraje</strong> 54 cc</span></li> <li style=""font-weight: 400;"" aria-level=""1""><span style=""font-weight: 400;""><strong>Velocidad Máxim</strong>a 5000 rpm</span></li> <li style=""font-weight: 400;"" aria-level=""1""><span style=""font-weight: 400;""><strong>Consumo Aproximado a Carga Nominal</strong> 0.20 gal/h (gasolina)</span></li> <li style=""font-weight: 400;"" aria-level=""1""><span style=""font-weight: 400;""><strong>Sistema de Lubricación</strong> Presión / Salpique</span></li> <li style=""font-weight: 400;"" aria-level=""1""><span style=""font-weight: 400;""><strong>Filtro de Aire</strong> Doble Elemento</span></li> <li style=""font-weight: 400;"" aria-level=""1""><span style=""font-weight: 400;""><strong>Capacidad Tanque de Aceite</strong> 0.35 L</span></li> <li style=""font-weight: 400;"" aria-level=""1""><span style=""font-weight: 400;""><strong style=""font-weight: 400;"">Aceite de Lubricación </strong><b>Estándar</b> SAE 10W30</span></li> <li style=""font-weight: 400;"" aria-level=""1""><span style=""font-weight: 400;""><strong>Aceite de Lubricación Para Temperatura Ambiente</strong> >28°C  SAE 20W50</span></li> </ul> <h2><a href=""https://equipmaster.com.co/plantas-electricas/consejos-que-debe-tener-en-cuenta-para-elegir-una-planta-electrica/"">Consejos que debe tener en cuenta para elegir una Planta Eléctrica</a></h2> <h2><a href=""https://equipmaster.com.co/plantas-electricas/antes-de-adquirir-una-planta-electrica-conozca-los-tipos-que-existen/"">Antes de Adquirir una Planta Eléctrica Conozca los Tipos que Existen</a></h2> <p><span style=""color: #ffffff;"">planta eléctrica Homecenter </span></p>",planta-electrica-463-dig1200-ktc-silenciosa-inverter-1200w-a-gasolina-monofasica,"Venta de Planta Electrica 463-DIG1200 KTC SILENCIOSA Inverter 1,200w a gasolina Monofasica, Arranque Manual 120V . Envíos a toda Colombia.",2279000,2279000,KTC,Energía,
DGR2300IS,"Planta Eléctrica DGR2300IS DUCATI SILENCIOSA Inverter 2000watts máximo, monofásica","<h2><strong>Generador </strong>Eléctrico <b>Inverter</b></h2> <ul> <li style=""font-weight: 400;"" aria-level=""1""><span style=""font-weight: 400;""><strong>Potencia Máx </strong> 2000W</span></li> <li style=""font-weight: 400;"" aria-level=""1""><span style=""font-weight: 400;""><strong>Potencia Continua</strong> 1800W</span></li> <li style=""font-weight: 400;"" aria-level=""1""><span style=""font-weight: 400;""><strong>Voltaje</strong> 110V</span></li> <li style=""font-weight: 400;"" aria-level=""1""><span style=""font-weight: 400;""><strong> N° de fases</strong>  1</span></li> <li style=""font-weight: 400;"" aria-level=""1""><span style=""font-weight: 400;""><strong>Corriente</strong>  16.4 Amp</span></li> <li style=""font-weight: 400;"" aria-level=""1""><span style=""font-weight: 400;""><strong>Frecuencia</strong> 60Hz</span></li> <li style=""font-weight: 400;"" aria-level=""1""><span style=""font-weight: 400;""><strong>Regulación</strong> Inversora</span></li> <li style=""font-weight: 400;"" aria-level=""1""><span style=""font-weight: 400;""><strong>Tomas de conexión</strong> 2 a 120V</span></li> <li aria-level=""1""><strong>Nivel de ruido<span style=""font-weight: 400;""> 61,6Dd</span></strong></li> <li style=""font-weight: 400;"" aria-level=""1""><span style=""font-weight: 400;""><strong>Dimensiones (L x An x Al) </strong> 51 x 34.5 x 50 cm</span></li> <li style=""font-weight: 400;"" aria-level=""1""><span style=""font-weight: 400;""><strong>Peso </strong> 21 Kg</span></li> </ul>","<p><em>Los productos originales pueden variar ligeramente respecto a las fotos, la información en esta ficha está sujeta a cambios sin previo aviso.</em></p> <h2>Planta eléctrica a gasolina</h2> <p><strong>DGR2300IS DUCATI SILENCIOSA Inverter 2000 watts máximo, monofásica</strong></p> <p><span style=""font-weight: 400;"">La planta eléctrica portátil inverter Ducati, conocida por su silencio y portabilidad, es una elección popular en sectores como eventos, pequeños negocios, camping y profesionales que necesitan energía instantánea. Su diseño compacto y ergonómico facilita su colocación y almacenamiento.</span></p> <p><span style=""font-weight: 400;"">Este generador eléctrico inverter te permite llevar la energía a cualquier lugar sin los inconvenientes de las tecnologías tradicionales. Proporciona una fuente de energía confiable y silenciosa para alimentar tus dispositivos</span></p> <p><span style=""font-weight: 400;"">Sus aplicaciones más comunes incluyen campamentos sin acceso a energía eléctrica, laboratorios móviles que requieren energía portátil y dispositivos de corriente continua como refrigeradores, televisores y electrodomésticos similares.</span></p> <p><b>Motor</b></p> <ul> <li style=""font-weight: 400;"" aria-level=""1""><span style=""font-weight: 400;""><strong>Potencia</strong> 3,0Hp</span></li> <li style=""font-weight: 400;"" aria-level=""1""><span style=""font-weight: 400;""><strong>Tipo combustible</strong> Gasolina</span></li> <li style=""font-weight: 400;"" aria-level=""1""><span style=""font-weight: 400;""><strong>Depósito de combustible</strong> 4,2L</span></li> <li style=""font-weight: 400;"" aria-level=""1""><span style=""font-weight: 400;""><strong>Consumo combustible</strong> 0,2 g/h</span></li> <li style=""font-weight: 400;"" aria-level=""1""><span style=""font-weight: 400;""><strong>Refrigeración</strong> Aire</span></li> <li style=""font-weight: 400;"" aria-level=""1""><span style=""font-weight: 400;""><strong>Tipo de aceite</strong> 20w50</span></li> <li style=""font-weight: 400;"" aria-level=""1""><span style=""font-weight: 400;""><strong>Tipo de arranque</strong> Retráctil </span></li> <li style=""font-weight: 400;"" aria-level=""1""><span style=""font-weight: 400;""><strong>Capacidad de aceite</strong> 0,25 L</span></li> <li style=""font-weight: 400;"" aria-level=""1""><span style=""font-weight: 400;""><strong>Nivel de ruido</strong> 61,6Dd</span></li> </ul> <h2><a href=""https://equipmaster.com.co/plantas-electricas/consejos-que-debe-tener-en-cuenta-para-elegir-una-planta-electrica/"">Consejos que debe tener en cuenta para elegir una Planta Eléctrica</a></h2> <h2><a href=""https://equipmaster.com.co/plantas-electricas/antes-de-adquirir-una-planta-electrica-conozca-los-tipos-que-existen/"">Antes de Adquirir una Planta Eléctrica Conozca los Tipos que Existen</a></h2> <p><span style=""color: #ffffff;"">planta eléctrica Homecenter</span></p>",planta-electrica-dgr2300is-ducati-silenciosa-inverter-2000watts,"Venta de Planta Eléctrica DGR2300IS DUCATI SILENCIOSA Inverter 2000 watts máximo, monofásica. Asesoría especializada. Envíos a todo Colombia.",2999000,2999000,DUCATI,Energía,
RE130,"Hidrolavadora Eléctrica STIHL RE130 presión máx. 1595psi, 440 litros/Hora","<h2><b>Hidrolavadora STIHL</b></h2> <ul> <li><strong>Presión de trabajo </strong><span style=""font-weight: 400;"">135 bar</span></li> <li><strong>Presión máx.</strong> <span style=""font-weight: 400;"">170 bar 1)</span></li> <li><strong>Caudal de agua min</strong> <span style=""font-weight: 400;"">420 l/h</span></li> <li><strong>Caudal de agua max.</strong> <span style=""font-weight: 400;"">500 l/h</span></li> <li><strong>Temperatura máx. de entrada agua</strong> <span style=""font-weight: 400;"">40 °C</span></li> <li><strong>Potencia</strong> <span style=""font-weight: 400;"">2,3 kW</span></li> <li><strong>Nivel sonoro </strong><span style=""font-weight: 400;"">86 dB(A) 2)</span></li> <li><strong>Tensión nominal</strong> <span style=""font-weight: 400;"">220-240 V</span></li> <li><b>Dimensiones (L x An x Al):</b><span style=""font-weight: 400;"">  36 x 77 x 37</span></li> <li style=""font-weight: 400;"" aria-level=""1""><b>Peso:</b> <span style=""font-weight: 400;"">21,2 kg</span></li> </ul>","<p><em>Los productos originales pueden variar ligeramente respecto a las fotos, la información en esta ficha está sujeta a cambios sin previo aviso.</em></p> <h2><b>Hidrolavadora </b>eléctrica</h2> <div class=""product-details__highlights""> <p><span style=""font-weight: 400;""><b style=""font-weight: 400;"">STIHL RE130 </b><b>presión</b><b style=""font-weight: 400;""> </b><b>máx.</b><b style=""font-weight: 400;""> 1595psi, 440 litros/Hora 2,3kw (trabajo profesional)</b></span></p> <div class=""product-detail-intro""> <div class=""text-wrapper""> <p>Hidrolavadora ideal para trabajos de limpieza en el hogar y el jardín, alcanza mayor presión con su nuevo desarrollo atractivo y moderno. Su motor es de inducción, la cabeza de la bomba en Aluminio y pistón en acero inoxidable que no producen tirones ni arranques difíciles</p> </div> </div> </div> <ul> <li style=""font-weight: 400;"" aria-level=""1""><span style=""font-weight: 400;"">Potente hidrolimpiadora para el jardín</span></li> <li style=""font-weight: 400;"" aria-level=""1""><span style=""font-weight: 400;"">Cómodo manejo gracias al largo sistema de pulverizado</span></li> <li style=""font-weight: 400;"" aria-level=""1""><span style=""font-weight: 400;"">Tambor de la manguera en la carcasa para un almacenamiento práctico</span></li> <li style=""font-weight: 400;"" aria-level=""1""><span style=""font-weight: 400;"">Manguera de alta presión con refuerzo de acero de larga vida útil</span></li> </ul> <div class=""product-details__highlights""> <h2><a href=""https://equipmaster.com.co/aseo-y-limpieza/que-hay-que-tener-en-cuenta-al-comprar-una-hidrolavadora/"">¿Qué hay que tener en Cuenta al Comprar una Hidrolavadora?</a></h2> </div>",hidrolavadora-electrica-stihl-re130-presion-max-1595psi-440-litros-hora,"Venta de Hidrolavadora Eléctrica STIHL RE130 (trabajo profesional) , contamos con amplio catálogo. Asesoría especializada, Envíos a todo Colombia.",1709000,1709000,STIHL,Bombas y agua,
WF1011,Compresor de aire WOLFOX WF1011 12v presión máx 300psi,"<h2><span data-sheets-value=""{""1"":2,""2"":""compresor de aire portatil""}"">Compresor de aire portátil</span></h2> <ul> <li><span style=""font-weight: 400;""><strong style=""font-weight: 400;""> Presión </strong><b>Máx.</b> 300 PSI</span></li> <li><span style=""font-weight: 400;""><strong> Voltaje </strong>12 V</span></li> <li><span style=""font-weight: 400;""><strong> Manguera</strong> 47 cm</span></li> <li><strong>Numero de ciclos</strong> Numero de ciclos</li> <li><span style=""font-weight: 400;""><strong> Tipo de empaque</strong> Caja</span></li> <li><span style=""font-weight: 400;""><strong>Dimensiones (L x An x Al)</strong>  14.5 x 8.5 x 13</span></li> <li><span style=""font-weight: 400;""><strong>Peso</strong> 0.55 k</span></li> </ul> <p><a href=""https://youtube.com/shorts/x0YkLcnzUJc?feature=shared""><strong>Ver video del compresor aquí</strong></a></p>","<p><em>Los productos originales pueden variar ligeramente respecto a las fotos, la información en esta ficha está sujeta a cambios sin previo aviso</em></p> <h2><strong>Compresor de aire</strong></h2> <p><strong> WF1011 WOLFOX 12v presión Max 300 psi 0,55Kg</strong></p> <ul> <li><span style=""font-weight: 400;"">Al ser portátil, podrás trasladarlo fácilmente</span></li> <li><span style=""font-weight: 400;""><strong>Presión máxima</strong> de 300 psi</span></li> <li><span style=""font-weight: 400;"">Apto para automóviles</span></li> <li><span style=""font-weight: 400;""><strong>Largo de la manguera</strong> de 47 cm</span></li> <li><span style=""font-weight: 400;"">Potencia tus herramientas neumáticas y facilita múltiples tareas manuales</span></li> <li><span style=""font-weight: 400;""> Compresor de aire con adaptador para auto con manómetro calibrador</span></li> <li><span style=""font-weight: 400;""><strong> Adaptador</strong> de auto 12 voltios</span></li> <li><span style=""font-weight: 400;""> Manómetro calibrador</span></li> <li><strong>Ciclo de trabajo</strong> 20 Min de trabajo</li> <li><strong>Ciclo de trabajo</strong> 10 Min de descanso</li> </ul>",compresor-de-aire-wolfox-wf1011-12v-presion-max-300psi,Venta Compresor de aire WOLFOX WF1011 12v presión máx 300psi. Amplio catalogo en compresor de aire. Asesoría especializada. Envíos nacionales.,49000,49000,WOLFOX,Bombas y agua,
EM-M1B-LTM,Mezcladora MASTER 1 Bulto (180litros/6.3ft³) MASTER LITE (con diferentes opciones de motor),"<h2><strong>Trompo Mezclador</strong></h2> <ul> <li><strong>Capacidad máxima</strong> 220 lts</li> <li><strong>Capacidad de mezclado</strong> 170 lts</li> <li><strong>Giro tambor</strong> 360°</li> <li><strong>Vueltas por minuto</strong> 28-34</li> <li><strong>Polea motora</strong> 2 ½”</li> <li><strong>Llantas Maciza</strong> con rin aluminio de 14”</li> </ul> <p><strong>Incluye llanta Remanufacturada</strong></p> <p>Por recomendacion del fabricante este equipo no se debe transportar por medio de arrastre con tiro de vehículos, las llantas no cumplen la función de largos traslado, se utilizan para facilitar la maniobra y movimiento de la mezcladora</p>","<p>Los productos originales pueden variar ligeramente respecto a las fotos, la información en esta ficha está sujeta a cambios sin previo aviso.</p> <h2><strong>Mezcladora de Cemento</strong></h2> <p><strong>MASTER  1 Bulto (180litros/6.3ft³) MASTER LITE (cemento , trompo, concretadora)</strong></p> <ul> <li><strong>Seguridad: Picaporte tipo pedal</strong></li> <li><strong>Accesorios:</strong> Tubo de arrastre escualizable, tapa cabila removible, base de motor, protector de corona (No incluye)</li> <li><strong>Motor:</strong> Eléctrico y gasolina</li> <li><strong>Plato de volteo </strong><br /> Equipada con posiciones especificas diseñadas para optimizar el proceso de mezclado</li> <li><strong>Tubo de tiro</strong><br /> Escualizable, con manillar protector y seguro tipo pasador de cadena</li> <li><strong>Picaporte</strong><br /> Tipo pedal</li> <li><strong>Soporte de motor</strong><br /> Bandeja graduable con correderas para su uso con motor eléctrico y gasolina</li> <li><strong>Cabina</strong><br /> Fabricada con sistema de ventilación que garantiza una óptima disipación del calor generado por el motor durante su funcionamiento</li> <li><strong>Piñonería</strong><br /> Fabricada en hierro colado para mayor resistencia y durabilidad.</li> </ul> <h2><strong style=""color: #1b1919;""><a href=""https://equipmaster.com.co/construccion/tipos-de-mezcladoras-de-concreto-segun-su-uso-siga-estos-consejos-para-una-compra-exitosa/"">Tipos de Trompo mezclador según su Uso. Siga estos Consejos para una Compra Exitosa.</a></strong></h2> <h2></h2>",mezcladora-master-1-bulto-180litros-master-lite-con-diferentes-opciones-de-motor,Venta de Mezcladora de Concreto Mezcladora MASTER 1 bulto (180litros/6.3ft³) MASTER LITE. Asesoría especializada. Envíos a todo Colombia.,3889000,,MASTER,Construcción,
EM-M1B-LTMSM,Mezcladora MASTER 1 Bulto (180litros/6.3ft³) Sin motor MASTER LITE,"<h2>Trompo Mezclador</h2> <ul> <li><strong>Capacidad máxima</strong> 220 lts</li> <li><strong>Capacidad de mezclado</strong> 170 lts</li> <li><strong>Giro tambor</strong> 360°</li> <li><strong>Vueltas por minuto</strong> 28-34</li> <li><strong>Polea motora</strong> 2 ½”</li> <li><strong>Llantas Maciza</strong> con rin aluminio de 14”</li> </ul> <p><strong>Incluye llanta Remanufacturada</strong></p> <p>Por recomendacion del fabricante este equipo no se debe transportar por medio de arrastre con tiro de vehículos, las llantas no cumplen la función de largos traslado, se utilizan para facilitar la maniobra y movimiento de la mezcladora</p>","<p><em>Los productos originales pueden variar ligeramente respecto a las fotos, la información en esta ficha está sujeta a cambios sin previo aviso.</em></p> <h2><strong>Mezcladora de Cemento</strong></h2> <p><strong>MASTER 1 Bulto (180litros/6.3ft³) Sin motor MASTER LITE</strong></p> <ul> <li><strong>Seguridad: </strong>Picaporte tipo pedal</li> <li><strong>Accesorios:</strong> Tiro escualizable, protector de corona.</li> <li><strong>Motor:</strong> Eléctrico y gasolina</li> </ul> <p> </p> <ul> <li><strong>Plato de volteo </strong><br /> Equipada con posiciones especificas diseñadas para optimizar el proceso de mezclado</li> <li><strong>Tubo de tiro</strong><br /> Escualizable, con manillar protector y seguro tipo pasador de cadena</li> <li><strong>Picaporte</strong><br /> Tipo pedal</li> <li><strong>Soporte de motor</strong><br /> Bandeja graduable con correderas para su uso con motor eléctrico y gasolina</li> <li><strong>Cabina</strong><br /> Fabricada con sistema de ventilación que garantiza una óptima disipación del calor generado por el motor durante su funcionamiento</li> <li><strong>Piñonería</strong><br /> Fabricada en hierro colado para mayor resistencia y durabilidad.</li> </ul> <h2><strong style=""color: #1b1919;""><a href=""https://equipmaster.com.co/tipos-de-mezcladoras-de-concreto-segun-su-uso-siga-estos-consejos-para-una-compra-exitosa/"">Tipos de Trompo mezclador según su Uso. Siga estos Consejos para una Compra Exitosa.</a></strong></h2>",mezcladora-master-1-bulto-180litros-sin-motor-master-lite,Venta de Mezcladora de Concreto Mezcladora MASTER 1 bulto (180litros/6.3ft³) Sin motor MASTER LITE. Asesoría especializada. Envíos a todo Colombia.,3889000,3889000,MASTER,Motores,
EM-PG-LTM,Pluma Grúa MASTER LITE 150Kg (con diferentes opciones de motor),"<h2><span data-sheets-value=""{""1"":2,""2"":""pluma de construccion""}"" data-sheets-userformat=""{""2"":1,""3"":{""1"":0,""3"":1}}"">Pluma de construcción</span></h2> <p><strong>Dimensiones </strong><b>Pluma</b></p> <ul> <li><strong>Base </strong>90 cm ancho, 98 cm de largo, 80 cm de alto</li> <li><strong>Cajón</strong> 50 cm ancho, 1.65 mts de largo, 1.25 mts de alto</li> <li><strong>Capacidad máxima</strong> 120 Kg</li> <li><strong>Tambor </strong>Aluminio</li> <li><strong>Peso </strong>85 Kg</li> </ul> <p><strong>Dimensiones del Balde</strong></p> <ul> <li><strong>Dimensiones</strong> 35 cm alto, 37 cm de diámetro</li> <li><strong>Capacidad</strong> 38 Lts</li> </ul>","<p><em>Los productos originales pueden variar ligeramente respecto a las fotos, la información en esta ficha está sujeta a cambios sin previo aviso</em></p> <h2><span data-sheets-value=""{""1"":2,""2"":""Pluma Grua ""}"" data-sheets-userformat=""{""2"":14851,""3"":{""1"":0},""4"":{""1"":3,""3"":2},""12"":0,""14"":{""1"":2,""2"":0},""15"":""Calibri"",""16"":11}"">Pluma Grúa </span></h2> <p><strong>MASTER LITE 150Kg sin motor, con balde (con diferentes opciones de motor)</strong></p> <p>Ideal para aplicaciones de elevación y manipulación de cargas ligeras en entornos industriales y de construcción.</p> <ul> <li><strong>Armado</strong>Diseño que facilita el armado, desarmado y cambio de piezas</li> <li><strong>Regulador de protector</strong>Adaptable para cualquier tipo de motor</li> <li>Facilita las carga y descarga.</li> <li>Ideal para aplicaciones de elevación y manipulación de cargas ligeras en entornos industriales y de construcción.</li> </ul> <h2 class=""wd-entities-title title post-title""><strong><a href=""https://equipmaster.com.co/construccion/equipos-de-construccion-y-obras/"">Equipos de Construcción y Obras</a></strong></h2>",pluma-grua-master-lite-150kg-con-diferentes-opciones-de-motor,Venta de Pluma Grúa MASTER LITE 150Kg. con diferentes opciones de motor. Envíos a todo Colombia. Asesoría especializada.,3339000,,MASTER,Construcción,
EM-PG-LTM-SM,"Pluma Grúa MASTER LITE 150Kg sin motor, con balde","<h2><span data-sheets-value=""{""1"":2,""2"":""pluma de construccion""}"" data-sheets-userformat=""{""2"":1,""3"":{""1"":0,""3"":1}}"">Pluma de Construcción</span></h2> <p><strong>Dimensiones </strong><b>Pluma</b></p> <ul> <li><strong>Base </strong>90 cm ancho, 98 cm de largo, 80 cm de alto</li> <li><strong>Cajón</strong> 50 cm ancho, 1.65 mts de largo, 1.25 mts de alto</li> <li><strong>Capacidad máxima</strong> 120 Kg</li> <li><strong>Tambor </strong>Aluminio</li> <li><strong>Peso </strong>85 Kg</li> </ul> <p><strong>Dimensiones del Balde</strong></p> <ul> <li><strong>Dimensiones</strong> 35 cm alto, 37 cm de diámetro</li> <li><strong>Capacidad</strong> 38 Lts</li> </ul> <p>No incluye guaya</p>","<p><em>Los productos originales pueden variar ligeramente respecto a las fotos, la información en esta ficha está sujeta a cambios sin previo aviso</em></p> <h2><span data-sheets-value=""{""1"":2,""2"":""Pluma Grua ""}"" data-sheets-userformat=""{""2"":14851,""3"":{""1"":0},""4"":{""1"":3,""3"":2},""12"":0,""14"":{""1"":2,""2"":0},""15"":""Calibri"",""16"":11}"">Pluma Grúa</span></h2> <p><strong>MASTER LITE 150Kg sin motor, con balde</strong></p> <p>Ideal para aplicaciones de elevación y manipulación de cargas ligeras en entornos industriales y de construcción.</p> <ul> <li><strong>Armado</strong></li> </ul> <p>Diseño que facilita el armado, desarmado y cambio de piezas</p> <ul> <li><strong>Regulador de protector</strong></li> </ul> <p>Adaptable para cualquier tipo de motor</p> <ul> <li>Facilita las carga y descarga.</li> <li>Ideal para aplicaciones de elevación y manipulación de cargas ligeras en entornos industriales y de construcción.</li> </ul> <h2 class=""wd-entities-title title post-title""><strong><a href=""https://equipmaster.com.co/construccion/equipos-de-construccion-y-obras/"">Equipos de Construcción y Obras</a></strong></h2>",pluma-grua-master-lite-150kg-sin-motor-con-balde,Venta de Pluma Grúa MASTER LITE 150Kg sin motor con balde. Envíos a todo Colombia. Asesoría especializada.,3339000,3339000,MASTER,Construcción,
YDE8500T3,"Planta Electrica YDE8500T3 YORKING CABINADA 9000watt maximo, Motor Diesel 14hp Trifásica","<h2>Generador de energía</h2> <ul> <li><strong>Modelo </strong>YDE8500T3</li> <li><strong>Frecuencia Nominal: </strong>60 Hz</li> <li><strong>Salida prime: </strong>9 Kva – 7.2 kw</li> <li><strong>Tablero: </strong>Digital</li> <li><strong>Modo de regulación:</strong> AVR</li> <li><strong> de fases: </strong>Trifásica</li> <li><strong>Voltaje: </strong>127 / 220 V</li> <li><strong>Velocidad de rotación: </strong>3600 rpm</li> <li><strong>Combustible: </strong>Diesel</li> <li><strong>Capacidad del tanque: </strong>12.1 L</li> <li><strong>Dimensiones  (L x An x Al):</strong> <span class=""OYPEnA text-decoration-none text-strikethrough-none"">98 X 54 X 70</span></li> <li><strong>Peso:</strong> 180 Kg</li> </ul>","<p><em>Los productos originales pueden variar ligeramente respecto a las fotos, la información en esta ficha está sujeta a cambios sin previo aviso</em></p> <h2>Planta eléctrica Diesel</h2> <p><strong>YDE8500T3 YORKING CABINADA 9000watt máximo, Motor Diesel 14hp Trifásica, Arranque eléctrico </strong></p> <ul> <li><strong>Frecuencia Nominal: </strong>60 Hz</li> <li><strong>Salida prime: </strong>9 Kva - 7.2 kw</li> <li><strong>Salida stand by: </strong>8.2 Kva - 6.5 kw</li> <li><strong>Tablero: </strong>Digital</li> <li><strong>Modo de regulación:</strong> AVR</li> <li><strong> de fases: </strong>Trifásica</li> <li><strong>Voltaje: </strong>127 / 220 V</li> <li><strong>Velocidad de rotación: </strong>3600 rpm</li> <li><strong>Combustible: </strong>Diesel</li> <li><strong>Capacidad del tanque: </strong>12.1L</li> <li><strong>Sistema de refrigeración: </strong>Aire</li> <li><strong>Sistema de arranque: </strong>Eléctrico</li> <li><strong>Tipo de aceite: </strong>15W-40</li> <li><strong>Dimensiones  (L x An x Al):</strong> <span class=""OYPEnA text-decoration-none text-strikethrough-none"">98 X 54 X 70</span></li> <li><strong>Peso:</strong> 180 Kg</li> </ul> <h2><a href=""https://equipmaster.com.co/plantas-electricas/consejos-que-debe-tener-en-cuenta-para-elegir-una-planta-electrica/"">Consejos que debe tener en cuenta para elegir una Planta Eléctrica</a></h2> <h2><a href=""https://equipmaster.com.co/plantas-electricas/antes-de-adquirir-una-planta-electrica-conozca-los-tipos-que-existen/"">Antes de Adquirir una Planta Eléctrica Conozca los Tipos que Existen</a></h2> <p>https://youtu.be/vwITjdzI5ik</p> <p><span style=""color: #ffffff;"">planta eléctrica Homecenter</span></p>",planta-electrica-yde8500t3-yorking-cabinada-9000watt-maximo-motor-diesel-14hp-trifasica,"Venta de Planta Eléctrica YDE8500T3 YORKING CABINADA 9000watt máximo, Trifásica, contamos con amplio catálogo. Asesoría especializada, Envíos a todo Colombia",8229000,8229000,YORKING,Energía,
YDE8500E3,"Planta Electrica YDE8500E3 YORKING 9000watt máximo, Motor Diesel 14hp Trifásica",<h2>Generador de energía</h2> <ul> <li><strong>Referencia: </strong>YDE8500E3</li> <li><strong>Frecuencia Nominal:</strong> 60 Hz</li> <li><strong>Salida prime: </strong>8.2 Kva – 6.5 kw</li> <li><strong>Modo de regulación:</strong> AVR</li> <li><strong> de fases:</strong> Trifásica</li> <li><strong>Voltaje:</strong> 127 / 220 V</li> <li><strong>Velocidad de rotación:</strong> 3600 rpm</li> <li><strong>Combustible:</strong> Diesel</li> <li><strong>Capacidad del tanque: </strong>12.5 L</li> <li><strong>Sistema de arranque:</strong> Eléctrico</li> <li><strong>Nivel de ruido</strong>: 82dD</li> <li><strong>Dimensiones (L x An x Al):</strong> 74 x 49 x 68</li> <li><strong>Peso: </strong>138 Kg</li> </ul>,"<p><em>Los productos originales pueden variar ligeramente respecto a las fotos, la información en esta ficha está sujeta a cambios sin previo aviso.</em></p> <h2>Planta eléctrica Diesel</h2> <p><strong>YDE8500E3 YORKING 9000watt máximo, Motor Diesel 14hp Trifásica, Arranque eléctrico  </strong></p> <p>Equipo versátil y de gran potencia, cuenta con arranque eléctrico lo cual facilita su encendido y puesta en marcha, ideal para trabajos de emergencia con trabajo diario máximo de 5 horas continuas.</p> <ul> <li><strong>Frecuencia Nominal:</strong> 60 Hz</li> <li><strong>Salida prime:</strong>2 Kva - 6.5 kw</li> <li><strong>Salida stand by:</strong> 9 Kva - 7.2 kw</li> <li><strong>Tablero:</strong> Análogo</li> <li><strong>Modo de regulación:</strong> AVR</li> <li><strong> de fases:</strong> Trifásica</li> <li><strong>Voltaje:</strong> 127 / 220 V</li> <li><strong>Velocidad de rotación:</strong> 3600 rpm</li> <li><strong>Combustible:</strong> Diesel</li> <li><strong>Capacidad del tanque:</strong>5 L</li> <li><strong>Sistema de refrigeración:</strong> Aire</li> <li><strong>Sistema de arranque:</strong> Eléctrico</li> <li><strong>Tipo de aceite:</strong> 15W-40</li> <li><strong>Nivel de ruido</strong>: 82dD</li> </ul> <h2><a href=""https://equipmaster.com.co/plantas-electricas/consejos-que-debe-tener-en-cuenta-para-elegir-una-planta-electrica/"">Consejos que debe tener en cuenta para elegir una Planta Eléctrica</a></h2> <h2><a href=""https://equipmaster.com.co/plantas-electricas/antes-de-adquirir-una-planta-electrica-conozca-los-tipos-que-existen/"">Antes de Adquirir una Planta Eléctrica Conozca los Tipos que Existen</a></h2> <p><span style=""color: #ffffff;"">planta eléctrica Homecenter</span></p>",planta-electrica-yde8500e3-yorking-9000watt-maximo-motor-diesel-14hp-trifasica,"Venta de Planta Eléctrica YDE8500E3 YORKING 9000watt máximo, Motor Diesel 14hp Trifásica, Arranque eléctrico, contamos con amplio catálogo. Asesoría especializada, Envíos a todo Colombia",6479000,6479000,YORKING,Energía,
GA7020,"Pulidora 7"" MAKITA GA7020","<h2><strong>Pulidora Makita</strong></h2> <ul> <li><strong>Potencia:</strong> 2200W</li> <li><strong>Diámetro de disco:</strong> 180mm (7”)</li> <li><strong>Velocidad sin carga:</strong> 8500 Rpm</li> <li><strong>Dimensiones (L x An x Al):</strong>  47 x20 x14</li> <li><strong>Peso neto:</strong> 5,5Kg</li> </ul>","<p><em>Los productos originales pueden variar ligeramente respecto a las fotos, la información en esta ficha está sujeta a cambios sin previo aviso</em></p> <h2><strong>Pulidora 7"" MAKITA</strong></h2> <p><strong>MAKITA GA7020 2.200w 8500rpm Eje 5/8""</strong></p> <p><strong>Características</strong></p> <p>- Con protección al incremento de temperatura.<br /> - Estructura anti polvo.<br /> - Construido con engranes de alta resistencia<br /> - Empuñadura suave para un mayor comfort y control. Motor durable con función anti-reinicio.</p> <p><strong>Especificaciones</strong></p> <ul> <li><strong>Potencia:</strong> 2200W</li> <li><strong>Diámetro de disco:</strong> 180mm (7'')</li> <li><strong>Velocidad sin carga:</strong> 8500 Rpm</li> <li><strong>Dimensiones (L x An x Al):</strong>  73x200x140mm</li> <li><strong>Peso neto:</strong> 5,5Kg</li> </ul> <p>https://youtu.be/uf2gMnI0u_k</p>",pulidora-7-makita-ga7020,"Venta de Pulidora 7"" MAKITA GA7020 2.200w 8500rpm Eje 5/8"", contamos con amplio catálogo. Asesoría especializada, Envíos a todo Colombia.",789000,789000,MAKITA,Herramientas eléctricas,
KDF4000X,"Planta Eléctrica Diesel KDF4000X ECOHORSE 3000watt máximo, Arranque manual",<h2>Generador de energía</h2> <ul> <li><strong>Potencia</strong> 6<strong>.</strong>0Hp</li> <li><strong>Kit De Ruedas</strong> No</li> <li><strong>Autonomía A Plena Carga </strong>9.4 Hr</li> <li><strong>Arranque</strong> Manual</li> <li><strong>Capacidad Tanque </strong>12.5L</li> <li><strong>Potencia Max</strong> KW 3</li> <li><strong>Voltaje</strong> AC 120/240/12DC</li> <li><strong>Fases</strong> 1</li> <li><strong>Frecuencia</strong> 60</li> <li><strong>Dimensiones (LxLAnxAl)</strong> 66X46X54</li> <li><strong>Peso</strong> 63Kg</li> </ul>,"<p><em>Los productos originales pueden variar ligeramente respecto a las fotos, la información en esta ficha está sujeta a cambios sin previo aviso.</em></p> <h2>Planta eléctrica Diesel</h2> <p><strong>Diesel KDF4000X ECOHORSE  3000watt máximo, 2800watt continuo,120/240V, monofásica, Arranque manual</strong></p> <p>Esta es una planta eléctrica monofásica abierta de trabajo intermitente</p> <ul> <li><strong> Continua</strong> KW 2.8</li> <li><strong>Tomas</strong> DC 1</li> <li><strong>Batería</strong> N/A</li> <li><strong>Alarma Aceite</strong> No</li> <li><strong>Tomas </strong>AC 3-120,1-240</li> <li><strong>Nivel Combustible</strong> Si</li> <li><strong>AVR</strong> Si</li> <li><strong>Breaker Protector</strong> AC Si</li> <li><strong>Voltímetro</strong> Si</li> <li><strong>Mofle Silencioso</strong> Si</li> <li><strong>Dimensiones (LxLAnxAl)</strong> Cm 66X46X54</li> <li><strong>Peso</strong> 63Kg</li> </ul> <h2><a href=""https://equipmaster.com.co/plantas-electricas/consejos-que-debe-tener-en-cuenta-para-elegir-una-planta-electrica/"">Consejos que debe tener en cuenta para elegir una Planta Eléctrica</a></h2> <h2><a href=""https://equipmaster.com.co/plantas-electricas/antes-de-adquirir-una-planta-electrica-conozca-los-tipos-que-existen/"">Antes de Adquirir una Planta Eléctrica Conozca los Tipos que Existen</a></h2> <p><span style=""color: #ffffff;"">planta eléctrica Homecenter</span></p>",planta-electrica-diesel-kdf4000x-ecohorse-3000watt-maximo,"Venta de Planta Eléctrica Diesel KDF4000X ECOHORSE 3000watt máximo. Contamos con amplio catálogo. Asesoría especializada, Envíos a todo Colombia",4129000,4129000,ECOHORSE,Energía,
KDF2500X,"Planta Eléctrica Diesel KDF2500X ECOHORSE 2200watt máximo, Arranque manual","<h2>Generador de energía</h2> <ul> <li><strong>Potencia,</strong> HP 4.2</li> <li><strong>Kit De Ruedas</strong> No</li> <li><strong>Autonomía A Plena Carga</strong> 13Hr</li> <li><strong>Arranque</strong> Manual</li> <li><strong>Capacidad Tanque </strong>12.5 L</li> <li><strong>Potencia Max</strong>, KW 2.2</li> <li><strong>Voltaje,</strong> AC 120/240/12DC</li> <li><strong>Fases</strong> 1</li> <li><strong>Frecuencia</strong> 60</li> <li><strong>Dimensiones (L x An x Al)</strong> 65 X 46 X 52</li> <li><strong>Peso</strong> 48Kg</li> </ul>","<p><em>Los productos originales pueden variar ligeramente respecto a las fotos, la información en esta ficha está sujeta a cambios sin previo aviso.</em></p> <h2>Planta eléctrica Diesel</h2> <p><strong>Diesel KDF2500X ECOHORSE  2200watt máximo, 2000watt continuo,120/240V, monofásica, Arranque manual</strong></p> <p>Esta es una planta eléctrica monofásica abierta de trabajo intermitente</p> <ul> <li><strong> Continua</strong> 2 KW</li> <li><strong>Tomas</strong> DC 1</li> <li><strong>Batería</strong> N/A</li> <li><strong>Alarma Aceite</strong> No</li> <li><strong>Tomas</strong> AC 3-120,1-240</li> <li><strong>Nivel Combustible</strong> Si</li> <li><strong>AVR</strong> Si</li> <li><strong>Breaker Protector</strong> AC Si</li> <li><strong>Voltímetro</strong> Si</li> <li><strong>Mofle Silencioso</strong> Si</li> </ul> <h2><a href=""https://equipmaster.com.co/plantas-electricas/consejos-que-debe-tener-en-cuenta-para-elegir-una-planta-electrica/"">Consejos que debe tener en cuenta para elegir una Planta Eléctrica</a></h2> <h2><a href=""https://equipmaster.com.co/plantas-electricas/antes-de-adquirir-una-planta-electrica-conozca-los-tipos-que-existen/"">Antes de Adquirir una Planta Eléctrica Conozca los Tipos que Existen</a></h2> <p><span style=""color: #ffffff;"">planta eléctrica Homecenter</span></p>",planta-electrica-diesel-kdf2500x-ecohorse-2200watt-maximo,"Venta de Planta Eléctrica Diesel KDF2500X ECOHORSE 2200watt máximo. Contamos con amplio catálogo. Asesoría especializada, Envíos a todo Colombia",3499000,3499000,ECOHORSE,Energía,
GSB20-2 RE,"Taladro percutor BOSCH GSB20-2 RE 800w mandril 1/2""","<h2>Taladro BOSCH</h2> <ul> <li><strong>Potencia absorbida</strong> 800 W</li> <li><strong>Velocidad en vacío</strong>, 1.ª velocidad 0 – 1.100 rpm</li> <li><strong>Velocidad en vacío</strong>, 2.ª velocidad 3.000 rpm</li> <li><strong>Salida de potencia</strong> 420 W</li> <li><strong>N° de impactos con velocidad en vacío</strong> 0 – 17.600 / 48.000 ipm</li> <li><strong>Torque de giro nominal</strong> 5,2 / 2,0 Nm</li> <li><strong>Rosca de conexión del rotor de taladrar</strong> 1/2″ – 20 UNF</li> <li><strong>Capacidad mín./máx. del portabrocas</strong> 1,5 – 13 m.</li> <li><strong>Peso </strong>2,5 kg</li> </ul>","<p><em>Los productos originales pueden variar ligeramente respecto a las fotos la información en esta ficha está sujeta a cambios sin previo aviso.</em></p> <h2><strong>Taladro percutor </strong></h2> <p><strong>BOSCH GSB20-2 RE 800w mandril 1/2"" 0-1.100 /3000 rpm 1.6kg reversible</strong></p> <ul> <li>Caja del engranaje de metal robusto para una larga vida útil</li> <li>Motor Bosch de alto rendimiento de torque elevado para trabajos de perforación y atornillado, corte con sierra copa, serrado de agujeros y mezclado</li> <li>Embrague de seguridad mecánico contra rotación para una mayor seguridad</li> </ul> <p><b>Intervalo de perforación (Diámetro) </b></p> <ul> <li><strong>Madera</strong> 40 / 25 mm</li> <li><strong>Concreto</strong> 20 / 13 mm</li> <li><strong>Acero</strong> 13 / 8 mm</li> <li><strong>Mampostería</strong> 22 / 16 mm</li> </ul> <p><strong>Nivel de vibraciones (Taladrar en metal)</strong></p> <ul> <li><strong>Valor de vibraciones generadas ah</strong> 7 m/s²</li> <li><strong>Tolerancia K</strong> 1,6 m/s²</li> </ul> <p><strong>Nivel total de vibraciones (Perforación con percusión en concreto)</strong></p> <ul> <li><strong>Valor de vibraciones generadas ah</strong> 19 m/s²</li> <li><strong>Tolerancia K</strong> 2,3 m/s²</li> </ul> <p><strong>Nivel total de vibraciones (Atornillar)</strong></p> <ul> <li><strong>Valor de vibraciones generadas</strong> ah 2,5 m/s²</li> <li><strong>Tolerancia K</strong> 1,5 m/s²</li> </ul> <p><strong>Información de ruido/vibración</strong></p> <ul> <li><strong>Nivel de presión acústica</strong> 99 dB(A)</li> <li><strong>Nivel de potencia acústica</strong> 110 dB(A)</li> <li><strong>Tolerancia K</strong> 5 dB</li> </ul> <p>https://www.youtube.com/watch?v=mbvpC-DtZh0</p>",taladro-percutor-bosch-gsb20-2-re-800w,"Venta de Taladro percutor BOSCH GSB20-2 RE 800w , contamos con amplio catálogo. Asesoría especializada, Envíos a todo Colombia.",849000,849000,BOSCH,Herramientas eléctricas,
GHO 700,"Cepillo electrico GHO 700 BOSCH 700w, 16500rpm, para madera","<h2 class=""headline hl4""><strong>Cepillo Bosch</strong></h2> <ul> <li><strong>Potencia absorbida</strong> 700 W</li> <li><strong>Ancho de cepillo</strong> 82 mm</li> <li><strong>Profundidad de cepillado</strong> 0 mm</li> <li><strong>Profundidad de rebaje ajustable</strong> 0 – 9 mm</li> <li><strong>Velocidad en vacío </strong>16.500 rpm</li> <li><strong>Nivel de presión acústica</strong> 88 dB(A)</li> <li><strong>Nivel de potencia acústica</strong> 99 dB(A)</li> <li><strong>Tolerancia</strong> K 3 dB.</li> </ul>","<p class=""headline hl4""><em>Los productos originales pueden variar ligeramente respecto a las fotos la información en esta ficha está sujeta a cambios sin previo aviso</em></p> <h2 class=""headline hl4"">Cepillo <span style=""font-size: 24px;"">eléctrico</span></h2> <div class=""grid__productname grid__submodule submodule""> <p><strong>BOSCH GHO GHO 700  700w, 16500rpm,Para Madera</strong></p> <p>• Acabado suave y liso gracias al mecanismo de control de la constancia de profundidad y a la base plana de aluminio con mecanizado de precisión<br /> • Cepillado controlado gracias a su diseño compacto y a su centro de gravedad optimizado para un cepillado constante<br /> • Impide el atasco de virutas de madera gracias a un mejor diseño del flujo de aire y proporciona flexibilidad para desechar las virutas tanto del lado derecho como del izquierdo</p> <p><strong>• Potencia absorbida</strong> 700 W<br /> <strong>• Ancho de cepillo</strong> 82 mm<br /> <strong>• Profundidad de cepillado</strong> 0 mm<br /> <strong>• Peso</strong> 2,7 kg<br /> <strong>• Profundidad de rebaje ajustable</strong> 0 – 9 mm<br /> <strong>• Velocidad en vacío</strong> 16.500 rpm</p> <p><strong>• Nivel de presión acústica</strong> 88 dB(A)<br /> <strong>• Nivel de potencia acústica</strong> 99 dB(A)<br /> <strong>• Tolerancia</strong> K 3 dB</p> <p><strong>• Valor de vibraciones generadas</strong> ah 2,8 m/s²<br /> <strong>• Tolerancia</strong> K 1,5 m/s</p> </div>",cepillo-electrico-gho-12v-20-bosch-700w-16500rpmpara-madera,"Venta de Cepillo Electrico GHO 700 BOSCH, contamos con amplio catálogo. Asesoría especializada, Envíos a todo Colombia.",419000,419000,BOSCH,Herramientas eléctricas,
Ms382-63,Motosierra STIHL Ms382-63,"<h2><strong>Motosierra STIHL </strong></h2> <ul> <li><strong>Cilindrada</strong> cm³ 72,2</li> <li><strong>Potencia </strong>kW 3,9</li> <li><strong>Potencia_</strong> CV 5,3</li> <li><strong>Peso kg</strong> 1) 6,2</li> <li><strong>Relación peso potencia</strong> kg/kW 1,6</li> <li><strong>Paso de cadena Pulgadas</strong> 3/8″</li> </ul>","<p><em>Los productos originales pueden variar ligeramente respecto a las fotos, la información en esta ficha está sujeta a cambios sin previo aviso</em></p> <h2><strong>Motosierra STIHL Ms382-63</strong></h2> <p><strong>STIHL MS382-63 , 5,2hp 72,2cm³ 2-tiempos, 6,2kg con espada 63cm D 3/8"" RMC (B)</strong></p> <p>Para trabajos de <strong>poda y tala</strong>. Ideal en <strong>labores de reforestación</strong>. Es muy robusta para las máximas exigencias y tiene una excelente relación peso/potencia. Sus vibraciones son extremadamente reducidas. Su nuevo sistema torna el manejo de esta motosierra más seguro y confortable para el operador, por ser <strong>potente, liviana, con fácil mantenimiento y gran rendimiento</strong> durante el uso en condiciones difíciles y con madera dura. Garantiza un perfecto equilibrio entre el peso y la potencia sin disminuir la seguridad y el confort durante el trabajo.</p> <ul> <li><strong>Válvula de descompresión</strong></li> </ul> <p>Esta válvula permite que una parte de la mezcla comprimida en el momento de arranque, escape de forma controlada al cilindro, facilitando de esta manera el proceso de arranque.</p> <ul> <li><strong>STIHL ElastoStart</strong></li> </ul> <p>Un arranque prácticamente sin tirones, gracias al sistema STIHL ElastoStart, la válvula de descompresión y/o bomba manual de combustible.</p> <ul> <li><strong>Tensor lateral de cadena STIHL</strong></li> </ul> <p>La cadena se tensa lateralmente a través de la tapa del piñón de cadena, con toda comodidad. Así se evita el contacto con la cadena afilada.</p> <ul> <li><strong>Sistema antivibración</strong></li> </ul> <p>Puntos de amortiguación exactamente calculados, que reducen las vibraciones del motor y del equipo de corte, lo que ahorra esfuerzo y facilita el trabajo.</p> <ul> <li><strong>Compensador</strong></li> </ul> <p>Es un dispositivo que nos permite alargar los períodos de limpieza del filtro de aire sin pérdida de potencia y proporcionando una mezcla aire/combustible óptima</p> <ul> <li><strong>Mando unificado</strong></li> </ul> <p>Todas las funciones importantes como arranque (tanto el arranque en frio como el arranque en caliente), marcha y parada se controlan con una sola mano. Esto aumenta la comodidad y la seguridad para el usuario.</p> <h2><strong><a href=""https://equipmaster.com.co/agro-y-jardin/conoce-las-mejores-motosierras-stihl/"">Conoce más sobre motosierras aquí</a></strong></h2> <p>https://www.youtube.com/watch?v=VKFRuQ054JI</p>",motosierra-stihl-ms382-63,Venta de Motosierra STIHL Ms382-63. Amplio catalogo de motosierras. Asesoría personalizada especializada. Envíos a nivel nacional.,2829000,2829000,STIHL,Jardín y forestal,
495-DWG300AI,Motosoldador KTC 495-DWG300AI de 300 amperios motor Diesel de 21hp,"<h2><b>Motosoldador</b></h2> <ul> <li><strong>Tipo</strong> AC – Monofásico</li> <li><strong>Potencia Máxima*</strong> 11,000 W</li> <li><strong>Potencia Nominal*</strong> 10,000 W</li> <li><strong>Voltaje Nominal Salida AC</strong> 115 / 230 V</li> <li><strong>Frecuencia Nominal</strong> 60 Hz</li> <li><strong>Tipo de Batería</strong> 12 Vdc – 36 Ah</li> <li><strong>Tipo de Procesos Electrodo</strong>// MMA // Stick // SMAW</li> <li><strong>Voltaje de Circuito Abierto</strong> 75 – 80 Vdc</li> <li><strong>Voltaje de Operación</strong> 22 – 32 Vdc</li> <li><strong>Corriente de Trabajo</strong> 50 – 250 A</li> <li><strong>Velocidad Máxima</strong> 3600 rpm</li> <li><strong>Sistema de Lubricación</strong> Presión / Salpique</li> <li><strong>Filtro de Aire</strong> Seco</li> </ul>","<p><em>Los productos originales pueden variar ligeramente respecto a las fotos, la información en esta ficha está sujeta a cambios sin previo aviso</em></p> <h2>Soldadores móviles</h2> <p><b>KTC 495-DWG300AI de 300 amperios motor Diesel de 21hp , potencia máx. 11,000watt, Incluye accesorios porta masa de 4mts y porta electrodo de 4mts</b></p> <p><strong>Aplicaciones recomendadas</strong></p> <ul> <li>Sector Oil & Gas</li> <li>Tareas de Soldado por electrodo / MMA / STICK</li> <li>Sector construcción.</li> <li>Aplicaciones profesionales e industriales.</li> <li>Manejo de Herramientas eléctricas.</li> <li>Sistema de respaldo de energía en edificios, hogares, fincas, etc.</li> <li>Eventos (conciertos, ferias, fiestas, competiciones deportivas, etc.).</li> <li>Entre otros.</li> <li></li> </ul> <p><strong>Accesorios incluidos</strong></p> <ul> <li>Clavijas (Plugs)</li> <li>Kit de herramientas.</li> <li>Ruedas y manija.</li> <li>Porta masa - 4 metros cable.</li> <li>Porta Electrodo – 4 metros cable.</li> <li>Cable Salida DC</li> <li>Manual de usuario en español para el uso,</li> <li>mantenimiento, solución de problemas, etc.</li> </ul> <p> </p> <p><strong>Descripciones adicionales</strong></p> <ul> <li>Soldador con Tecnología Inversora – Permite un cordón de soldadura más limpio al mantener al mínimo</li> <li>las fluctuaciones de corriente de salida.</li> <li>Voltaje de Circuito abierto elevado – Ayuda a iniciar fácilmente el arco eléctrico, permitiendo soldar con</li> <li>cualquier tipo de electrodo como E6010, E6011, E6013, E7018, E8010, Aluminio, Níquel 100, entre otros.</li> <li>Display Digital Corriente de Soldadura – Permite la correcta parametrización en la selección precisa de la</li> <li>corriente de soldadura requerida.</li> <li>Led indicador de Sobrecalentamiento – Protege el equipo y modulo inversor ante el uso excesivo del</li> <li></li> <li>Bornes DINSE 35/50 de trabajo pesado – Permite uso de cables o conectores de acople estándar para</li> <li>trabajo pesado de porta masa y porta electrodo.</li> <li>Cable de 4 metros para la porta masa y porta electrodo – Otorga mayor alcance de trabajo de soldadura.</li> <li>Pinza de porta masa y porta electrodo de trabajo pesado.</li> <li>Fácil de Transportar – Gracias a su diseño compacto y ligero, cuenta con ruedas y manija para mover el</li> <li></li> <li>Display Digital Frontal– Para monitorear con mayor precisión diversos parámetros del generador tales</li> <li>cómo, voltaje, frecuencia, potencia de salida, amperaje de salida y horas de uso.</li> <li>Alarma de aceite – Cuenta con un sistema que apaga el motor si detecta que el nivel de aceite está bajo.</li> <li>Protección contra sobrecargas – Cuenta con un breaker principal encargados de proteger el alternador.</li> </ul> <p> </p> <ul> <li><strong>Tipo</strong> AC – Monofásico</li> <li><strong>Potencia Máxima*</strong> 11,000 W</li> <li><strong>Potencia Nominal*</strong> 10,000 W</li> <li><strong>Voltaje Nominal Salida AC</strong> 115 / 230 V</li> <li><strong>Frecuencia Nominal</strong> 60 Hz</li> <li><strong>Tipo de Batería</strong> 12 Vdc – 36 Ah</li> <li><strong>Capacidad Tanque de Diésel</strong> 25 L</li> <li><strong>Salida</strong> DC 12 V – 6 A</li> <li><strong>Sistema de Encendido</strong> Eléctrico</li> <li><strong>Regulador de Voltaje</strong> AVR</li> <li><strong>Tiempo Máximo de Trabajo Continuo</strong> 6 Horas</li> <li><strong>Puerto ATS</strong> No</li> </ul> <p><strong>Soldador</strong></p> <ul> <li><strong>Tipo de Procesos Electrodo</strong>// MMA // Stick // SMAW</li> <li><strong>Voltaje de Circuito Abierto</strong> 75 – 80 Vdc</li> <li><strong>Voltaje de Operación</strong> 22 – 32 Vdc</li> <li><strong>Corriente de Trabajo</strong> 50 – 250 A</li> <li><strong>Corriente Máxima</strong> 300 A Ciclo de trabajo** 60% (40°C 10 min @ 250A)</li> <li><strong>Tecnología</strong> Inverter</li> </ul> <p><strong> </strong><strong>Motor</strong></p> <ul> <li><strong>Tipo</strong> 2 Cilindros / 4 Tiempos / Inyección Directa / Refrigerado por Aire y Aceite</li> <li><strong>Combustible</strong> Diésel</li> <li><strong>Potencia Máxima</strong>* 21.0 Hp / 3600 rpm</li> <li><strong>Cilindraje</strong> 954 cc</li> <li><strong>Velocidad Máxima</strong> 3600 rpm</li> <li><strong>Sistema de Lubricación</strong> Presión / Salpique</li> <li><strong>Filtro de Aire</strong> Seco</li> <li><strong>Capacidad Tanque de Aceite</strong>15 L</li> <li><strong>Diámetro x Recorrido</strong> 90 x 75 mm</li> <li><strong>Aceite de Lubricación</strong> SAE 15W40 Grado CD o CF.</li> </ul> <p> </p>",motosoldador-ktc-495-dwg300ai-de-300-amperios-motor-diesel-de-21hp,"Venta de Motosoldador 495-DWG300AI, generalmente son utilizados en trabajos de construcción y reparación de infraestructuras., contamos con amplio catálogo. Asesoría especializada, Envíos a todo Colombia.",17179000,17179000,KTC,Energía,
485-DWG200A,Motosoldador KTC 485-DWG200A de 200 amperios motor Diesel de 14hp,<h2><b>Motosoldador</b></h2> <ul> <li><strong>Tipo </strong>AC – Monofásico</li> <li><strong>Potencia Máxima</strong> 5500 W</li> <li><strong>Potencia Nominal</strong> 5000 W</li> <li><strong>Voltaje Nominal Salida</strong> AC 115 / 230</li> <li><strong>Frecuencia Nominal</strong> 60 Hz</li> <li><strong>Capacidad Tanque de Diésel</strong>5 L</li> <li><strong>Voltaje de Circuito Abierto</strong> 62 – 68 Vdc</li> <li><strong>Voltaje de Operación</strong> 22 – 26 Vdc</li> <li><strong>Filtro de Aire</strong> Seco</li> <li><strong>Capacidad Tanque de Aceite</strong>6 L</li> <li><strong>Diámetro x Recorrido</strong> 88 x 78 mm</li> </ul>,"<p><em>Los productos originales pueden variar ligeramente respecto a las fotos, la información en esta ficha está sujeta a cambios sin previo aviso</em></p> <h2>Soldadores móviles</h2> <p><strong>KTC 485-DWG200A de 200 amperios motor Diesel de 14hp , potencia max 5,500watt, Incluye accesorios porta masa de 2mts y porta electrodo de 2mts</strong></p> <p><strong>Aplicaciones recomendadas</strong></p> <p>Manejo de Herramientas eléctricas.<br /> • Tareas de Soldado por electrodo / MMA / STICK<br /> • Sistema de respaldo de energía en edificios, hogares, fincas, etc.<br /> • Construcción y carreteras.<br /> • Aplicaciones profesionales e industriales.<br /> • Eventos (conciertos, ferias, fiestas, competiciones deportivas, etc).<br /> • Entre otros.</p> <p> </p> <p><strong>Accesorios incluidos</strong></p> <ul> <li>Clavijas (Plugs)</li> <li>Kit de herramientas.</li> <li>Ruedas y manija.</li> <li>Porta masa - 4 metros cable.</li> <li>Porta Electrodo – 4 metros cable.</li> <li>Manual de usuario en español para el uso, mantenimiento, solución de problemas, etc.</li> </ul> <p> </p> <p><strong>Descripciones adicionales</strong></p> <ul> <li>AVR Digital - Mayor estabilidad de corriente, menor fluctuación de la frecuencia, arranque de motores eléctricos de mayor potencia.</li> <li>Fácil de Transportar – Gracias a su diseño compacto y ligero, cuenta con ruedas y manija para mover el equipo.</li> <li>Display Digital – Para monitorear con mayor precisión diversos parámetros del generador tales como, voltaje, frecuencia, potencia de salida, amperaje de salida y horas de uso.</li> <li>Alarma de aceite – Cuenta con un sistema que apaga el motor si detecta que el nivel de aceite esta bajo.</li> <li>Protección contra sobrecargas – Cuenta con un breaker principal encargados de proteger el alternador</li> </ul> <p> </p> <ul> <li><strong>Tipo </strong>AC – Monofásico</li> <li><strong>Potencia Máxima</strong> 5500 W</li> <li><strong>Potencia Nominal</strong> 5000 W</li> <li><strong>Voltaje Nominal Salida</strong> AC 115 / 230</li> <li><strong>Frecuencia Nominal</strong> 60 Hz</li> <li><strong>Tipo de Batería</strong> 12 Vdc – 36 Ah</li> <li><strong>Capacidad Tanque de Diésel</strong>5 L</li> <li><strong>Salidas USB</strong> No</li> <li><strong>Sistema de Encendido</strong> Eléctrico y Manual</li> <li><strong>Regulador de Voltaje</strong> AVR (Digital)</li> <li><strong>Tiempo Máximo de Trabajo</strong> Continuo 6 Horas</li> <li><strong>Puerto ATS</strong> No</li> </ul> <p> </p> <p><strong>Soldador</strong></p> <ul> <li><strong>Voltaje de Circuito Abierto</strong> 62 – 68 Vdc</li> <li><strong>Voltaje de Operación</strong> 22 – 26 Vdc</li> <li><strong>Corriente de Trabajo</strong> 50 – 150 A</li> <li><strong>Corriente Máxima</strong> 200 A</li> <li><strong>Ciclo de trabajo**</strong> 60% (40°C 10 min @ 150A)</li> </ul> <p> </p> <p><strong>Motor</strong></p> <ul> <li><strong>Tipo</strong> 1 Cilíndro / 4 Tiempos / Inyección Directa / Refrigerado por Aire</li> <li><strong>Combustible </strong>Diésel</li> <li><strong>Potencia Máxima</strong>* 12.0 Hp / 3600 rpm</li> <li><strong>Cilindraje</strong> 474 cc</li> <li><strong>Velocidad Máxima</strong> 3600 rpm</li> <li><strong>Sistema de Lubricación</strong> Presión / Salpique</li> <li><strong>Filtro de Aire</strong> Seco</li> <li><strong>Capacidad Tanque de Aceite</strong>6 L</li> <li><strong>Diámetro x Recorrido</strong> 88 x 78 mm</li> <li><strong>Aceite de Lubricación</strong> SAE 15W40 Grado CD o CF</li> </ul>",motosoldador-ktc-485-dwg200a-de-200-amperios-motor-diesel-de-14hp,"Venta de Motosoldador 485-DWG200A, generalmente son utilizados en trabajos de construcción y reparación de infraestructuras., contamos con amplio catálogo. Asesoría especializada, Envíos a todo Colombia.",8859000,8859000,KTC,Energía,
YDE6500EW,Motosoldador YORKING YDE6500EW de 180 amperios motor Diesel de 10hp,"<h2><b>Motosoldador</b></h2> <ul> <li><strong>Frecuencia</strong>: 60 Hz</li> <li><strong>Potencia nominal</strong>: 4,5 kW</li> <li><strong>Voltaje nominal:</strong> 120 V / 240 V</li> <li><strong>Corriente nominal</strong>: 18,7 amperios</li> <li><strong>Velocidad nominal</strong>: 3600 r.pm.</li> <li><strong>Factor de potencia</strong>: 1</li> <li><strong>Tipo de motor</strong>: 4 tiempos</li> <li><strong>Desplazamiento:</strong> 0,418 L</li> <li><strong>Diámetro por carrera:</strong> 86 * 72</li> <li><strong>Capacidad del tanque:</strong> 12,5 L</li> <li><strong>Nivel de ruido:</strong> 80 dB</li> <li><strong>Tipo de estructura:</strong> Abierta</li> </ul>","<p><em>Los productos originales pueden variar ligeramente respecto a las fotos, la información en esta ficha está sujeta a cambios sin previo aviso</em></p> <h2>Soldadores móviles</h2> <p><strong>YORKING YDE6500EW de 180 amperios motor Diesel de 10hp , potencia max 4,500watt No incluye pinza para masa y pinza para porta electrodo</strong></p> <p>Encuentra dos funciones en un solo equipo, podrás generar energía y realizar tus trabajos de soldadura con nuestra <strong>planta eléctrica y soldador Yorking,</strong> podrás utilizar una sola función a la vez, con potencia de 4,5 Kw y de conexión monofásica de tres circuitos, en función soldador obtendrás 160A. Cuenta con sistema de arranque manual y eléctrico. <strong>Con el equipo generador y soldador</strong> YDE6500EW podrás realizar líneas de soldadura continua 6013.</p> <p><strong>Especificaciones técnicas Planta Eléctrica:</strong></p> <ul> <li><strong>Frecuencia</strong>: 60 Hz</li> <li><strong>Potencia nominal</strong>: 4,5 kW</li> <li><strong>Voltaje nominal:</strong> 120 V / 240 V</li> <li><strong>Corriente nominal</strong>: 18,7 amperios</li> <li><strong>Velocidad nominal</strong>: 3600 r.pm.</li> <li><strong>Tipo de circuito:</strong> Monofásico de tres circuitos</li> <li><strong>Factor de potencia</strong>: 1</li> </ul> <p> </p> <ul> <li><strong>Modelo del motor:</strong> YD186FAGEW</li> <li><strong>Tipo de motor</strong>: 4 tiempos</li> <li><strong>Desplazamiento:</strong> 0,418 L</li> <li><strong>Diámetro por carrera:</strong> 86 * 72</li> <li><strong>Relación compresión:</strong> 19:01</li> <li><strong>Potencia nominal:</strong> 6,3</li> <li><strong>Sistema de lubricación:</strong> Presión salpicada</li> <li><strong>Tipo de aceite:</strong> 15w40</li> <li><strong>Capacidad de aceite:</strong> 1,65 L</li> <li><strong>Sistema de arranque:</strong> 12 V eléctrico</li> <li><strong>Capacidad de batería:</strong> 36 Ah</li> <li><strong>Consumo de combustible:</strong> 281 g/Kw*h</li> <li><strong>Tipo de combustible:</strong> Diesel</li> </ul> <p> </p> <ul> <li><strong>Capacidad del tanque:</strong> 12,5 L</li> <li><strong>Nivel de ruido:</strong> 80 dB</li> <li><strong>Tipo de estructura:</strong> Abierta</li> <li><strong>Dimensiones</strong> (Largo x Ancho x Alto): 720 cm x 485 cm x 720 cm</li> <li><strong>Peso:</strong> 112 Kg</li> </ul> <p> </p> <p><strong>Especificaciones técnicas Soldador:</strong></p> <ul> <li><strong>Voltaje con carga cero</strong>: 65 V - 70 V</li> <li><strong>Corriente nominal</strong>: 160 Amperios</li> <li><strong>Voltaje:</strong> 25 V - 30 V</li> <li><strong>Ciclo de trabajo:</strong> 60%</li> <li><strong>Rango de ajustes de corriente:</strong> 50 A - 180 A</li> <li><strong>Diámetro de electrodo:</strong> 1,6 mm - 4,0 mm</li> </ul> <p><span style=""color: #ffffff;"">planta eléctrica Homecenter</span></p>",motosoldador-yorking-yde6500ew-de-180-amperios-motor-diesel-de-10hp,"Venta de Motosoldador YDE6500EW, generalmente son utilizados en trabajos de construcción y reparación de infraestructuras., contamos con amplio catálogo. Asesoría especializada, Envíos a todo Colombia.",7289000,7289000,YORKING,Energía,
WG6500DC-1,Motosoldador FORTE WG6500DC-1 de 180 amperios motor gasolina de 15hp,"<h2><b>Motosoldador</b></h2> <ul> <li><strong>Voltaje en Vacío </strong>60 V</li> <li><strong>Potencia continua (generador)</strong> 4,5 kW</li> <li><strong>Voltaje de operación</strong> 30 – 36 V</li> <li><strong>Potencia máxima (generador)</strong> 5 kW</li> <li><strong>Rango ajuste de corriente</strong> 80-180 Amp</li> <li><strong>Potencia máxima</strong> (motor) 15 HP</li> <li><strong>Potencia máxima</strong> 15Hp</li> <li><strong>Desplazamiento </strong>420 c.c.</li> <li><strong>Potencia </strong>Continua 5 kW</li> <li><strong>Voltaje</strong> 120/240 V, 12VDC</li> </ul>","<p><em>Los productos originales pueden variar ligeramente respecto a las fotos, la información en esta ficha está sujeta a cambios sin previo aviso</em></p> <h2>Soldadores móviles</h2> <p><b>FORTE WG6500DC-1 de 180 amperios motor gasolina de 15hp , potencia máx. 5,000watt, Incluye accesorios porta masa de 4mts y porta electrodo de 4mts</b></p> <p>El motosoldador FORTE a gasolina cuenta con arranque eléctrico. Es un equipo dos en uno que le permite optimizar espacio y brindar una solución como generador o como soldador eléctrico. Los equipos Forte para generación de energía son ideales en todos los sectores industriales. Incluye portaeléctrodo y pinza masa</p> <p> </p> <ul> <li><strong>Voltaje en Vacío </strong>60 V</li> <li><strong>Potencia continua (generador)</strong> 4,5 kW</li> <li><strong>Voltaje de operación</strong> 30 – 36 V</li> <li><strong>Potencia máxima (generador)</strong> 5 kW</li> <li><strong>Rango ajuste de corriente</strong> 80-180 Amp.</li> <li><strong>Potencia máxima</strong> (motor) 15 HP</li> <li><strong>Factor de servicio</strong> 40 %</li> <li><strong>Corriente directa</strong> (DC) 180 AMP.</li> <li><strong>Frecuencia</strong> 60 Hz, 3600 RPM</li> <li><strong>Potencia máxima</strong> 15Hp</li> <li><strong>Desplazamiento </strong>420 c.c.</li> <li><strong>Consumo de combustible</strong> 3,6 L/h</li> <li><strong>Diámetro de electrodo</strong> 2,4 - 4 mm (3/32”-5/32"")</li> <li><strong>Potencia </strong>Continua 4.5 kW</li> <li><strong>Voltaje</strong> 120/240 V, 12VDC</li> </ul> <p><strong>Características como soldador D.C</strong></p> <ul> <li><strong>Corriente directa</strong> (DC) 180 Amp.</li> <li><strong>Diámetro de electrodo</strong> 2,4 - 4 mm (3/32”-5/32"")</li> <li><strong>Voltaje en Vacío</strong> 60 V</li> <li><strong>Voltaje de operación</strong> 30-36 V</li> <li><strong>Rango ajuste de corriente</strong> 80-180 Amp</li> <li><strong>Factor de servicio</strong> 40%</li> </ul> <p><strong>Características como generador</strong></p> <ul> <li><strong>Potencia máxima</strong> 5 kW</li> <li><strong>Potencia Continua </strong>4.5 kW</li> <li><strong>Voltaje </strong>120 V / 240 VAC, 12 VDC</li> <li><strong>Frecuencia </strong>60 Hz, 3.600 RPM</li> </ul> <p><strong>Características del motor</strong></p> <ul> <li><strong>Potencia máxima</strong> 15 HP</li> <li><strong>Desplazamiento</strong> 420 c.c.</li> <li><strong>Consumo de combustible </strong>3.6 L /h</li> </ul> <p><span style=""color: #ffffff;"">planta eléctrica Homecenter</span></p>",motosoldador-forte-wg6500dc-1-de-180-amperios-motor-gasolina-de-15hp,"Venta de Motosoldador WG6500DC-1generalmente son utilizados en trabajos de construcción y reparación de infraestructuras., contamos con amplio catálogo. Asesoría especializada, Envíos a todo Colombia.",6399000,6399000,FORTE,Energía,
ML44+GG2800,Torre de iluminación MASALTA + Planta eléctrica ALTERMAN  2500w Abierta,"<h2><strong>Torre de Iluminación Portátil</strong></h2> <ul> <li><strong>Modelo:</strong> ML44</li> <li><strong>Frecuencia:</strong> 60Hz</li> <li><strong><span class=""S1PPyQ"">Iluminación</span>:</strong> <span class=""S1PPyQ"">200W c/u</span></li> <li><strong><span class=""S1PPyQ"">4 Lamparas</span>:</strong> <span class=""S1PPyQ"">( Tegnologia LED)</span></li> <li><strong><span class=""S1PPyQ"">Altura Máx</span>:</strong><span class=""S1PPyQ"">3.7 ( 12.1 )</span></li> </ul> <p><strong>Planta electrica ALTERMAN gasolina</strong></p> <ul> <li><strong>Voltaje</strong> 120/240 (V)</li> <li><strong>Amperaje</strong> 21 Sobre 11 (A)</li> <li><strong>Frecuencia</strong> 60 (HZ)</li> <li><strong>N° Fases</strong> 1</li> <li><strong>Tipo de motor</strong> Monocilindrico, 4 tiempos enfriado por Aire</li> <li><strong>Potencia Máx</strong> 6,5 6300HP/RPM</li> <li><strong>Tipo combustible</strong> Gasolina</li> </ul> <p><a href=""https://www.instagram.com/reel/Cq_YTAnLd-v/?utm_source=ig_web_button_share_sheet"">Ver video de la torre de iluminación aquí </a></p>","<p><em>Los productos originales pueden variar ligeramente respecto a las fotos, la información en esta ficha está sujeta a cambios sin previo aviso.</em></p> <h2><b>Torre de Iluminación</b></h2> <p><b>MASALTA 4 lamparas LED de 200Wcada una, + Planta eléctrica ALTERMAN 2500w Abierta, para trabajo de emergencia máximo 7 horas continuas</b></p> <ul> <li><strong>Modelo:</strong> ML44</li> <li><strong>Frecuencia:</strong> 60Hz</li> <li><strong><span class=""S1PPyQ"">Iluminación</span>:</strong> <span class=""S1PPyQ"">200W c/u</span></li> <li><strong><span class=""S1PPyQ"">4 Lamparas</span>:</strong> <span class=""S1PPyQ"">( Tecnología LED)</span></li> <li><strong><span class=""S1PPyQ"">Altura Máx</span>:</strong><span class=""S1PPyQ"">3.7 ( 12.1 )</span></li> <li><span class=""S1PPyQ"">Para trabajo de emergencia máx. 5 horas continuas</span></li> </ul> <p><b>Planta eléctrica  ALTERMAN 2800watt máximo, 2500watt continuo</b></p> <ul> <li><strong>Modelo</strong> EGG2800-II<br /> <b></b></li> <li><b>Potencia máx. salida</b> 2.8 (kw)</li> <li><strong>Potencia Nominal salida</strong> 2.5(kw)</li> <li><strong>Voltaje</strong> 120/240 (V)</li> <li><strong>Amperaje</strong> 21 Sobre 11 (A)</li> <li><strong>Frecuencia</strong> 60 (HZ)</li> <li><strong>N° Fases</strong> 1</li> </ul> <h2><a href=""https://equipmaster.com.co/plantas-electricas/por-que-usar-torres-de-iluminacion/"">¿Por qué usar Torres de Iluminación?</a></h2> <p><span style=""color: #ffffff;"">planta eléctrica Homecenter</span></p>",torre-de-iluminacion-masalta-planta-electrica-alterman-2500w-abierta,"Venta de Torre de iluminación MASALTA 4 lamparas LED de 200Wcada una, + Planta eléctrica ALTERMAN, contamos con amplio catálogo en torres de iluminación. Envíos a todo Colombia.",12759000,12759000,ALTERMAN,Energía,
SM18-B3,"Sierra Ingleteadora Telescopica 10"" STANLEY SM18-B3 120V",<h2>Ingleteadora Telescopica</h2> <ul> <li><strong>Potencia </strong>1800 W</li> <li><strong>Velocidad sin carga </strong>4.800rpm</li> <li><strong>Tamaño Máx. del disco</strong> 254 (10″)</li> <li><strong>Corte transversal 0°x0°</strong> Al 92mmx An 285mm / Al 80mm x An 310mm</li> <li><strong>Corte de Inglete 45° x 0°</strong> Al 92mmx An 190mm /  Al 80mm x An 210mm</li> <li><strong>Rango de corte de inglete</strong> -47° a +52°</li> <li><strong>Rango de corte de bisel</strong> -45° a +45°</li> <li><strong>Peso </strong>18.6 Kg</li> </ul>,"<p><em>Los productos originales pueden variar ligeramente respecto a las fotos, la información en esta ficha está sujeta a cambios sin previo aviso</em></p> <h2><strong>Sierra Ingleteadora Stanley</strong></h2> <p><strong>STANLEY SM18-B3 120V,1800 W.4800 Rpm.,disco: 10 pulgadas o 254 mm.</strong></p> <ul> <li>Línea de corte con sombra de LED para cortes 100% precisos y mejor iluminación</li> <li>Función de corte repetitivo para conservar la misma longitud de corte</li> <li>Configuración con 9 topes de inglete, rango de corte de inglete izquierda 47° a derecha 52° para una gran versatilidad</li> <li>Cabezal de doble bisel para una gran versatilidad.</li> </ul>",sierra-ingleteadora-telescopica-10-stanley-sm18-b3-120v,"Venta de Sierra Ingleteadora Telescopica 10"" STANLEY SM18-B3 120V,1800 W. Asesoria especializada. Envios a todo Colombia.",1519000,1519000,STANLEY,Herramientas eléctricas,
CFD-50E,"Chipeadora FORTE CFD-50E diametro 7"" , 3 cuchillas , Motor 50hp Diesel",<h2>Máquina trituradora</h2> <ul> <li><strong>Motor</strong> 50Hp Diesel</li> <li><b>Tipo arranque </b>Eléctrico</li> <li><strong>Numero de cuchillas</strong> 3</li> <li><strong>Peso</strong> 275Kg</li> </ul>,"<p><em>Los productos originales pueden variar ligeramente respecto a las fotos, la información en esta ficha está sujeta a cambios sin previo aviso.</em></p> <h2><strong>Chipeadora </strong></h2> <p><b>FORTE CFD-50E diámetro 7"" , 3 cuchillas , Motor 50hp Diesel, 275kg Arranque eléctrico </b></p> <p>( máquina trituradora que produce chips o astillas a partir del procesamiento de troncos de madera, ramas, restos de podas )<strong> Incluye tiro para arrastre</strong></p> <h2><a href=""https://equipmaster.com.co/agro-y-jardin/3-razones-por-las-que-debes-adquirir-una-chipeadora/"">3 Razones por las que debes adquirir una Chipeadora</a></h2>",chipeadora-forte-cfd-50e-diametro-7-3-cuchillas-motor-50hp-diesel,"Venta de Chipeadora FORTE CFD-50E diametro 7"", Motor 50hp Diesel, 275kg Arranque electrico contamos con amplio catálogo. Asesoría especializada, Envíos a todo Colombia.",9359,9359,FORTE,Jardín y forestal,
FDG30-S,"Planta Electrica FDG30-S FORTE CABINADA trifasica 33kva/26,4kva","<h2>Generador de energía</h2> <ul> <li><strong>INLCUYE TRANSFERENCIA AUTOMÁTICA  </strong></li> <li><strong>Tipo </strong>Diésel, 4 tiempos, refrigerado por agua.</li> <li><strong>Potencia del motor</strong> HP/kW 44 HP / 33 kW</li> <li><strong>Nivel de ruido</strong> 78 dB a 7m</li> <li><strong>Regulación de motor</strong> Gobernador Mecánico ± 5%</li> <li><strong>Regulación </strong>V.R. sin escobillas</li> <li><strong>Amperaje  </strong>78<strong>.</strong>7 Amp</li> <li><strong>Potencia</strong> 127 / 240 v</li> <li><strong> de Fases</strong> Trifásico</li> <li><strong> RPM</strong> 1.800</li> <li><b>Peso 900kg </b></li> </ul>","<p><em>Los productos originales pueden variar ligeramente respecto a las fotos, la información en esta ficha está sujeta a cambios sin previo aviso.</em></p> <h2><b>Planta eléctrica </b>diésel</h2> <p><b>FDG30-S FORTE CABINADA trifásica 33kva/26,4kva Standby (30Kva/24kva prime) motor Diesel</b></p> <p><strong>Potencia de Emergencia</strong></p> <ul> <li>KVA 33</li> <li>kW 26.4</li> </ul> <p><strong>Potencia Continua</strong></p> <ul> <li>KVA 30</li> <li>kW 24</li> </ul> <ul> <li><strong>Motor </strong>FORTE Y4100D</li> <li><strong>Tipo </strong>Diésel, 4 tiempos, refrigerado por agua.</li> <li><strong>Potencia del motor</strong> HP/kW 44 HP / 33 kW</li> <li><strong>Nivel de ruido</strong> 78 dB a 7m</li> <li><strong>Regulación de motor</strong> Gobernador Mecánico ± 5%</li> <li><strong>Regulación </strong>V.R. sin escobillas</li> <li><strong>Amperaje </strong>78<strong>.</strong>7 Amp</li> <li><strong>Potencia</strong> 127 / 240 v</li> <li><strong> de Fases</strong> Trifásico</li> <li><strong> RPM</strong> 1.800</li> <li><strong>Peso</strong> 900 kg</li> </ul> <p><strong> </strong><strong>INCLUYE:</strong></p> <ul> <li>Pare y arranque automático</li> <li>Monitoreo de red para manejo de transferencia</li> <li>Voltímetro con lector independiente de fases.</li> <li>Frecuencímetro con lector independiente de fases.</li> <li>Amperímetro con lector independiente de fases.</li> <li>Horómetro.</li> <li>Medidor de temperatura y protección por alta temperatura.</li> <li>Protección por sobrecarga y sobre velocidad.</li> <li>Indicador de carga de batería.</li> <li>Parada de emergencia.</li> </ul> <h2><a href=""https://equipmaster.com.co/plantas-electricas/consejos-que-debe-tener-en-cuenta-para-elegir-una-planta-electrica/"">Consejos que debe tener en cuenta para elegir una Planta Eléctrica</a></h2> <h2><a href=""https://equipmaster.com.co/plantas-electricas/antes-de-adquirir-una-planta-electrica-conozca-los-tipos-que-existen/"">Antes de Adquirir una Planta Eléctrica Conozca los Tipos que Existen</a></h2> <p><span style=""color: #ffffff;"">Planta eléctrica Homecenter</span></p>",planta-electrica-fdg30-s-forte-cabinada-trifasica-33kva-264kva,"Venta de Planta Electrica FDG30-S FORTE CABINADA trifasica 33kva/26,4kva. Asesoría especializada, Envíos a todo Colombia.",38829000,38829000,FORTE,Energía,
FDG25-S,"Planta Electrica FDG25-S FORTE CABINADA trifasica 27,5kva/22kva","<h2>Generador de energía</h2> <ul> <li><strong>INLCUYE TRANSFERENCIA AUTOMÁTICA  </strong></li> <li><strong>Tipo </strong>Diésel, 4 tiempos, refrigerado por agua.</li> <li><strong>Potencia del motor</strong> HP/kW 34 HP / 25 kW</li> <li><strong>Nivel de ruido</strong> 78 dB a 7m</li> <li><strong>Regulación de motor</strong> Gobernador Mecánico ± 5%</li> <li><strong>Regulación </strong>A.V.R. sin escobillas</li> <li><strong>Amperaje </strong>65.6 Amp</li> <li><strong>Potencia </strong>127 / 240 v</li> <li><strong> de Fases</strong> Trifásico</li> <li><strong> RPM</strong> 1.800</li> <li><b>Peso </b>720kg</li> </ul>","<p><em>Los productos originales pueden variar ligeramente respecto a las fotos, la información en esta ficha está sujeta a cambios sin previo aviso.</em></p> <h2><b>Planta eléctrica </b>diésel</h2> <p><b>FDG25-S FORTE CABINADA trifásica 27,5kva/22kva Standby (25Kva/20kva prime) motor Diesel </b></p> <p><strong>Potencia de Emergencia</strong></p> <ul> <li>KVA 27.5</li> <li>KW 22</li> </ul> <p><strong>Potencia </strong><b>Continua</b></p> <ul> <li>KVA 25</li> <li>KW 20</li> </ul> <ul> <li><strong>Motor</strong> FORTE YSD490D</li> <li><strong>Tipo </strong>Diésel, 4 tiempos, refrigerado por agua.</li> <li><strong>Potencia del motor</strong> HP/kW 34 HP / 25 kW</li> <li><strong>Nivel de ruido</strong> 78 dB a 7m</li> <li><strong>Regulación de motor</strong> Gobernador Mecánico ± 5%</li> <li><strong>Regulación </strong>A.V.R. sin escobillas</li> <li><strong>Amperaje </strong>65.6 Amp</li> <li><strong>Potencia </strong>127 / 240 v</li> <li><strong> de Fases</strong> Trifásico</li> <li><strong> RPM</strong> 1.800</li> <li><strong>Peso</strong> 720 kg</li> </ul> <p><strong>INCLUYE:</strong></p> <ul> <li>Pare y arranque automático</li> <li>Monitoreo de red para manejo de transferencia</li> <li>Voltímetro con lector independiente de fases</li> <li>Frecuencímetro con lector independiente de fases</li> <li>Amperímetro con lector independiente de fases</li> <li>Horómetro.</li> <li>Medidor de temperatura y protección por alta temperatura</li> <li>Protección por sobrecarga y sobre velocidad</li> <li>Indicador de carga de batería</li> <li>Parada de emergencia</li> </ul> <h2><a href=""https://equipmaster.com.co/plantas-electricas/consejos-que-debe-tener-en-cuenta-para-elegir-una-planta-electrica/"">Consejos que debe tener en cuenta para elegir una Planta Eléctrica</a></h2> <h2><a href=""https://equipmaster.com.co/plantas-electricas/antes-de-adquirir-una-planta-electrica-conozca-los-tipos-que-existen/"">Antes de Adquirir una Planta Eléctrica Conozca los Tipos que Existen</a></h2> <p><span style=""color: #ffffff;"">Planta eléctrica Homecenter</span></p>",planta-electrica-fdg25-s-forte-cabinada-trifasica-275kva-22kva,"Venta de Planta Electrica FDG25-S FORTE CABINADA trifasica 27,5kva/22kva. Asesoría especializada, Envíos a todo Colombia.",,,FORTE,Energía,
FDG15-S,"Planta Electrica FDG15-S FORTE CABINADA trifasica 16,5kva/13kva","<h2>Generador de energía</h2> <ul> <li><strong>INLCUYE TRANSFERENCIA AUTOMÁTICA  </strong></li> <li><strong>Tipo</strong> Diésel, 4 tiempos, refrigerado por agua.</li> <li><strong>Potencia del motor HP/kW</strong> 22 HP / 17kW</li> <li><strong>Nivel de ruido</strong> 79 dB a 7m</li> <li><strong>Regulación de motor</strong> Gobernador Mecánico ± 5%</li> <li><strong>Regulación </strong>A.V.R. sin escobillas</li> <li><strong>Amperaje</strong> 39,4 Amp</li> <li><strong>Potencia</strong> 127 / 240 v</li> <li><strong> de Fases</strong> Trifásico</li> <li><strong> RPM</strong> 1.800</li> <li><b>Peso </b>680kg</li> </ul>","<p><em>Los productos originales pueden variar ligeramente respecto a las fotos, la información en esta ficha está sujeta a cambios sin previo aviso.</em></p> <h2><b>Planta eléctrica </b>diésel</h2> <p><b>FDG15-S FORTE CABINADA trifásica 16,5kva/13kva Standby (15Kva/12kva prime) motor Diesel </b></p> <p><strong>Potencia de Emergencia</strong></p> <ul> <li><strong>KVA</strong> 16.5</li> <li><strong>KW</strong> 13</li> </ul> <p><strong>Potencia Continua</strong></p> <ul> <li><strong>KVA </strong>15</li> <li><strong>KW</strong> 22</li> <li><strong>Motor </strong>FORTE YSD480D</li> <li><strong>Tipo</strong> Diésel, 4 tiempos, refrigerado por agua.</li> <li><strong>Potencia del motor HP/kW</strong> 22 HP / 17kW</li> <li><strong>Nivel de ruido</strong> 79 dB a 7m</li> <li><strong>Regulación de motor</strong> Gobernador Mecánico ± 5%</li> <li><strong>Regulación </strong>A.V.R. sin escobillas</li> <li><strong>Amperaje</strong> 39,4 Amp</li> <li><strong>Potencia</strong> 127 / 240 v</li> <li><strong> de Fases</strong> Trifásico</li> <li><strong> RPM</strong> 1.800</li> <li><strong>Peso</strong> 680 kg</li> </ul> <p><strong>INCLUYE: </strong></p> <ul> <li>Pare y arranque automático</li> <li>Monitoreo de red para manejo de transferencia</li> <li>Voltímetro con lector independiente de fases.</li> <li>Frecuencímetro con lector independiente de fases.</li> <li>Amperímetro con lector independiente de fases.</li> <li>Horómetro.</li> <li>Medidor de temperatura y protección por alta temperatura.</li> <li>Protección por sobrecarga y sobre velocidad.</li> <li>Indicador de carga de batería.</li> <li>Parada de emergencia.</li> </ul> <h2><a href=""https://equipmaster.com.co/plantas-electricas/consejos-que-debe-tener-en-cuenta-para-elegir-una-planta-electrica/"">Consejos que debe tener en cuenta para elegir una Planta Eléctrica</a></h2> <h2><a href=""https://equipmaster.com.co/plantas-electricas/antes-de-adquirir-una-planta-electrica-conozca-los-tipos-que-existen/"">Antes de Adquirir una Planta Eléctrica Conozca los Tipos que Existen</a></h2> <p><span style=""color: #ffffff;"">Planta eléctrica Homecenter</span></p>",planta-electrica-fdg15-s-forte-cabinada-trifasica-165kva-13kva,"Venta de Planta Eléctrica FDG15-S FORTE CABINADA trifásica. motor Diesel peso 680kg. Asesoría especializada, Envíos a todo Colombia.",29309000,29309000,FORTE,Energía,
TRM-600,"Remolque para Motoazadas capacidad de carga de 600Kg, dos ruedas","<h2><span data-sheets-value=""{""1"":2,""2"":""Motocultor""}"" data-sheets-userformat=""{""2"":513,""3"":{""1"":0},""12"":0}"">Remolque con ruedas</span></h2> <ul> <li><strong>Capacidad de carga</strong> 600 kg</li> <li><strong>Ruedas</strong> 2</li> </ul>","<p><em>Los productos originales pueden variar ligeramente respecto a las fotos, la información en esta ficha está sujeta a cambios sin previo aviso.</em></p> <h2><span data-sheets-value=""{""1"":2,""2"":""Motoazada Motocultor""}"" data-sheets-userformat=""{""2"":513,""3"":{""1"":0},""12"":0}"">Motoazada Motocultor</span></h2> <p><strong>TRM-600  Remolque para Motoazada capacidad de carga de 600Kg dos ruedas</strong></p> <ul> <li>Ideal para transportar cargas pesadas con tu motoazada. Tiene una estructura robusta y resistente, con una capacidad de carga de 600 kg. Cuenta con dos ruedas que facilitan su movimiento y maniobrabilidad. Es perfecto para trabajos agrícolas y de jardinería que requieran transportar materiales o equipos de manera eficiente.</li> </ul>",remolque-para-motoazadas-capacidad-de-carga-de-600kg-dos-ruedas,"Venta de Remolque para motoazadas capacidad de carga de 600Kg dos ruedas , contamos con amplio catálogo. Asesoría especializada, Envíos a todo Colombia.",2919000,2919000,,Agro y ganadería,
DTL13000,"Motoazada Motocultor DUCATI DTL13000 motor 13hp gasolina, 4 velocidades","<h2><span data-sheets-value=""{""1"":2,""2"":""Motocultor""}"" data-sheets-userformat=""{""2"":513,""3"":{""1"":0},""12"":0}"">Motocultor</span></h2> <ul> <li><strong>No Cuchillas</strong> 40</li> <li><strong>Ancho de trabajo</strong> 80-1100 / 120-150cm</li> <li><strong>Profundidad </strong>36cm</li> <li><strong>Manilla</strong>r Regulable en altura reversible</li> <li><strong>Potencia</strong> 13Hp</li> <li><strong>Cilindraje</strong> 989cc</li> <li><strong>Tipo de combustible</strong> Gasolina</li> <li><strong>Tipo</strong> Directa por engranajes</li> <li><strong>Velocidades</strong> 4 adelante + 2 marcha atrás</li> </ul>","<p><em>Los productos originales pueden variar ligeramente respecto a las fotos, la información en esta ficha está sujeta a cambios sin previo aviso.</em></p> <h2><span data-sheets-value=""{""1"":2,""2"":""Motoazada Motocultor""}"" data-sheets-userformat=""{""2"":513,""3"":{""1"":0},""12"":0}"">Motoazada Motocultor</span></h2> <p><b>DUCATI DTL13000, motor 13hp gasolina Ancho de trabajo 150cm, profundidad de arado 15-36 centímetros, 4 velocidades</b></p> <p><strong>Motor</strong></p> <ul> <li><strong>Potencia</strong> 13Hp</li> <li><strong>Motor</strong> 4T- OHV</li> <li><strong>Cilindraje</strong> 989cc</li> <li><strong>Tipo de combustible</strong> Gasolina</li> <li><strong>Tipo de arranque</strong> Retráctil manual</li> <li><strong>Capacidad de combustible</strong>5L</li> <li><strong>Tipo de aceite</strong> 20w50</li> <li><strong>Capacidad de aceite</strong>65L</li> <li><strong>Filtro de aire</strong> Baño de aceite</li> </ul> <p> </p> <p><strong>Transmisión </strong></p> <ul> <li><strong>Tipo</strong> Directa por engranajes</li> <li><strong>Velocidades</strong> 4 adelante + 2 marcha atrás</li> <li><strong>Embrague</strong> Multidisco de fricción</li> <li><strong>Tipo de aceite</strong> 20w50</li> <li><strong>Capacidad de aceite</strong>1L</li> </ul> <p> </p> <p><strong>General</strong></p> <ul> <li><strong>No Cuchillas</strong> 40</li> <li><strong>Ancho de trabajo</strong> 80-1100 / 120-150cm</li> <li><strong>Profundidad </strong>36cm</li> <li><strong>Manilla</strong>r Regulable en altura reversible</li> <li><strong>Medida de llantas</strong> 540x120mm</li> <li><strong>Toma de fuerza</strong> Si</li> <li><strong>Presión de aire ruedas</strong> 29 P.S.I</li> </ul> <p> </p> <ul> <li><strong>Dimensiones </strong>135 x 180 x105cm</li> <li><strong><strong>Dimensiones embalaje  (L x An x Al): </strong></strong>56 x 180 x 84cm</li> <li><strong>Peso</strong> 135Kg</li> </ul> <h2><a href=""https://equipmaster.com.co/agro-y-jardin/motoazadas-herramientas-agricolas/"">Motoazadas: herramientas agrícolas</a></h2>",motoazada-motocultor-ducati-dtl13000-motor-13hp-gasolina-4-velocidades,"Venta de Motoazada Motocultor DUCATI DTL13000, motor 13hp 4 velocidades , contamos con amplio catálogo. Asesoría especializada, Envíos a todo Colombia.",5189000,5189000,DUCATI,Agro y ganadería,
FG900,"Motoazada FORTE FG900 a gasolina 7hp , Ancho de trabajo 80cm-110cm",<h2><strong>Motocultor</strong></h2> <ul> <li><strong>Motor</strong> GM210</li> <li><strong>Potencia </strong>7 hp</li> <li><strong>Ancho de corte</strong> 80 – 110 cm</li> <li><strong>Profundidad de trabajo</strong> 15 – 30 cm</li> <li><strong>Velocidades </strong>2 velocidades y reversa</li> <li><strong>Transmisión de potencia</strong> Correas</li> <li><strong>Capacidad de aceite</strong> de 1.1 L</li> <li><strong>Peso seco</strong> 74 kg</li> </ul>,"<p><em>Los productos originales pueden variar ligeramente respecto a las fotos, la información en esta ficha está sujeta a cambios sin previo aviso.</em></p> <h2><strong>Motoazada </strong></h2> <p><strong>FORTE FG900 a gasolina 7hp, Ancho de trabajo 80cm-110cm, profundidad de arado 15-30 centímetros, 3 velocidades arranque manual</strong></p> <ul> <li><strong>Motor</strong> GM210</li> <li><strong>Potencia </strong>7 hp</li> <li><strong>Ancho de corte</strong> 80 - 110 cm</li> <li><strong>Profundidad de trabajo</strong> 15 - 30 cm</li> <li><strong>Velocidades </strong>2 velocidades y reversa</li> <li><strong>Transmisión de potencia</strong> Correas</li> <li><strong>Capacidad de aceite</strong> de 1.1 L</li> </ul> <h2><a href=""https://equipmaster.com.co/agro-y-jardin/motoazadas-herramientas-agricolas/"">Motoazadas: herramientas agrícolas</a></h2>",motoazada-forte-fg900-a-gasolina-7hp-ancho-de-trabajo-80cm-110cm,"Venta de Motoazada FORTE FG900 a gasolina 7hp , Ancho de trabajo 80cm-110cm. Envíos a toda Colombia. Asesoría personal especializada. Somos EQUIPMASTER",2729000,2729000,FORTE,Agro y ganadería,
XAS98KD,Compresor portátil ATLAS COPCO Tipo tornillo XAS98KD 45hp Diesel Caudal de aire 187CFM,<h2>Compresor portátil</h2> <ul> <li><strong>Presión o rango de trabajo</strong> 70-105PSI</li> <li><strong>Combustible </strong>Diesel</li> <li><strong> Cilindros</strong> 4</li> <li><strong>Nivel ruido</strong> (LwA) dB(A) 101 Db</li> <li><strong>Potencia acústica</strong> (LPA) a 7 mts dB(A) 72 dB</li> <li><strong>Potencia promedio motor</strong>57kW (45 HP)</li> </ul>,"<p><em>Los productos originales pueden variar ligeramente respecto a las fotos, la información en esta ficha está sujeta a cambios sin previo aviso.</em></p> <h2>Compresor portátil tipo tornillo</h2> <p><strong>XAS98KD Tipo tornillo motor Kubota 45hp Diesel Caudal de aire entregado 187CFM  Presión 70-105psi Peso 785Kg </strong></p> <p><strong>RENDIMIENTO</strong></p> <ul> <li><strong>Tipo de unid. Comp. </strong>Tornillo</li> <li><strong>Caudal de aire entregado</strong> (a la salida del separador) 187CFM</li> <li><strong>Presión o rango de trabajo</strong> 70-105PSI</li> <li><strong> De salidas (diámetros)</strong> 3 x (3/4pulg)</li> </ul> <p><strong> </strong></p> <p><strong>MOTOR</strong></p> <ul> <li><strong>Combustible </strong>Diesel</li> <li><strong>Tecnología de motor</strong> Stage 3</li> <li><strong> Cilindros</strong> 4</li> <li><strong>Tipo de aspiración</strong> Turbo</li> <li><strong>Tipo de refrigeración Líquido</strong> (glycol 50%)</li> <li><strong>Potencia promedio motor</strong>57kW (45 HP)</li> <li><strong>Velocidad nominal a plena carga</strong>000 rpm</li> <li><strong>Velocidad de descarga</strong>850 rpm</li> </ul> <p> </p> <p><strong>CAPACIDAD</strong></p> <ul> <li><strong>Consumo de combustible promedio al 75% full carga</strong>6 gal/h</li> <li><strong>Consumo de combustible promedio al 100% full carga</strong> 0 gal/h</li> <li><strong>Capacidad del tanque de combustible</strong> 60 Lts (15.8 gal)</li> <li><strong>Capacidad carter aceite motor </strong>5 Lts (1.45 gal)</li> <li><strong>Capacidad aceite unidad compresora</strong> 8 Lts (2.11 gal)</li> <li><strong>Capacidad de refrigerante</strong>2 Lts (1.9 gal)</li> </ul> <p> </p> <p><strong>NIVEL SONORO</strong></p> <ul> <li><strong>Nivel ruido</strong> (LwA) dB(A) 101 Db</li> <li><strong>Potencia acústica</strong> (LPA) a 7 mts dB(A) 72 dB</li> </ul> <p> </p>",compresor-portatil-atlas-copco-tipo-tornillo-xas98kd-45hp-diesel,"Venta de Compresor portátil ATLAS COPCO Tipo tornillo 45hp Diesel, Asesoría especializada. Envíos a todo Colombia.",,,ATLAS COPCO,Construcción,
V4+K,Torre de iluminacion V4+K ATLAS COPCO 4 lamparas LED 250w,<h2>Torre de iluminación</h2> <ul> <li><strong>Tipo de Iluminación</strong> LED</li> <li><strong>Combustible </strong>Diesel</li> <li><strong>Capacidad tanque</strong> 105 Lts</li> <li><strong>Área de Cobertura </strong>4000 m2</li> <li><strong>Potencia de consumo luces</strong> 4×250 Watts</li> <li><strong>Mástil </strong>7.5 mts</li> <li><strong>Rotación de mástil</strong> 360 °</li> <li><strong>Generador auxiliar</strong> 1 kW</li> <li><strong>Voltaje </strong>120 VAC</li> <li><strong>Frecuencia</strong> 60 hz</li> <li><strong>Dimensiones (L x An x Al):</strong>  167 X 110 X 250</li> <li><strong>Peso:</strong>  702 kg</li> </ul>,"<p><em>Los productos originales pueden variar ligeramente respecto a las fotos, la información en esta ficha está sujeta a cambios sin previo aviso.</em></p> <h2><b>Torre de iluminación </b></h2> <p><b>V4+K ATLAS COPCO 4 lamparas LED 250w cada una Incluye motor Kohler de 8hp Diesel capacidad del tanque 105Lts área de cobertura 4,000m2. Mástil 360 de 7.5 Mtrs de Altura. Peso 702Kg</b></p> <p><strong>MOTOR</strong></p> <ul> <li><strong>Tipo de Iluminación</strong> LED</li> <li><strong>Referencia motora</strong> KDW702</li> <li><strong>Potencia Motor</strong> 8 HP (7,96 kW)</li> </ul> <p><strong>CONSUMO</strong></p> <ul> <li><strong>Combustible </strong>Diesel</li> <li><strong>Refrigeración </strong>Aire forzado</li> <li><strong>Consumo de combustible</strong> 0,5 Lt/h</li> <li><strong>Capacidad tanque</strong> 105 Lts</li> <li><strong>Autonomía máxima a plena carga</strong> 210 horas</li> </ul> <p><strong>RENDIMIENTO</strong></p> <ul> <li><strong>Nivel sonido @ Max carga</strong> 65 dB @ 7mts</li> <li><strong>Área de Cobertura </strong>4000 m2</li> <li><strong>Durabilidad bombilla </strong>50000 horas</li> <li><strong>Potencia de consumo luces</strong> 4x250 Watts</li> </ul> <p><strong>MÁSTIL</strong></p> <ul> <li><strong>Mástil </strong>7.5 mts</li> <li><strong>Rotación de mástil</strong> 360 °</li> <li><strong>Generador auxiliar</strong> 1 kW</li> <li><strong>Voltaje </strong>120 VAC</li> <li><strong>Frecuencia</strong> 60 hz</li> </ul> <h2 class=""wd-entities-title title post-title""><strong><a href=""https://equipmaster.com.co/plantas-electricas/por-que-usar-torres-de-iluminacion/"">¿Por qué usar torres de iluminación?</a></strong></h2>",torre-de-iluminacion-v4k-atlas-copco-4-lamparas-led-250w,"Venta de Torre de iluminación ATLAS COPCO 4 lamparas LED 250w, Variedad del catálogo en torres de iluminación. Envíos a todo Colombia. Asesoría especializada.",,,ATLAS COPCO,Construcción,
TPB-90,Martillo Neumatico POWERIN TPB-90 Consumo de aire 78CFM,<h2>Martillo Neumatico</h2> <ul> <li><strong>Porta herramienta </strong>1/4” x 6”</li> <li><strong>Consumo de aire</strong> 78cfm</li> <li><strong>Golpes por minuto</strong> 1250</li> <li><strong>Alto</strong> 723 mm</li> <li><strong>Silenciador </strong>No</li> <li><strong>Entrada de aire</strong> 3/4”</li> </ul>,"<p><em>Los productos originales pueden variar ligeramente respecto a las fotos, la información en esta ficha está sujeta a cambios sin previo aviso.</em></p> <h2>Martillo Neumático</h2> <p><strong>TPB-90 Consumo de aire 78CFM Entrada de aire de 3/4""Peso 84Lb</strong></p> <p>Rompedor neumático, herramienta de demolición ultra potente y de alta tecnología que ha sido diseñada para realizar los trabajos más duros y exigentes en el lugar de trabajo.</p> <ul> <li><strong>Porta herramienta </strong>1/4” x 6”</li> <li><strong>Consumo de aire</strong> 78cfm</li> <li><strong>Golpes por minuto</strong> 1250</li> <li><strong>Alto</strong> 723 mm</li> <li><strong>Silenciador </strong>No</li> <li><strong>Entrada de aire</strong> 3/4”</li> </ul> <p> </p> <p><span style=""color: #ffffff;"">planta eléctrica Homecenter</span></p>",martillo-neumatico-powerin-tpb-90-consumo-de-aire-78cfm,"Venta de Martillo Neumatico POWERIN TPB-90 Consumo de aire 78CFM, Asesoría especializada. Envíos a todo Colombia.",,,POWERIN,Construcción,
TPB-60,Martillo Neumatico POWERIN TPB-60 Consumo de aire 49CFM,<h2>Martillo Neumatico</h2> <ul> <li><strong>Tipo</strong> Profesional</li> <li><strong>Porta herramienta </strong>1/4” x 6”</li> <li><strong>Consumo de aire</strong> 49 cfm</li> <li><strong>Golpes por minuto</strong> 1400rpm</li> <li><strong>Alto</strong> 645 mm</li> <li><strong>Silenciador</strong> No</li> <li><strong>Entrada de aire</strong> 3/4”</li> </ul>,"<p><em>Los productos originales pueden variar ligeramente respecto a las fotos, la información en esta ficha está sujeta a cambios sin previo aviso.</em></p> <h2>Martillo Neumático</h2> <p><strong>PB-60 Consumo de aire 49CFM Entrada de aire de 3/4""Peso 60Lb</strong></p> <p>Rompedor neumático, herramienta de demolición ultra potente y de alta tecnología que ha sido diseñada para realizar los trabajos más duros y exigentes en el lugar de trabajo.</p> <ul> <li><strong>Tipo</strong> Profesional</li> <li><strong>Porta herramienta</strong>1/4” x 6”</li> <li><strong>Consumo de aire</strong> 49 cfm</li> <li><strong>Golpes por minuto</strong> 1400</li> <li><strong>Alto</strong> 645 mm</li> <li><strong>Silenciador</strong> No</li> <li><strong>Entrada de aire</strong> 3/4”</li> </ul> <p> </p> <p><span style=""color: #ffffff;"">planta eléctrica Homecenter</span></p>",martillo-neumatico-powerin-tpb-60-consumo-de-aire-49cfm,"Venta de Martillo Neumatico POWERIN TPB-60 Consumo de aire 49CFM, Asesoría especializada. Envíos a todo Colombia.",,,POWERIN,Construcción,
XAS88KD,Compresor portátil ATLAS COPCO Tipo tornillo XAS88KD 45hp Diesel Caudal de aire 177CFM,<h2>Compresor portátil</h2> <ul> <li><strong>Presión o rango de trabajo</strong> 70 -105 PSI</li> <li><strong>Combustible</strong> Diesel</li> <li><strong>Cilindros</strong> 4</li> <li><strong>Velocidad nominal a plena carga </strong>3.000 rpm</li> <li><strong>Capacidad de refrigerante </strong>7.2 Lts (1.9 gal)</li> <li><strong>Nivel ruido (LwA) dB(A)</strong> 98 dB</li> <li><strong>Potencia acústica (LPA) a 7 mts dB(A)</strong> 70 dB</li> </ul>,"<p><em>Los productos originales pueden variar ligeramente respecto a las fotos, la información en esta ficha está sujeta a cambios sin previo aviso.</em></p> <h2>Compresor portátil tipo tornillo</h2> <p><strong>XAS88KD Tipo tornillo motor Kubota 45hp Diesel Caudal de aire entregado 177CFM Presión 70-105psi Peso 749Kg</strong></p> <p><strong>RENDIMIENTO</strong></p> <ul> <li><strong>Caudal de aire entregado</strong> (A la salida del separador) 177 CFM</li> <li><strong>Presión o rango de trabajo</strong> 70 -105 PSI</li> <li><strong> de Salidas (Diámetros)</strong> 3 x (3/4 Pulg)</li> </ul> <p> </p> <p><strong>MOTOR</strong></p> <ul> <li><strong>Cilindros</strong> 4</li> <li><strong>Tipo de aspiración</strong> Turbo</li> <li><strong>Tipo de refrigeración Líquido</strong> (glycol 50%)</li> <li><strong>Potencia promedio motor </strong>57kW (45 HP)</li> <li><strong>Velocidad nominal a plena carga </strong>3.000 rpm</li> <li><strong>Velocidad de descarga </strong>1.850 rpm</li> </ul> <p> </p> <p><strong>CAPACIDAD</strong></p> <ul> <li><strong>Consumo de combustible promedio</strong> al 75% full carga 1.6 gal/h</li> <li><strong>Consumo de combustible promedio</strong> al 100% full carga 2.0 gal/h</li> <li><strong>Capacidad del tanque de combustible</strong> 60 Lts (15.8 gal)</li> <li><strong>Capacidad Carter aceite motor </strong>5.5 Lts</li> <li><strong>Capacidad aceite unidad compresora</strong> 8 Lts</li> <li><strong>Capacidad de refrigerante  </strong>7.2 Lts (1.9 gal)</li> </ul> <p><strong> </strong></p> <p><strong>NIVEL SONORO</strong></p> <ul> <li><strong>Nivel ruido (LwA) dB(A)</strong> 98 dB</li> <li><strong>Potencia acústica (LPA) a 7 mts dB(A)</strong> 70 dB</li> </ul> <p><span style=""color: #ffffff;"">planta eléctrica Homecenter</span></p>",compresor-portatil-atlas-copco-tipo-tornillo-xas88kd-45hp-diesel,"Venta de Compresor portátil ATLAS COPCO Tipo tornillo 45hp Diesel, Asesoría especializada. Envíos a todo Colombia.",,,ATLAS COPCO,Construcción,
PS-400w,Panel Solar portatil PS-400W de 400w,"<h2>Paneles solares portátiles</h2> <ul> <li><strong>Potencia </strong>400W</li> <li><strong>ISC</strong> 11A</li> <li><strong>VOC</strong> 48V</li> <li><strong>IMP</strong>8A</li> <li><strong>VMP </strong>41V</li> <li><strong>Eficiencia</strong> 22,60%</li> <li><strong>Tipo de celdas</strong> Silicio monocristalino</li> <li><strong>Tamaño plegado </strong>105.8 X 62</li> <li><strong>Tamaño desplegado </strong>105.8 x 236.5</li> <li><strong>Tipo de conector</strong> MC4</li> <li> <div><strong>Garantía: </strong>1 Año</div> <div></div> </li> </ul>","<p><em>Los productos originales pueden variar ligeramente respecto a las fotos, la información en esta ficha está sujeta a cambios sin previo aviso.</em></p> <h2>Paneles solares para estaciones de energía</h2> <p><b>PS-400W de 400w Tipo de celda Silicio Monocristalino Sirve para Carga de Estación de energía portátil DELTA 2, DELTA MAX y PRO Peso 16Kg</b></p> <p>Puede desconectarse de la red eléctrica con los paneles solares EcoFlow 400W. Creados a partir de células de <strong>silicio monocristalino eficientes</strong>, estos <strong>paneles solares plegables</strong>, portátiles e impermeables son capaces de cargar las estaciones de energía de la serie DELTA, manteniendo su equipo <strong>funcionando en cualquier situación.</strong></p> <div> <ul> <li><strong>Potencia </strong>400W</li> <li><strong>ISC</strong> 11A</li> <li><strong>VOC</strong> 48V</li> <li><strong>IMP</strong>8A</li> <li><strong>VMP </strong>41V</li> <li><strong>Eficiencia</strong> 22,60%</li> <li><strong>Tipo de celdas</strong> Silicio monocristalino</li> <li><strong>Tamaño plegado </strong>105.8 X 62</li> <li><strong>Tamaño desplegado </strong>105.8 x 236.5</li> <li><strong>Tipo de conector</strong> MC4</li> <li> <div><strong>Garantía: </strong>1 Año</div> </li> </ul> <h3><strong><a href=""https://equipmaster.com.co/plantas-electricas/que-son-las-estaciones-de-energia-portatiles/"">¿Qué son las Estaciones de Energía Portátiles?</a></strong></h3> </div> <p><span style=""color: #ffffff;"">planta eléctrica Homecenter</span></p>",panel-solar-portatil-ps-400w-de-400w,Venta Panel Solar portatil PS-400W de 400w Tipo de celda Silicio Monocristalino .Asesoría especializada. Envíos a nivel nacional.,3899900,3899900,,Energía,
PS-220w,Panel Solar portatil PS-220W de 220w,"<h2>Paneles solares portátiles</h2> <ul> <li><strong>Potencia</strong> 220W</li> <li><strong>ISC </strong>lado delantero 13A, Lado trasero 8.8A</li> <li><strong>VOC</strong>8V</li> <li><strong>IMP </strong>Lado delantero 12A, Lado trasero 8A</li> <li><strong>VMP</strong>4</li> <li><strong>Eficiencia</strong> 23,00%</li> <li><strong>Tipo de celdas</strong> Silicio Monocristalino</li> <li><strong>Tamaño plegado</strong> 82 x 50</li> <li><strong>Tamaño desplegado</strong> 82 x 183.5</li> <li><strong>Tipo de conector</strong> MC4</li> <li><strong>Garantía: </strong>1 Año</li> <li><strong>Dimensiones (L x An x Al):</strong>  28 x 50 x 3</li> <li><strong>Peso:</strong>  9.5 kg</li> </ul>","<p><em>Los productos originales pueden variar ligeramente respecto a las fotos, la información en esta ficha está sujeta a cambios sin previo aviso.</em></p> <h2>Paneles solares para estaciones de energía</h2> <p><b>PS-220W de 220w Tipo de celda Silicio Monocristalino Sirve para Carga de Estación de energía portátil RIVER 2 MAX y PRO Peso 9,5Kg</b></p> <p>Puede desconectarse de la red eléctrica con los paneles solares EcoFlow 220W. Creados a partir de células de silicio monocristalino eficientes, estos paneles solares plegables, portátiles e impermeables son capaces de cargar las estaciones de energía de la serie DELTA o RIVER, manteniendo su equipo funcionando en cualquier situación.</p> <p><strong>Panel solar portátil bifacial 220W</strong></p> <ul> <li><strong>Potencia nominal </strong></li> <li>220W (+/- 5W) cara frontal</li> <li>155W (+/-5W) cara posterior</li> <li><strong>Eficiencia</strong> 22.8%</li> <li><strong>Tipo de celda</strong> Silicio Monocristalino</li> <li><strong>Puertos de salida</strong> Tipo conector MC4</li> <li><strong>Tamaño plegado</strong> 82 x 50 x 3cm</li> <li><strong>Tamaño desplegado</strong> 82 x 183.5 x 2,5cm</li> <li><strong>Voltaje de circuito abierto</strong> 21.8V (Voltaje a máx. potencia 18.4V)</li> <li><strong>Corriente de cortocircuito</strong> 13A (Corriente a máx. potencia 12A)</li> <li> <div><strong>Garantía: </strong>1 Año</div> <div></div> </li> </ul> <h3><strong><a href=""https://equipmaster.com.co/plantas-electricas/que-son-las-estaciones-de-energia-portatiles/"">¿Qué son las Estaciones de Energía Portátiles?</a></strong></h3> <p><span style=""color: #ffffff;"">planta eléctrica Homecenter</span></p>",panel-solar-portatil-ps-220w-de-220w,Venta Panel Solar portatil PS-220W de 220w Tipo de celda Silicio Monocristalino .Asesoría especializada. Envíos a nivel nacional.,2399900,2399900,,Energía,
PS-160w,Panel Solar portatil PS-160W de 160w,"<h2>Paneles solares portátiles</h2> <ul> <li><strong>Potencia Nominal</strong> 160W (+/-5W)</li> <li><strong>Eficiencia </strong>21- 22%</li> <li><strong>Voltaje de circuito abierto</strong>4V (Vmp 18.2V)</li> <li><strong>Corriente de corto circuito</strong>6A(Imp 8.8A)</li> <li><strong>Tipo de celda </strong>Silicio monocristalino</li> <li><strong><span style=""vertical-align: inherit;""><span style=""vertical-align: inherit;"">Temperatura de funcionamiento</span></span></strong><span style=""vertical-align: inherit;""><span style=""vertical-align: inherit;""> -20°C – 85°C</span></span></li> <li><strong>Tamaño plegado</strong> 68 x 42 x 2,4cm</li> <li><strong>Tamaño desplegado</strong> 68 x 157 x 2,4cm</li> <li><strong>Grado de protección</strong> IP68</li> <li> <div><strong>Garantía: </strong>1 Año</div> <div></div> </li> </ul>","<p><em>Los productos originales pueden variar ligeramente respecto a las fotos, la información en esta ficha está sujeta a cambios sin previo aviso.</em></p> <h2>Paneles solares para estaciones de energía</h2> <p><b>PS-160W de 160w Tipo de celda Silicio Monocristalino Sirve para Carga de Estación de energía portátil RIVER 2 MAX y PRO Peso 7Kg</b></p> <p>Puede desconectarse de la red eléctrica con los paneles solares EcoFlow 160W. Creados a partir de <strong>células de silicio monocristalino eficientes</strong>, estos <strong>paneles solares plegables, portátiles e impermeables</strong> son capaces de cargar las estaciones de energía de la serie DELTA o RIVER, manteniendo su equipo funcionando en cualquier situación.</p> <ul> <li><strong>Potencia Nominal</strong> 160W (+/-5W)</li> <li><strong>Eficiencia</strong> 21- 22%</li> <li><strong>Tipo de celda</strong> Silicio Monocristalino</li> <li><strong>Puertos de salida</strong> Tipo conector MC4</li> <li><strong>Tamaño plegado</strong> 68 x 43 x 2,4cm</li> <li><strong>Tamaño desplegado</strong> 68 x 157 x 2,4cm</li> <li><strong>Voltaje de circuito abierto</strong> 21.4V (Voltaje a máx. potencia 18.2V)</li> <li><strong>Corriente de cortocircuito</strong> 9.6A (Corriente a máx. potencia 8.8A)</li> <li><strong>Garantía: </strong>1 Año</li> </ul> <h3><strong><a href=""https://equipmaster.com.co/plantas-electricas/que-son-las-estaciones-de-energia-portatiles/"">¿Qué son las Estaciones de Energía Portátiles?</a></strong></h3> <p> </p>",panel-solar-portatil-ps-160w-de-160w,Venta Panel Solar portatil PS-160W de 160w Tipo de celda Silicio Monocristalino .Asesoría especializada. Envíos a nivel nacional.,1599900,1599900,,Energía,
PS-110w,Panel Solar portatil PS-110W de 110w,"<h2>Paneles solares portátiles</h2> <ul> <li><strong>Potencia</strong> 110W</li> <li><strong>Eficiencia </strong>8%</li> <li><strong>Voltaje de circuito abierto</strong>8V (Vmp 18.4V)</li> <li><strong>Corriente de corto circuito</strong>5A(Imp 6.0A)</li> <li><strong>Tipo de celda Silicio</strong> monocristalino</li> <li><strong>Temperatura de operación</strong> -20°C – 85°C</li> <li><strong>Tamaño plegado</strong> 42 x 48 x 2,5cm</li> <li><strong>Tamaño desplegado</strong> 42 x 178,5 x 2,5cm</li> <li><strong>Grado de protección</strong> IP68</li> <li><strong>Garantía: </strong>1 Año</li> <li><strong>Dimensiones (L x An x Al):</strong>  42 x 48 x 2.5</li> <li><strong>Peso: </strong>4 kg</li> </ul>","<p><em>Los productos originales pueden variar ligeramente respecto a las fotos, la información en esta ficha está sujeta a cambios sin previo aviso.</em></p> <h2>Paneles solares para estaciones de energía</h2> <p><b>PS-110W de 110w Tipo de celda Silicio Monocristalino Sirve para Carga de Estación de energía portátil RIVER 2 Peso 4Kg</b></p> <p>Puede desconectarse de la red eléctrica con los paneles solares EcoFlow 110W. Creados a partir de células de <strong>silicio monocristalino</strong> eficientes, estos <strong>paneles solares plegables</strong>, portátiles e impermeables son capaces de cargar las estaciones de energía de la <strong>serie DELTA o RIVER</strong>, manteniendo su <strong>equipo funcionando en cualquier situación.</strong></p> <ul> <li><strong>Panel solar portátil</strong> 110W</li> <li><strong>Potencia Nominal</strong> 110W (+/-5W)</li> <li><strong>Eficiencia</strong> 22.8%</li> <li><strong>Tipo de celda</strong> Silicio Monocristalino</li> <li><strong>Puertos de salida</strong> Tipo conector MC4</li> <li><strong>Tamaño plegado</strong> 42 x 48 x 2,5cm</li> <li><strong>Tamaño desplegado</strong> 42 x 178,5 x 2,5cm</li> <li><strong>Voltaje de circuito abierto</strong> 21.7V (Voltaje a máx potencia 18.5V)</li> <li><strong>Corriente de cortocircuito</strong> 6.3A (Corriente a máx. potencia6A)</li> <li> <div><strong>Garantía: </strong>1 Año</div> <div></div> </li> </ul> <h3><strong><a href=""https://equipmaster.com.co/plantas-electricas/que-son-las-estaciones-de-energia-portatiles/"">¿Qué son las Estaciones de Energía Portátiles?</a></strong></h3> <p><span style=""color: #ffffff;"">planta eléctrica Homecenter</span></p>",panel-solar-portatil-ps-110w-de-110w,Venta Panel Solar portatil PS-110W de 110w Tipo de celda Silicio Monocristalino .Asesoría especializada. Envíos a nivel nacional.,1099900,1099900,,Energía,
DELTA 2 PRO,"Estación de energia portátil ECOFLOW DELTA 2 PRO Capacidad de 3,6Kw (Potencia maxima X-Boost 4500W)","<h2>Estaciones de energía DELTA</h2> <ul> <li><span style=""color: #000000;""><strong>Garantía: 3 Años</strong></span></li> <li><strong>Capacidad </strong>6kWh, Expandible 7.2kWh, 10,8Wh</li> <li><strong>Entrada</strong> <strong>AC</strong> 1800w Max, 110V</li> <li><strong>Salida AC</strong> 3600W, X-Boost 4500W, Sobretensión 7200W, 5Salidas</li> <li><strong>USB-A (X2)</strong> 5V, 2.4ª, 12W Máx por puerto</li> <li><strong>USB-A</strong> <strong>Carga rápida (x2)</strong> 5V, 2.4A 9V, 2ª     12V,1.5A    18W Máx por puerto</li> <li><strong>USB-C (X2)</strong> 5/9/12/15/20V, 5A 100W Max por puerto</li> <li><strong>Salida de carro</strong>6V, 10A, 126W Max</li> <li><strong>DC5521 (X2)</strong>6V, 3A , 38W Máx por puerto</li> <li><strong>Salida Anderson</strong>6V , 30A, 378 Max</li> <li><strong>Entrada AC</strong> 1800W Max, 100-120V, 15A</li> <li><strong>Entrada solar</strong> 1600W Max, 11-150V,15A</li> <li><strong>Carga EV</strong> 3400w, Tipo 2</li> <li><strong>Batería </strong>LFP 3500 Ciclos al 80%, 6500 Ciclos al 50%</li> <li><strong>Conexión</strong> Wi-Fi, Bluetooth</li> <li><strong>Certificados</strong> UL, CE, FCC, RoHS, TELEC</li> <li><strong>(Accesorios y Paneles no incluidos)</strong></li> </ul>","<p><em>Los productos originales pueden variar ligeramente respecto a las fotos, la información en esta ficha está sujeta a cambios sin previo aviso.</em></p> <h2>Estación de energía portátil ECOFLOW</h2> <p><b>DELTA 2 PRO</b><b> Capacidad de 3,6Kw (Potencia máxima X-Boost 4500W) 5 Puertos de salidas de corriente alterna a 110v</b></p> <p>(10 Salidas DC) Permite carga con paneles solares. Peso 45kg (Accesorios y Paneles no incluidos)</p> <p>Con DELTA Pro, sus numerosas <strong>opciones de conexión y carga</strong>, esta planta de energía portátil es un <strong>todoterreno</strong> versátil para el hogar, como respaldo en caso de un corte de energía o para acampar y aventuras al aire libre. Con su capacidad de 3600Wh, potencia nominal de 3600W y la potencia máxima de 4500 W el DELTA Pro puede <strong>suministrar energía a casi cualquier dispositivo</strong>, como electrodomésticos de cocina, luces, teléfonos celulares y computadoras portátiles o herramientas.</p> <p>La evolución de las plantas eléctricas,  <strong>sin combustible, sin humo, sin ruido y sin mantenimiento.</strong></p> <ul> <li><span style=""color: #000000;""><strong>Garantía: 3 Años</strong></span></li> <li><strong>Capacidad</strong> 3.6kWh</li> <li><strong>Salida de CA</strong> 3600W</li> <li><strong>EXPANDIBLE HASTA:</strong></li> <li><strong>2kWh</strong> Con 1 batería extra Delta PRO</li> <li><strong>8kWh</strong> Con 2 baterías extra Delta PRO</li> <li><strong>X-Boost</strong> 4500W</li> <li><strong>Tiempo de recarga:</strong></li> <li><strong>2,7horas</strong>(carga de pared de 2900W)</li> <li><strong>3-6horas</strong> (3* panel solar de 400W)</li> <li><b>*El panel solar y baterías se venden por separado</b></li> <li><strong>*Expandible hasta 10.8kWh con batería extra EcoFlow</strong></li> <li><strong>Dimensiones (L x An x Al):</strong>  63.3 x 28.5 x 41.6</li> <li><strong>Peso: </strong>45 kg</li> </ul> <h3><strong><a href=""https://equipmaster.com.co/plantas-electricas/que-son-las-estaciones-de-energia-portatiles/"">¿Qué son las Estaciones de Energía Portátiles?</a></strong></h3> <p>https://www.youtube.com/watch?v=aI0cNfNkCDE&t=1s</p> <p><span style=""color: #ffffff;"">planta eléctrica Homecenter</span></p>",estacion-de-energia-portatil-delta-2-pro-capacidad-de-36kw,Venta de la evolución de las plantas eléctricas. Estación de energia portátil DELTA 2 PRO .Asesoría especializada. Envíos a nivel nacional.,16499900,19999900,ECOFLOW,Energía,
DELTA 2 MAX,Estación de energia portátil ECOFLOW DELTA 2 MAX Capacidad de 2Kw (Potencia maxima X-Boost 3400W),"<h2>Estaciones de energía DELTA</h2> <ul> <li><span style=""color: #000000;""><strong>Garantía: 5 Años</strong></span></li> <li><strong>Capacidad</strong> 2kWh</li> <li><strong>EXPANDIBLE HASTA:</strong></li> <li><strong>4kWh</strong> Con 1 batería extra Delta 2 MAX</li> <li><strong>6kWh</strong> Con 2 baterías extra Delta 2 MAX</li> <li><strong>Salida de CA</strong> (110V) 2400W</li> <li><strong>X-Boost</strong> 3400W</li> <li><strong>Tiempo de recarga:</strong></li> <li><strong>80minutos</strong> (carga de pared de 1800W)</li> <li><strong>3-6horas</strong> (2* paneles solares de 400W)</li> <li><strong>(Accesorios y Paneles no incluidos)</strong></li> </ul>","<p><em>Los productos originales pueden variar ligeramente respecto a las fotos, la información en esta ficha está sujeta a cambios sin previo aviso.</em></p> <h2>Estación de energía portátil ECOFLOW</h2> <p><b>DELTA 2 MAX Capacidad de 2Kw (Potencia máxima X-Boost 3400W) 6 Puertos de salidas de corriente alterna a 110v</b></p> <p>(9 Salidas DC) Permite carga con paneles solares. Peso 25kg (Accesorios y Paneles no incluidos)</p> <p>DELTA MAX es una central eléctrica de iones de litio diseñada para <strong>suministrar energía a los usuarios en cualquier situación</strong>, brindándoles tranquilidad dondequiera que esté. <strong>Desde energía doméstica</strong>, <strong>vehículos eléctricos y energía móvil</strong>, DELTA le ofrece un nuevo estándar de tecnología de plantas eléctricas a batería.</p> <p>La evolución de las plantas eléctricas,  <strong>sin combustible, sin humo, sin ruido y sin mantenimiento.</strong></p> <ul> <li><span style=""color: #000000;""><strong>Garantía: 5 Años</strong></span></li> <li><strong>Tiempo de recarga:</strong></li> <li><strong>80minutos</strong> (carga de pared de 1800W)</li> <li><strong>3-6horas</strong> (2* paneles solares de 400W)</li> <li><strong>(Accesorios y Paneles no incluidos)</strong></li> <li><strong>Dimensiones (L x An x Al):</strong>  49.7 x 24.2 x 30.5</li> <li><strong>Peso: </strong>25 kg</li> </ul> <h3><strong><a href=""https://equipmaster.com.co/plantas-electricas/que-son-las-estaciones-de-energia-portatiles/"">¿Qué son las Estaciones de Energía Portátiles?</a></strong></h3> <p><span style=""color: #ffffff;"">planta eléctrica Homecenter</span></p>",estacion-de-energia-portatil-delta-2-max-capacidad-de-2kw,Venta de la evolución de las plantas eléctricas. Estación de energía portátil DELTA 2 MAX .Asesoría especializada. Envíos a nivel nacional.,8499900,10999900,ECOFLOW,Energía,
DELTA 2,Estación de energia portátil ECOFLOW DELTA 2 Capacidad de 1Kw (Potencia maxima X-Boost 2200W),"<h2>Estaciones de energía DELTA</h2> <ul> <li><span style=""color: #000000;""><strong>Garantía: 5 Años</strong></span></li> <li><strong>Capacidad </strong>1024 Wh, Expandible a 2000Wh o 3000Wh</li> <li><strong>Entrada AC:</strong> 1200W Max, 0-80% 50min, 0-100% 80min. 110v</li> <li><strong>Salida AC:</strong> 1800W, X-Boost 2200W, 6 Salidas</li> <li><strong>Salida DC:</strong> USB-A*2, USB-A FC*2, UBS-C*2, Salida de carro 1, DC5521*2</li> <li><strong>Entrada solar:</strong> 400W</li> <li><strong>Batería: </strong>LFP 3000 Ciclos al 80%</li> <li><strong>Conexión:</strong> Wi-Fi, Bluetooth</li> <li><strong>(Accesorios y Paneles no incluidos)</strong></li> </ul>","<p><em>Los productos originales pueden variar ligeramente respecto a las fotos, la información en esta ficha está sujeta a cambios sin previo aviso.</em></p> <h2>Estación de energía portátil ECOFLOW</h2> <p><b>DELTA 2 Capacidad de 1Kw (Potencia máxima X-Boost 2200W) 6 Puertos de salidas de corriente alterna a 110v</b></p> <p>(9 Salidas DC) Permite carga con paneles solares. Peso 12kg <strong>(Accesorios y Paneles no incluidos)</strong></p> <p>EcoFlow DELTA 2 es una <strong>estación de energía portátil</strong> con capacidad inicial de 1kWh y salida de CA de 1800W. Usa batería LFP segura y duradera, soporta 3000 ciclos y puede alimentar más del 90% de los <strong>electrodomésticos</strong>. Conecta hasta 15 dispositivos a la vez y ofrece opción de aumentar la capacidad hasta 3040Wh con batería extra DELTA Max. <strong>Tecnología X-Boost</strong> previene sobrecarga en dispositivos de hasta 2200W. Elección ecológica y segura para todas tus necesidades energéticas.</p> <p>La evolución de las plantas eléctricas,  <strong>sin combustible, sin humo, sin ruido y sin mantenimiento.</strong></p> <ul> <li><span style=""color: #000000;""><strong>Garantía: 5 Años</strong></span></li> <li><strong>Capacidad</strong> 1kWh</li> <li><strong>Salida de CA</strong>(110v) 1800w</li> <li><strong>X-Boost</strong> 2200W</li> <li><strong>Tiempo de recarga:</strong></li> <li><strong>80Minutos</strong>( carga de pared 1200W)</li> <li><strong>3-6horas*</strong>(panel solar de 400w)</li> <li><strong>*El panel solar se vende por separado.</strong></li> <li><strong>Dimensiones (L x An x Al):</strong>  40 x 21.1 x 28.1</li> <li><strong>Peso: </strong>12 kg</li> </ul> <h3><strong><a href=""https://equipmaster.com.co/plantas-electricas/que-son-las-estaciones-de-energia-portatiles/"">¿Qué son las Estaciones de Energía Portátiles?</a></strong></h3> <p>https://www.youtube.com/watch?v=aI0cNfNkCDE</p> <p><span style=""color: #ffffff;"">planta eléctrica Homecenter</span></p>",estacion-de-energia-portatil-delta-2-capacidad-de-1kw,Venta de la evolución de las plantas eléctricas. Estación de energía portátil DELTA 2 .Asesoría especializada. Envíos a nivel nacional.,4099900,6599900,ECOFLOW,Energía,
RIVER 2 PRO,Estación de energia portátil ECOFLOW RIVER 2 PRO Capacidad de 768W (Potencia maxima X-Boost 1600W),"<h2>Estaciones de energía RIVER</h2> <ul> <li><strong>Garantía: 5 Años</strong></li> <li><strong>Capacidad </strong>768Wh</li> <li><strong>Entrada AC:</strong> 940W Max, 0-100% 70min,110v</li> <li><strong>Salida AC:</strong> 800W, X-Boost 1600W, Sobretensión 1600W, 4 Salidas</li> <li><strong>Tiempo de transferencia:</strong> 30ms</li> <li><strong>Salida DC:</strong> USB-A*3, USB-C*1, Salida de carro 1, DC5521*2</li> <li><strong>Entrada solar:</strong> 220W, 11-50V, 13A Max</li> <li><strong>Batería: </strong>LFP 3000 Ciclos al 80%</li> <li><strong>Conexión:</strong> Wi-Fi, Bluetooth</li> <li><strong>(Accesorios y Paneles no incluidos)</strong></li> </ul> <p><a href=""https://www.instagram.com/p/Cw23D7JuD2m/""><strong>Ver video de la estación de energía aquí </strong></a></p>","<p><em>Los productos originales pueden variar ligeramente respecto a las fotos, la información en esta ficha está sujeta a cambios sin previo aviso.</em></p> <h2>Estación de energía portátil ECOFLOW</h2> <p><b>RIVER 2 PRO</b><b> Capacidad de 768W (Potencia máxima X-Boost 1600W) 4 Puertos de salidas de corriente alterna a 110v</b></p> <p>(7 Salidas DC) Permite carga con paneles solares. Peso 7,8kg <strong>(Accesorios y Paneles no incluidos)</strong></p> <p>Descubre la Estación de Energía Portátil EcoFlow RIVER 2 Pro 768Wh: <strong>ligera, potente y carga rápida</strong>. Con 11 salidas, su capacidad de 768Wh y salida de 800W te garantizan energía duradera. Recarga 0-100% en solo 70 min, 5x más rápido. Batería LFP segura por 10 años.</p> <p>Certificación TÜV Rheinland. X-Boost de 1600W para electrodomésticos. Carga a través de AC, carro, solar y USB-C. Pesa solo 7.8kg. Interruptor EPS <30ms. Controla con app vía Bluetooth o Wi-Fi. ¡Imprescindible para tus aventuras!</p> <p>La evolución de las plantas eléctricas,  <strong>sin combustible, sin humo, sin ruido y sin mantenimiento.</strong></p> <ul> <li><strong>Garantía: 5 Años</strong></li> <li><strong>Capacidad</strong> 768Wh</li> <li><strong>Salida de CA</strong>(110v) 800w</li> <li><strong>X-Boost</strong> 1600W</li> <li><strong>Tiempo de carga:</strong></li> <li><strong>70Minutos</strong>( carga de pared 940W)</li> <li><strong>5-8horas</strong>(panel solar de 220w)</li> <li><strong>Dimensiones (L x An x Al):</strong>  27 x 26 x 22.6</li> <li><strong>Peso: </strong>7.8 kg</li> </ul> <h3><strong><a href=""https://equipmaster.com.co/plantas-electricas/que-son-las-estaciones-de-energia-portatiles/"">¿Qué son las Estaciones de Energía Portátiles?</a></strong></h3> <p>https://www.youtube.com/watch?v=w11KhRt62Ko</p> <p><span style=""color: #ffffff;"">planta eléctrica Homecenter</span></p>",estacion-de-energia-portatil-river-2-pro-capacidad-de-768w,Venta de la evolución de las plantas eléctricas. Estación de energía portátil RIVER 2 PRO .Asesoría especializada. Envíos a nivel nacional.,2599900,3999900,ECOFLOW,Energía,
RIVER 2 MAX,Estación de energia portátil ECOFLOW RIVER 2 MAX Capacidad de 512W (Potencia maxima X-Boost 1000W),"<h2>Estaciones de energía RIVER</h2> <ul> <li><span style=""color: #000000;""><strong>Garantía: 5 Años</strong></span></li> <li><strong>Capacidad </strong>512Wh</li> <li><strong>Entrada AC:</strong> 660W Max, 0-100% 1h,110v</li> <li><strong>Salida AC:</strong> 500W, X-Boost 1000W, Sobretensión 1000W, 4 Salidas</li> <li><strong>Salida DC:</strong> USB-A*3, USB-C*1, Salida de carro 1, DC5521*2</li> <li><strong>Entrada solar:</strong> 220W, 11-50V, 13A Max</li> <li><strong>Batería: </strong>LFP 3000 Ciclos al 80%</li> <li><strong>Conexión:</strong> Wi-Fi, Bluetooth</li> <li><strong>(Accesorios y Paneles no incluidos)</strong></li> </ul>","<p><em>Los productos originales pueden variar ligeramente respecto a las fotos, la información en esta ficha está sujeta a cambios sin previo aviso.</em></p> <h2>Estación de energía portátil ECOFLOW</h2> <p><b>RIVER 2 MAX Capacidad de 512W (Potencia máxima X-Boost 1000W) 4 Puertos de salidas de corriente alterna a 110v</b></p> <p>(7 Salidas DC) Permite carga con paneles solares. Peso 6,1kg <strong>(Accesorios y Paneles no incluidos)</strong></p> <p>EcoFlow River Max 2 es una fuente de alimentación portátil diseñada para proporcionar <strong>energía confiable</strong> en diversas situaciones. Tiene una <strong>capacidad de almacenamiento de energía de 512Wh</strong> para alimentar una variedad de dispositivos electrónicos y electrodomésticos pequeños. También cuenta con protecciones de seguridad para <strong>evitar sobrecargas</strong>, sobrecalentamiento y cortocircuitos, brindando una operación segura y confiable.</p> <p>La evolución de las plantas eléctricas,  <strong>sin combustible, sin humo, sin ruido y sin mantenimiento.</strong></p> <ul> <li><span style=""color: #000000;""><strong>Garantía: 5 Años</strong></span></li> <li><strong>Capacidad</strong> 512W</li> <li><strong>Salida de CA</strong>(110V) 500W</li> <li><strong>X-Boost</strong> 1000W</li> <li><strong>Tiempos de recarga:</strong></li> <li><strong>1Hora</strong>(Carga de pared de 660W)</li> <li><strong>3-6horas</strong>(Panel solar de 220W)</li> <li><strong>*El panel solar se vende por separado</strong></li> <li><strong>Dimensiones (L x An x Al):</strong>  27 x 26 x 19.6</li> <li><strong>Peso: </strong>6.1 kg</li> </ul> <h3><strong><a href=""https://equipmaster.com.co/plantas-electricas/que-son-las-estaciones-de-energia-portatiles/"">¿Qué son las Estaciones de Energía Portátiles?</a></strong></h3> <p><span style=""color: #ffffff;"">planta eléctrica Homecenter</span></p>",estacion-de-energia-portatil-river-2-max-capacidad-de-512w,Venta de la evolución de las plantas eléctricas. Estación de energía portátil RIVER 2 MAX .Asesoría especializada. Envíos a nivel nacional.,2099900,2299900,ECOFLOW,Energía,
RIVER 2,Estación de energia portátil ECOFLOW RIVER 2 Capacidad de 300W  (Potencia maxima X-Boost 600W),"<h2>Estaciones de energía RIVER</h2> <ul> <li><span style=""color: #000000;""><strong>Garantía: 5 Años</strong></span></li> <li><strong>Capacidad </strong>256Wh</li> <li><strong>Entrada AC:</strong> 360W Max, 0-100% 1h,110v</li> <li><strong>Salida AC:</strong> 300W, X-Boost 600W, Sobretensión 600W, 2 Salidas</li> <li><strong>Salida DC:</strong> USB-A*2, USB-C*1, Salida de carro 1</li> <li><strong>Entrada solar:</strong> 110W, 11-30V, 8A Max</li> <li><strong>Batería: </strong>LFP 3000 Ciclos al 80%</li> <li><strong>Conexión:</strong> Wi-Fi, Bluetooth</li> <li><strong>(Accesorios y Paneles no incluidos)</strong></li> </ul>","<p><em>Los productos originales pueden variar ligeramente respecto a las fotos, la información en esta ficha está sujeta a cambios sin previo aviso.</em></p> <h2>Estación de energía portátil ECOFLOW</h2> <p><b>RIVER 2 Capacidad de 300W (Potencia máxima X-Boost 600W) 2 Puertos de salidas de corriente alterna a 110v </b></p> <p>(4 Salidas DC) Permite carga con paneles solares. Peso 3,5kg <strong>(Accesorios y Paneles no incluidos)</strong></p> <p>River 2 es una estación de energía portátil EcoFlow  que proporciona una <strong>fuente de energía confiable</strong> para diversas aplicaciones. Con su capacidad de carga rápida, múltiples puertos de salida y diferentes formas de carga, es una opción conveniente y versátil para alimentar dispositivos como teléfonos móviles, tabletas, computadoras portátiles, luces.</p> <p>La evolución de las plantas eléctricas,  <strong>sin combustible, sin humo, sin ruido y sin mantenimiento.</strong></p> <ul> <li><span style=""color: #000000;""><strong>Garantía: 5 Años</strong></span></li> <li><strong>Capacidad</strong> 256Wh</li> <li><strong>Salida de CA</strong>(110V) 300W</li> <li><strong>X-Boost</strong> 600W</li> <li><strong>Tiempo de recarga</strong></li> <li><strong>1Hora</strong>(carga de pared de 360W)</li> <li><strong>3-6horas</strong>(panel solar de 110W)</li> <li><strong>*El panel solar se vende por separado</strong></li> <li><strong>Dimensiones (L x An x Al):</strong>  24.5 x 21.4 x 14.2</li> <li><strong>Peso: </strong>3.5 kg</li> </ul> <h3><strong><a href=""https://equipmaster.com.co/plantas-electricas/que-son-las-estaciones-de-energia-portatiles/"">¿Qué son las Estaciones de Energía Portátiles?</a></strong></h3> <p>https://www.youtube.com/watch?v=w11KhRt62Ko</p> <p><span style=""color: #ffffff;"">planta eléctrica Homecenter</span></p>",estacion-de-energia-portatil-river-2-capacidad-de-300w,Venta de la evolución de las plantas eléctricas. Estación de energía portátil RIVER 2. Asesoría especializada. Envíos a nivel nacional.,1099900,1999900,ECOFLOW,Energía,
463-GG190EG-3,"Planta eléctrica 463-GG190EG-3 KTC MASTER 18,800watt maximo a gasolina","<h2>Generador eléctrico</h2> <ul> <li><strong>Potencia Máxima</strong>* 18800 VA (Gasolina )</li> <li><strong>Potencia Nominal</strong> 15630 VA (Gasolina)</li> <li><strong>Voltaje Nominal</strong> <strong>Salida AC </strong>127 V (1ϕ) / 220 V (3ϕ)</li> <li><strong>Frecuencia Nominal</strong> 60 Hz</li> <li><strong>Factor de Potencia</strong>0.8</li> <li><strong>Voltaje Nominal Salida</strong> DC 12 V</li> <li><strong>Corriente Nominal Salida</strong> DC 8.3 A</li> <li><strong>Nivel de Ruido</strong> 74 dBA</li> <li><strong>Puerto ATS</strong> Si (en Panel)</li> <li><strong>Uno de los principales usos: </strong>Carga de baterías de drones t30 y t40 con una potencia real máxima 15.000w</li> <li><strong>Dimensiones (L x An x Al):</strong>  89 x 61 x 84</li> <li><strong>Peso:</strong> 158 kg</li> </ul> <p><strong><a href=""https://youtube.com/shorts/A7DsFCGQM_E?feature=shared"">Ver video de la planta aquí </a></strong></p>","<p><em>Los productos originales pueden variar ligeramente respecto a las fotos, la información en esta ficha está sujeta a cambios sin previo aviso.</em></p> <h2>Planta eléctrica a gasolina</h2> <p><b>463-GG190EG-3 KTC MASTER 18,800watt máximo /15,630watt nominal a gasolina Trifásica, arranque eléctrico (Especial para carga de batería de drones)</b></p> <p><strong>Uno de los principales usos de estas plantas es cuando son empleadas como generadores de carga para baterías de drones T30 y T40, con una potencia máxima real de 15.000W.</strong></p> <p>Economía para el bolsillo – Gran ahorro en costos de combustible al trabajar el equipo con gas propano.</p> <p>•<strong> Encendido Electrónico con Auto-choke -</strong> Simplemente con pulsar el botón de encendido, el generador arrancará automáticamente (el choke se accionará<strong> </strong>espontáneamente si así se requiere para poder encender el motor).<br /> <strong>• AVR Digital -</strong> Mayor estabilidad de corriente, menor fluctuación de la frecuencia, arranque de motores eléctricos de mayor potencia<br /> <strong>• Generador Gama Profesional -</strong> Mayor potencia y durabilidad en comparación a la mayoría de marcas del mercado<br /> •<strong> Cuenta con puerto ATS -</strong> Permite la instalación de una transferencia (ATS) externa para automatizar el generador<br /> <strong>• Cuenta con puerto para recargar su propia batería</strong> - Si la batería cuenta con poca carga o se descarga, basta simplemente con conectar desde el panel a una toma de corriente el adaptador que incluye el generador para recargarla<br /> <strong>• TDH ≤ 5% -</strong> Potencia de Salida de alta calidad (bajo ruido eléctrico)<br /> <strong>• Display Digital</strong> – Para monitorear con mayor precisión diversos parámetros del generador tales como, voltaje, frecuencia y horas de uso<br /> •<strong> Mofle mejorado y reforzado</strong> – Garantiza menor ruido de trabajo. A su vez gracias al refuerzo provisto con materiales especiales, reduce la temperatura trasmitida al alternador en un 15%<br /> <strong>• Alarma de aceite –</strong> Cuenta con un sistema que apaga el motor si detecta que el nivel de aceite esta bajo.<br /> •<strong> Protección contra sobrecargas</strong> – Cuenta con un breaker principal y un breaker para la salida DC, encargados de proteger el alternador</p> <p><strong>Aplicaciones recomendadas</strong></p> <ul> <li>Manejo de Herramientas eléctricas</li> <li>Sistema de respaldo de energía en edificios, hogares, fincas</li> <li>Food trucks (puestos de comida callejeros)</li> <li>Construcción y carreteras</li> <li>Aplicaciones profesionales e industriales</li> <li>Eventos (conciertos, ferias, fiestas, competiciones deportivas, etc)</li> <li>Entre otros.</li> </ul> <p><strong>Especificaciones </strong></p> <ul> <li><strong>Potencia Máxima*</strong> 18800 VA (Gasolina) / 16920 VA (Gas Licuado de Propano)</li> <li><strong>Potencia Nominal</strong> 15630 VA (Gasolina) / 14070 VA (Gas Licuado de Propano)</li> <li><strong>Corriente Nominal Salida</strong> DC 8.3 A</li> <li><strong>Salidas USB</strong> No</li> <li><strong>Sistema de Encendido</strong> Por Pulsador Electrónico</li> <li><strong>Sistema de Ignición </strong>Transistorizado Magneto</li> <li><strong>Regulador de Voltaje</strong> AVR (Digital)</li> <li><strong>Capacidad Tanque de Gasolina</strong> 40 L (10.5 gal)</li> <li><strong>Autonomía Aproximada con Tanque Lleno</strong> 6 Horas (Al 100% de la Carga) (Gasolina)</li> <li><strong>Tiempo Máximo de Trabajo Continuo</strong> 8 Horas</li> <li><strong>Nivel de Ruido</strong> 74 dBA</li> </ul> <h2><a href=""https://equipmaster.com.co/plantas-electricas/consejos-que-debe-tener-en-cuenta-para-elegir-una-planta-electrica/"">Consejos que debe tener en cuenta para elegir una Planta Eléctrica</a></h2> <h2><a href=""https://equipmaster.com.co/plantas-electricas/antes-de-adquirir-una-planta-electrica-conozca-los-tipos-que-existen/"">Antes de Adquirir una Planta Eléctrica Conozca los Tipos que Existen</a></h2> <p><span style=""color: #ffffff;"">planta eléctrica Homecenter</span></p>",planta-electrica-463-gg190eg-3-ktc-master-18800watt-maximo-a-gasolina,"Venta Planta eléctrica 463-GG190EG-3 KTC MASTER 18,800watt máx. Generador para carga de baterías de drones t30 y t40 Potencia real máxima 15.000w. Envíos a nivel nacional.",11519000,11519000,MASTER,Energía,
463-GG150EG,"Planta eléctrica 463-GG150EG KTC MASTER 15,000watt máximo a gasolina","<h2>Generador eléctrico</h2> <ul> <li><strong>Tipo </strong>AC – Monofásico</li> <li><strong>Potencia Máxima</strong>* 15000 W (Gasolina )</li> <li><strong>Potencia Nominal</strong> 12500 W (Gasolina)</li> <li><strong>Voltaje Nominal</strong> <strong>Salida AC</strong> 115/230 V</li> <li><strong>Frecuencia Nominal</strong> 60 Hz</li> <li><strong>Factor de Potencia </strong>1.0</li> <li><strong>Voltaje Nominal Salida</strong> DC 12 V</li> <li><strong>Corriente Nominal Salida</strong> DC 8.3 A</li> <li><strong>Nivel de Ruido</strong> 74 dBA</li> <li><strong>Puerto ATS</strong> Si (en Panel)</li> <li><strong>Uno de los principales usos: </strong>Carga de baterías de drones t30 y t40 con una potencia real máxima 15.000w</li> </ul> <p><strong><a href=""https://youtube.com/shorts/A7DsFCGQM_E?feature=shared"">Ver video de la planta aquí </a></strong></p>","<p><em>Los productos originales pueden variar ligeramente respecto a las fotos, la información en esta ficha está sujeta a cambios sin previo aviso.</em></p> <h2>Planta eléctrica a gasolina</h2> <p><b>463-GG150EG KTC MASTER 15,000watt máximo /12,500watt nominal a gasolina Monofásica, arranque eléctrico (Especial para carga de batería de drones)</b></p> <p><strong>Uno de los principales usos de estas plantas es cuando son empleadas como generadores de carga para baterías de drones T30 y T40, con una potencia máxima real de 15.000W.</strong></p> <p>• <strong>Encendido Electrónico con Auto-choke</strong> - Simplemente con pulsar el botón de encendido, el generador arrancará automáticamente (el choke se accionará automáticamente si así se requiere para poder encender el motor).<br /> <strong>• AVR Digital</strong> - Mayor estabilidad de corriente, menor fluctuación de la frecuencia, arranque de motores eléctricos de mayor potencia.<br /> <strong>• Generador Gama Profesional</strong> - Mayor potencia y durabilidad en comparación a la mayoría de marcas del mercado.<br /> <strong>• Cuenta con puerto ATS</strong> - Permite la instalación de una transferencia (ATS) externa para automatizar el generador.<br /> <strong>• Cuenta con puerto para recargar su propia batería</strong> - Si la batería cuenta con poca carga o se descarga, basta simplemente con conectar desde el panel a una toma de corriente el adaptador que incluye el generador para recargarla.<br /> • TDH ≤ 5% - Potencia de Salida de alta calidad (bajo ruido eléctrico).<br /> • Cuenta con puertos USB - Gracias al bajo THD, cuenta con puertos USB para recargar equipos<br /> electrónicos.<br /> <strong>• Fácil de Transportar</strong> – Gracias a su diseño compacto y ligero, cuenta con ruedas y manija para mover el equipo.<br /> <strong>• Display Digital</strong> – Para monitorear con mayor precisión diversos parámetros del generador tales como, voltaje, frecuencia y horas de uso.<br /> <strong>• Mofle mejorado y reforzado</strong> – Garantiza menor ruido de trabajo. A su vez gracias al refuerzo provisto con materiales especiales, reduce la temperatura trasmitida al alternador en un 15%.<br /> <strong>• Alarma de aceite</strong> – Cuenta con un sistema que apaga el motor si detecta que el nivel de aceite esta bajo.<br /> <strong>• Protección contra sobrecargas</strong> – Cuenta con un breaker principal y un breaker para la salida DC, encargados de proteger el alternador.</p> <p><strong>Aplicaciones recomendadas:</strong><br /> Manejo de Herramientas eléctricas.<br /> • Sistema de respaldo de energía en edificios, hogares, fincas, etc.<br /> • Food trucks (puestos de comida callejeros).<br /> • Construcción y carreteras.<br /> • Aplicaciones profesionales e industriales.<br /> • Eventos (conciertos, ferias, fiestas, competiciones deportivas, etc).<br /> • Entre otros.</p> <ul> <li><strong>Autonomía Aproximada con Tanque Lleno</strong> 6 Horas (Al 100% de la Carga) (Gasolina)</li> <li><strong>Tiempo Máximo de Trabajo</strong> Continuo 8 Horas</li> <li><strong>Potencia Máxima*</strong> 23.0 Hp / 3600 rpm</li> <li><strong>Potencia Nominal</strong> 21.4 Hp</li> <li><strong>Cilindraje</strong> 713 cc</li> <li><strong>Velocidad Máxima</strong> 3600 rpm</li> <li><strong>Consumo Aproximado a Carga Nominal</strong> 1.85 gal/h</li> </ul> <p> </p> <h2><a href=""https://equipmaster.com.co/plantas-electricas/consejos-que-debe-tener-en-cuenta-para-elegir-una-planta-electrica/"">Consejos que debe tener en cuenta para elegir una Planta Eléctrica</a></h2> <h2><a href=""https://equipmaster.com.co/plantas-electricas/antes-de-adquirir-una-planta-electrica-conozca-los-tipos-que-existen/"">Antes de Adquirir una Planta Eléctrica Conozca los Tipos que Existen</a></h2> <p><span style=""color: #ffffff;"">planta eléctrica Homecenter</span></p>",planta-electrica-463-gg150eg-ktc-master-15000watt-maximo-a-gasolina,"Venta Planta eléctrica 463-GG150EG KTC MASTER 15,000watt máx. (Generador para carga de baterías de drones t30 y t40 Potencia real máxima 15.000w ). Envíos a nivel nacional.",11059000,11059000,MASTER,Energía,
CFG-120E,"Chipeadora FORTE CFG-120E diametro 4"" ,3 cuchillas ,Motor 15hp gasolina",<h2>Máquina trituradora</h2> <ul> <li><strong>Motor</strong> GM420</li> <li><strong>Potencia</strong> 15 HP A.E</li> <li><strong>Numero de cuchillas</strong> 2</li> <li><strong>Contra cuchilla</strong> 1</li> <li><b>Diámetro máx de picada</b> 120 mm</li> <li>Incluye tiro para arrastre</li> <li><strong>Dimensiones (L x An x Al):</strong>  92x 76 x 115</li> <li><strong>Peso:</strong> 295Kg</li> </ul>,"<p><em>Los productos originales pueden variar ligeramente respecto a las fotos, la información en esta ficha está sujeta a cambios sin previo aviso.</em></p> <h2><strong>Chipeadora </strong></h2> <p><b>FORTE CFG-120E diámetro 4"" , 3 cuchillas , Motor 15hp gasolina, 220kg arranque eléctrico</b></p> <p>( máquina trituradora que produce chips o astillas a partir del procesamiento de troncos de madera, ramas, restos de podas ) <strong>Incluye tiro para arrastre</strong></p> <h2><a href=""https://equipmaster.com.co/agro-y-jardin/3-razones-por-las-que-debes-adquirir-una-chipeadora/"">3 Razones por las que debes adquirir una Chipeadora</a></h2>",chipeadora-forte-cfg-120e-diametro-4-3-cuchillas-motor-15hp-gasolina,"Venta de Chipeadora FORTE CFG-120E diametro 4"" , 3 cuchillas , Motor 15hp gasolina, contamos con amplio catálogo. Asesoría especializada, Envíos a todo Colombia.",7069000,7069000,FORTE,Jardín y forestal,
CFG-120,"Chipeadora FORTE CFG-120 diametro 4"" ,3 cuchillas ,Motor 15hp gasolina",<h2>Máquina trituradora</h2> <ul> <li><strong>Potencia</strong> 15 HP</li> <li><strong>Numero de cuchillas</strong> 2</li> <li><strong>Contra cuchilla</strong> 1</li> <li><b>Diámetro máx de picada</b> 120 mm</li> <li>Incluye tiro para arrastre</li> <li><strong>Dimensiones (L x An x Al):</strong>  92x 76 x 115</li> <li><strong>Peso:</strong> 295Kg</li> </ul>,"<p><em>Los productos originales pueden variar ligeramente respecto a las fotos, la información en esta ficha está sujeta a cambios sin previo aviso.</em></p> <h2><strong>Chipeadora </strong></h2> <p><b>FORTE CFG-120 diámetro 4"" , 3 cuchillas , Motor 15hp gasolina, 220kg arranque manual</b></p> <p>( máquina trituradora que produce chips o astillas a partir del procesamiento de troncos de madera, ramas, restos de podas ) <strong>Incluye tiro para arrastre</strong></p> <h2><a href=""https://equipmaster.com.co/agro-y-jardin/3-razones-por-las-que-debes-adquirir-una-chipeadora/"">3 Razones por las que debes adquirir una Chipeadora</a></h2>",chipeadora-forte-cfg-120-diametro-4-3-cuchillas-motor-15hp-gasolina,"Venta de Chipeadora FORTE CFG-120 diametro 4"" , 3 cuchillas , Motor 15hp gasolina, contamos con amplio catálogo. Asesoría especializada, Envíos a todo Colombia.",6809000,6809000,FORTE,Jardín y forestal,
CFG-150,"Chipeadora FORTE CFG-150 diametro 4"" , 3 cuchillas , Motor 15hp gasolina","<h2>Chipeadoras con tiro para arrastre</h2> <ul> <li><strong><span style=""vertical-align: inherit;""><span style=""vertical-align: inherit;"">Motor</span></span></strong><span style=""vertical-align: inherit;""><span style=""vertical-align: inherit;""> GM420</span></span></li> <li><strong>Potencia</strong> 15 HP</li> <li><strong>Numero de cuchillas</strong> 2</li> <li><strong>Contra cuchilla</strong> 1</li> <li><b>Diámetro máx de picada</b> 120 mm</li> <li>Incluye tiro para arrastre</li> <li><strong>Dimensiones (L x An x Al):</strong>  92x 78 x 112</li> <li><strong>Peso:</strong> 275Kg</li> </ul>","<p><em>Los productos originales pueden variar ligeramente respecto a las fotos, la información en esta ficha está sujeta a cambios sin previo aviso.</em></p> <h2><strong><span style=""vertical-align: inherit;""><span style=""vertical-align: inherit;"">Chipeadora</span></span></strong></h2> <p><b>FORTE CFG-150 diámetro 4"" , 3 cuchillas , Motor 15hp gasolina, 275kg</b></p> <p>( máquina trituradora que produce chips o astillas a partir del procesamiento de troncos de madera, ramas, restos de podas ) <strong>Incluye tiro para arrastre</strong></p> <h2><a href=""https://equipmaster.com.co/agro-y-jardin/3-razones-por-las-que-debes-adquirir-una-chipeadora/"">3 Razones por las que debes adquirir una Chipeadora</a></h2>",chipeadora-cfg-150-diametro-4-3-cuchillas-motor-15hp-gasolina,"Venta de Chipeadora FORTE CFG-150 diametro 4"" , 3 cuchillas , Motor 15hp gasolina, contamos con amplio catálogo. Asesoría especializada, Envíos a todo Colombia.",7679000,7679000,FORTE,Jardín y forestal,
CFG100,"Chipeadora FORTE CFG-100 diametro 3"" ,3 cuchillas ,Motor 6,5hp gasolina",<h2>Máquina trituradora</h2> <ul> <li><strong>Motor</strong> GM200</li> <li><strong>Potencia</strong> 6.5 HP</li> <li><strong>Numero de cuchillas</strong> 2</li> <li><strong>Contra cuchilla</strong> 1</li> <li><b>Diámetro máx. de picada</b> 100 mm</li> <li><strong>Dimensiones (L x An x Al):</strong>  58x 77 x 88</li> <li><strong>Peso:</strong> 120Kg</li> </ul>,"<p><em>Los productos originales pueden variar ligeramente respecto a las fotos, la información en esta ficha está sujeta a cambios sin previo aviso.</em></p> <h2><strong>Chipeadora </strong></h2> <p><b>FORTE CFG-100 diámetro 3"" , 3 cuchillas , Motor 6,5hp gasolina, 120kg </b></p> <p>( máquina trituradora que produce chips o astillas a partir del procesamiento de troncos de madera, ramas, restos de podas )</p> <p> </p> <h2><a href=""https://equipmaster.com.co/agro-y-jardin/3-razones-por-las-que-debes-adquirir-una-chipeadora/"">3 Razones por las que debes adquirir una Chipeadora</a></h2>",chipeadora-forte-cfg-100-diametro-3-3-cuchillas-motor-65hp-gasolina,"Venta de Chipeadora FORTE CFG-100 diametro 3"" ,3 cuchillas,Motor 6,5hp gasolina, contamos con amplio catálogo. Asesoría especializada, Envíos a todo Colombia.",3559000,3559000,FORTE,Jardín y forestal,
TCR-4,"Chipeadora PENAGOS TCR-4 diametro de 4"" (10cm)","<h2><span data-sheets-value=""{""1"":2,""2"":""Chipeadora de madera""}"" data-sheets-userformat=""{""2"":14849,""3"":{""1"":0},""12"":0,""14"":{""1"":2,""2"":0},""15"":""Calibri"",""16"":11}"">Chipeadora de ramas</span></h2> <ul> <li><strong>Producción en desechos vegetales</strong>* 6 -a 8 metros cúbicos/hora</li> <li><strong>Revoluciones del rotor</strong> 2150 – 2200 RPM</li> <li><strong>Diámetro del rotor</strong> 16”</li> <li><strong>Número de martillos móviles</strong> 24</li> <li><strong>Cuchillas móviles</strong> 4</li> <li><strong>Contracuchillas</strong> 2</li> <li><strong>Diámetro del rotor</strong> 650 mm</li> <li><strong>Dimensión de boca de picado</strong> 133 x 210 mm</li> <li><strong>Tolva de leños</strong> 4” ó 10 cm</li> <li><strong>Longitud de leños Max</strong>. 110 cm.</li> </ul>","<p><em>Los productos originales pueden variar ligeramente respecto a las fotos, la información en esta ficha está sujeta a cambios sin previo aviso.</em></p> <h2><strong>Trituradora chipeadora </strong></h2> <p><strong>PENAGOS TCR-4 diámetro de 4"" (10cm) . 4 cuchillas y 2 contra cuchillas, Motor 13hp gasolina peso 280Kg incluye llantas de 16"" </strong></p> <p>Máquina trituradora que produce chips o astillas a partir del procesamiento de troncos de madera, ramas, restos de podas</p> <p>• Chipeadora ideal para reducir volumen a sus podas<br /> • Tritura troncos hasta de 10cm de madera verde.<br /> • Fácil de transportar e instalar en cualquier lugar.<br /> • Tráiler con enganche</p> <h2><a href=""https://equipmaster.com.co/agro-y-jardin/3-razones-por-las-que-debes-adquirir-una-chipeadora/"">3 Razones por las que debes adquirir una Chipeadora</a></h2> <p>https://www.youtube.com/watch?v=QZZFBtsSC8I</p>",chipeadora-penagos-tcr-4-diametro-de-4-10cm,"Venta de Chipeadora PENAGOS TCR-4 diámetro de 4"" (10cm) . 4 cuchillas y 2 contra cuchillas, contamos con amplio catálogo. Asesoría especializada, Envíos a todo Colombia.",19799000,19799000,PENAGOS,Jardín y forestal,
PR-6,Picador de residuos organicos PENAGOS PR-6 (con diferentes opciones de motor),"<h2><b><span data-sheets-value=""{""1"":2,""2"":""picador de pasto para ganado""}"" data-sheets-userformat=""{""2"":14849,""3"":{""1"":0},""12"":0,""14"":{""1"":2,""2"":0},""15"":""Calibri"",""16"":11}"">Picador de pasto para ganado</span></b></h2> <ul> <li><strong>Producción </strong>1<strong>.</strong>5 – 2 m3/h*</li> <li><strong>Número de cuchillas móviles </strong>2</li> <li><strong>Número de contracuchilla </strong>1</li> <li><strong>Revoluciones del rotor </strong>2200 – 2400</li> <li><strong>Polea del rotor </strong>6” x 28 cónica</li> <li><strong>Polea del motor eléctrico </strong>3600 RPM 4” x 28</li> <li><strong>Polea para motores a </strong>3600 RPM 4”x 28.</li> </ul>","<p><em>Los productos originales pueden variar ligeramente respecto a las fotos, la información en esta ficha está sujeta a cambios sin previo aviso.</em></p> <h2><strong>Triturador Picador </strong></h2> <p><b>PENAGOS PR-6 Diseñado para picado especialmente de desechos vegetales y blandos, podas de jardín, pica vástago y mano de banano, flores helechos.</b></p> <p>• Diseñado para picado especialmente de desechos vegetales blandos en plazas de mercado y/o Fincas<br /> • Ideal para picado de podas de jardín en conjuntos residenciales<br /> • Pica vástago y mano (boleja) de banano.<br /> • Pica flores, helechos, heliconias, platanillo y otras plantas ornamentales<br /> • Pica cacota de cacao fresca<br /> • Pica tallos blandos no secos y no fibrosos de hasta 1 ¼”.<br /> • Brinda la opción de picado de residuos de: zanahoria, papa, trozos de yuca otros tubérculos, frutas y demás materiales similares.<br /> • Opción de picado de gallinaza y pollinaza en bajas cantidades, para hacer complemento alimenticio.**</p> <p>https://www.youtube.com/watch?v=aol_QlVCh74</p>",picador-de-residuos-organicos-penagos-pr-6-con-diferentes-opciones-de-motor,Venta de Picador de residuos orgánicos PENAGOS PR-6 . Envíos a toda Colombia. Asesoría personal especializada. Somos EQUIPMASTER,2689000,,PENAGOS,Agro y ganadería,
PR-6SM,Picador de residuos organicos PENAGOS PR-6 Sin motor,"<h2 class=""product_title entry-title elementor-heading-title elementor-size-default""><strong><span data-sheets-value=""{""1"":2,""2"":""Picapasto""}"" data-sheets-userformat=""{""2"":513,""3"":{""1"":0},""12"":0}"">Picador de residuos </span></strong></h2> <ul> <li><strong>Producción </strong>1<strong>.</strong>5 – 2 m3/h*</li> <li><strong>Número de cuchillas móviles </strong>2</li> <li><b>Número de contra cuchilla </b>1</li> <li><strong>Revoluciones del rotor </strong>2200 – 2400</li> <li><strong>Polea del rotor </strong>6” x 28 cónica</li> <li><strong>Polea del motor eléctrico </strong>3600 RPM 4” x 28</li> <li><strong>Polea para motores a </strong>3600 RPM 4”x 28</li> </ul> <p><a href=""https://www.youtube.com/watch?v=8A-4sz127Vo""><strong>Ver video del picador de residuos aquí </strong></a></p>","<p><em>Los productos originales pueden variar ligeramente respecto a las fotos, la información en esta ficha está sujeta a cambios sin previo aviso.</em></p> <h2 class=""product_title entry-title elementor-heading-title elementor-size-default""><strong><span data-sheets-value=""{""1"":2,""2"":""Picapasto""}"" data-sheets-userformat=""{""2"":513,""3"":{""1"":0},""12"":0}"">Picador de residuos </span></strong>orgánico</h2> <p><b>PENAGOS PR-6 Diseñado para picado especialmente de desechos vegetales y blandos, podas de jardín, pica vástago y mano de banano, flores helechos.</b></p> <p>• Diseñado para picado especialmente de desechos vegetales blandos en plazas de mercado y/o Fincas<br /> • Ideal para picado de podas de jardín en conjuntos residenciales<br /> • Pica vástago y mano (bolea) de banano.<br /> • Pica flores, helechos, heliconias, platanillo y otras plantas ornamentales<br /> • Pica cacota de cacao fresca<br /> • Pica tallos blandos no secos y no fibrosos de hasta 1 ¼”.<br /> • Brinda la opción de picado de residuos de: zanahoria, papa, trozos de yuca otros tubérculos, frutas y demás materiales similares.<br /> • Opción de picado de gallinaza y pollinaza en bajas cantidades, para hacer complemento alimenticio.**</p> <h2><a href=""https://equipmaster.com.co/agro-y-jardin/cuales-son-los-equipos-agricolas-y-cual-es-su-uso/"">¿Cuáles son los equipos agrícolas y cuál es su uso?</a></h2> <p>https://www.youtube.com/watch?v=aol_QlVCh74</p>",picador-de-residuos-organicos-penagos-pr-6-sin-motor,Venta de Picador de residuos orgánicos PENAGOS PR-6 . Envíos a toda Colombia. Asesoría personal especializada. Somos EQUIPMASTER,2689000,2689000,PENAGOS,Agro y ganadería,
JTRC-50LF,"Triturador de cocos TRAPP JTRC-50LF motor a gasolina 6,5hp a 3600rpm","<h2><span data-sheets-value=""{""1"":2,""2"":""triturador forrajero""}"" data-sheets-userformat=""{""2"":14337,""3"":{""1"":0,""3"":1},""14"":{""1"":2,""2"":0},""15"":""Calibri"",""16"":11}"">Trituradores de coco</span></h2> <ul> <li>Para usos en jardinería y decoración</li> <li><strong>Usuarios:</strong> Viveristas, paisajistas, productores de coco</li> <li><strong>Atributos: </strong>   Portátil</li> <li><strong> Producción:</strong> 800 a 1.000 cocos/hora</li> </ul>","<p><em>Los productos originales pueden variar ligeramente respecto a las fotos, la información en esta ficha está sujeta a cambios sin previo aviso.</em></p> <h2><strong><span data-sheets-value=""{""1"":2,""2"":""Molino triturador Forrajero""}"" data-sheets-userformat=""{""2"":14337,""3"":{""1"":0,""3"":1},""14"":{""1"":2,""2"":0},""15"":""Calibri"",""16"":11}"">Triturador de cocos</span></strong></h2> <p><b>TRAPP JTRC-50LF motor a gasolina 6,5hp a 3600rpm Producción de 1 Tonelada /hora</b></p> <ul> <li><strong>Aplicaciones:</strong> Triturado de cocos.</li> <li>Para acelerar la descomposición en la elaboración de abono.</li> <li>Para usos en jardinería y decoración.</li> </ul> <p><strong>Usuarios:</strong> Viveristas, paisajistas, productores de coco.<br /> <strong>Atributos:</strong> Portátil<br /> 4 cuchillas,<br /> <strong>Producción:</strong> 800 a 1.000 cocos/hora</p> <p>https://www.youtube.com/watch?v=LIe5kNKibNs</p>",triturador-de-cocos-trapp-jtrc-50lf-motor-a-gasolina-65hp-a-3600rpm,"Venta de Triturador de cocos TRAPP JTRC-50LF motor a gasolina 6,5hp a 3600rpm. Envíos a toda Colombia. Asesoría personal especializada. Somos EQUIPMASTER",6989000,6989000,TRAPP,Motores,
JTRC-40,Triturador de cocos TRAPP JTRC-40 motor eléctrico de 5hp a 3600rpm 110/220v,"<h2><span data-sheets-value=""{""1"":2,""2"":""triturador forrajero""}"" data-sheets-userformat=""{""2"":14337,""3"":{""1"":0,""3"":1},""14"":{""1"":2,""2"":0},""15"":""Calibri"",""16"":11}"">Trituradores de coco</span></h2> <ul> <li><strong>Atributos</strong> Portátil</li> <li><strong>Producción</strong> 1 Ton./hora</li> <li><strong>RPM</strong> 3600</li> <li><strong>Usuarios: </strong>Viveristas, paisajistas, productores de coco.</li> </ul>","<p><em>Los productos originales pueden variar ligeramente respecto a las fotos, la información en esta ficha está sujeta a cambios sin previo aviso.</em></p> <h2><strong><span data-sheets-value=""{""1"":2,""2"":""Molino triturador Forrajero""}"" data-sheets-userformat=""{""2"":14337,""3"":{""1"":0,""3"":1},""14"":{""1"":2,""2"":0},""15"":""Calibri"",""16"":11}"">Triturador de coco</span></strong></h2> <p><strong>TRAPP JTRC-40 motor eléctrico de 5hp 110/220v a 3600rpm Producción de 1 Tonelada/hora</strong></p> <ul> <li>Sistema de trituración exclusivo con 3 cuchillas</li> <li>Equipado con ruedas que facilitan su transporte</li> <li>Cuando la tolva es abierta, las láminas automáticamente son bloqueadas, mediante un sistema de trabado de seguridad</li> <li>Sistema de bisagras, facilidad para su limpieza y mantenimiento</li> <li>Para acelerar la descomposición en la elaboración de abono.</li> <li>Para usos en jardinería y decoración.</li> <li><strong>Usuarios: </strong>Viveristas, paisajistas, productores de coco</li> <li>3 cuchillas</li> <li><strong>Producción</strong>: 800 a 1.000 cocos/hora</li> </ul> <p>https://www.youtube.com/watch?v=LIe5kNKibNs</p>",triturador-de-cocos-trapp-jtrc-40-motor-electrico-de-5hp-a-3600rpm-110-220v,Venta de Triturador de cocos TRAPP JTRC-40 motor electrico de 5hp 110/220v. Envíos a toda Colombia. Asesoría personal especializada. Somos EQUIPMASTER,5419000,5419000,TRAPP,Motores,
BD 50/50,Fregadora -Aspiradora a Bateria KARCHER BD 50/50,"<h2><strong>Fregadora aspiradora</strong></h2> <p>•<strong> Tipo de accionamiento</strong> Batería<br /> <strong>• Tracción</strong> Avance mediante rotación de los cepillos<br /> •<strong> Ancho útil de los cepillos (mm)</strong> 510<br /> <strong>• Ancho útil al aspirar. (mm)</strong> 900<br /> <strong>• Depósito de agua limpia/sucia (l)</strong> 50 / 50<br /> <strong>• Batería (V)</strong> 24<br /> <strong>• Capacidad de las baterías (h)</strong> máx. 3<br /> <strong>• Velocidad de rotación de cepillos. (r.p.m.)</strong> 180<br /> <strong>• Presión de apriete de cepillos. (g/cm²/kg)</strong> 27,3 – 28,5 / 20 – 23<br /> <strong>• Consumo de agua (l/min)</strong> 2,3<br /> <strong>• Nivel de presión acústica (dB/A)</strong> 66<br /> <strong>• Peso sin accesorios (kg)</strong> 52</p>","<p><em>Los productos originales pueden variar ligeramente respecto a las fotos, la información en esta ficha está sujeta a cambios sin previo aviso</em></p> <h2><strong>Fregadora -Aspiradora a </strong>Batería</h2> <p><b>KARCHER BD 50/50, Fregadora -Aspiradora a Batería Ancho de trabajo de 51Cm, 24Voltios, aplicaciones en pulido, fregado y pelado de superficies, y aspiración rendimiento de hasta 2000M2/h diseñado con un manejo extremadamente sencillo y reducción de funciones.</b></p> <p>La FREGADORA BD 50/50 es uno de nuestros equipos más versátiles en el campo profesional. Es un equipo compacto que ayudará en la limpieza de casi cualquier industria. En los próximos meses estaremos compartiendo en nuestras redes videos de demostración, imágenes y todo lo relacionado con este equipo.</p> <p>Tiene la mejor visión de la superficie que debe limpiar en todo momento gracias a las reducidas dimensiones de esta fregadora-aspiradora compacta y accionada por batería con tecnología de cepillos circulares de esponja perfeccionada. Además, las opciones de ajuste y las funciones del equipo se han reducido a lo más importante, de modo que se prescinde de largas fases de aprendizaje.</p> <p> </p> <h2 class=""wd-entities-title title post-title""><strong><a href=""https://equipmaster.com.co/aseo-y-limpieza/barredoras-y-fregadoras-karcher-son-una-rapida-solucion-de-limpieza/"">Barredoras y Fregadoras: ofrecen una solución de limpieza para cualquier aplicación</a></strong></h2>",fregadora-aspiradora-a-bateria-karcher-bd-50-50,"Venta de Fregadora -Aspiradora a Bateria KARCHER BD 50/50 , contamos con amplio catálogo. Asesoría especializada, Envíos a todo Colombia.",18109000,18109000,KARCHER,Lavado y limpieza,
VCL 3,"Aspiradora Inalámbrica KARCHER VCL3 capacidad 500ml potencia de 1,000w","<h2><strong>Aspiradora Karcher </strong></h2> <ul> <li><strong>Tiempo batería</strong> 15 min</li> <li><strong>Contenedor de suciedad</strong> 500 m</li> <li><strong>Flujo de aire</strong> 10 L/S</li> <li><strong>Peso</strong> 1,3 kg</li> </ul>","<p><em>Los productos originales pueden variar ligeramente respecto a las fotos, la información en esta ficha está sujeta a cambios sin previo aviso.</em></p> <h2><strong>Aspiradora </strong></h2> <p><strong>KARCHER  Inalámbrica VCL3 capacidad 500ml elimina el 99,99% de los ácaros potencia de 1,000w (tubo de extensión para lugares de difícil acceso)</strong></p> <p>El Aspirador Vertical VCL 3 garantiza una limpieza rápida y sin esfuerzo, ideal para la limpieza del día a día, práctico y fácil de manejar, con un montaje rápido e intuitivo, aportando practicidad y modernidad en la rutina de limpieza.</p> <ul> <li>Sistema de limpieza con filtro Hepa</li> <li>Tubo de extensión para limpieza en lugares de poco acceso</li> <li>Función 2 en 1, vertical y manual</li> <li>Batería Litio</li> </ul> <p><strong>PRÁCTICA Y FÁCIL DE USAR</strong></p> <p>Tiene un montaje rápido e intuitivo, además de ser ligero y ergonómico con un mango largo Cable eléctrico de 5 metros, proporcionando practicidad en la rutina de limpieza.</p> <p><strong>VERSATILIDAD EN LIMPIEZA INTENSIVA</strong></p> <p>Turbina situada en la parte superior del aspirador, que facilita la limpieza de lugares de difícil acceso, como debajo muebles, cama y lugares altos como techo y armarios.</p> <p><strong>CARACTERÍSTICAS</strong></p> <ul> <li><strong>2 en 1:</strong> Se puede utilizar como aspirador vertical y de mano.</li> <li><strong>Filtro Hepa:</strong> Retiene ácaros y bacterias</li> <li><strong>Con boquillas:</strong> Permite versatilidad en la limpieza.</li> <li><strong>Ligero y compacto:</strong> fácil de manejar y almacenar, ocupando poco espacio</li> <li>Eficiencia, ahorro de tiempo y esfuerzo, creando más practicidad para el día a día</li> <li>Sin contacto con la suciedad, elimina la suciedad directamente al depósito de suciedad</li> <li>Tiene un tubo de extensión, lo que facilita la limpieza de lugares de difícil acceso</li> </ul> <h2><strong><a href=""https://equipmaster.com.co/aseo-y-limpieza/aspiradoras-karcher-ideales-para-suciedad-seca-o-humeda/"">Aspiradoras Karcher: ideales para suciedad seca o húmeda</a></strong></h2>",aspiradora-inalambrica-karcher-vcl3-capacidad-500ml,"Venta de Aspiradora Karcher Aspiradora KARCHER VCL2 capacidad 500ml , contamos con amplio catálogo . Asesoría especializada, Envíos a todo Colombia.",549000,549000,KARCHER,Lavado y limpieza,
VCL 2,"Aspiradora KARCHER VCL2 capacidad 500ml potencia de 1,000w","<h2><strong>Aspiradora Karcher </strong></h2> <ul> <li><strong>Potencia</strong> 1,000 W</li> <li><strong>Contenedor de suciedad</strong> 500 ml</li> <li><strong>Flujo de aire</strong> 20 L/S</li> <li><strong>Peso</strong> 1,7 kg</li> </ul>","<p><em>Los productos originales pueden variar ligeramente respecto a las fotos, la información en esta ficha está sujeta a cambios sin previo aviso.</em></p> <h2><strong>Aspiradora </strong></h2> <p><b>KARCHER VCL2 capacidad 500ml elimina el 99,99% de los ácaros potencia de 1,000w (tubo de extensión para lugares de difícil  acceso)</b></p> <p>El Aspirador Vertical VCL 2 garantiza una limpieza rápida y sin esfuerzo, ideal para la limpieza del día a día, práctico y fácil de manejar, con un montaje rápido e intuitivo, aportando practicidad y modernidad en la rutina de limpieza.</p> <p>• Sistema de limpieza con filtro Hepa<br /> • Tubo de extensión para limpieza en lugares de poco acceso<br /> • Función 2 en 1, vertical y manual</p> <p><strong>PRÁCTICA Y FÁCIL DE USAR</strong><br /> Tiene un montaje rápido e intuitivo, además de ser ligero y ergonómico con un mango largo Cable eléctrico de 5 metros, proporcionando practicidad en la rutina de limpieza.</p> <p><strong>VERSATILIDAD EN LIMPIEZA INTENSIVA</strong><br /> Turbina situada en la parte superior del aspirador, que facilita la limpieza de lugares de difícil acceso, como debajo muebles, cama y lugares altos como techo y armarios.</p> <p><strong>CARACTERÍSTICAS</strong><br /> • <strong>2 en 1:</strong> Se puede utilizar como aspirador vertical y de mano.<br /> <strong>• Filtro Hepa:</strong> Retiene ácaros y bacterias<br /> <strong>• Con boquillas:</strong> Permite versatilidad en la limpieza.<br /> <strong>• Ligero y compacto:</strong> fácil de manejar y almacenar, ocupando poco espacio<br /> • Eficiencia, ahorro de tiempo y esfuerzo, creando más practicidad para el día a día<br /> • Sin contacto con la suciedad, elimina la suciedad directamente al depósito de suciedad<br /> • Tiene un tubo de extensión, lo que facilita la limpieza de lugares de difícil acceso.</p> <h2><strong><a href=""https://equipmaster.com.co/aseo-y-limpieza/aspiradoras-karcher-ideales-para-suciedad-seca-o-humeda/"">Aspiradoras Karcher: ideales para suciedad seca o húmeda</a></strong></h2>",aspiradora-karcher-vcl2-capacidad-500ml,"Venta de Aspiradora Karcher Aspiradora KARCHER VCL2 capacidad 500ml , contamos con amplio catálogo . Asesoría especializada, Envíos a todo Colombia.",349000,349000,KARCHER,Lavado y limpieza,
DML814,Torre de iluminacion a Bateria MAKITA 3 Cabezales LED de (Ecualizable),"<h2>Torre de iluminación a batería</h2> <ul> <li><strong>Tensión de la batería</strong> 14,4V – 18V</li> <li><strong>Tipo de </strong><b>Batería</b> LXT</li> <li><strong>Luminiscencia</strong> 3.000 lm</li> <li><strong>Nivel de iluminación</strong> 1.250/750 Lx</li> <li>Lámpara LED</li> <li><strong>Peso según EPTA</strong> 8,1 Kg</li> <li><strong>Tiempo de trabajo continuo (alta)</strong> 3 (BL1830Bx1) hrs</li> <li><strong>Tiempo de trabajo continuo (baja)</strong> 10 (BL1830x1) hrs</li> <li><strong>Tiempo de trabajo continuo (medio)</strong> 5,5 (BL1830x1) hrs</li> <li><strong>Dimensiones (L x An x Al):</strong>  27 x 22 x 22.4</li> <li><strong>Peso: </strong>8.1 kg</li> </ul> <p><a href=""https://www.instagram.com/reel/CuURw48AtsH/?igshid=MzRlODBiNWFlZA%3D%3D""><strong>Ver video de la torre de iluminación aquí </strong></a></p>","<p><em>Los productos originales pueden variar ligeramente respecto a las fotos, la información en esta ficha está sujeta a cambios sin previo aviso.</em></p> <h2><b>Torre de iluminación </b></h2> <p><b>DML814  MAKITA 3 Cabezales LED de (Ecualizable) Resistente contra polvo y agua altura máx. de 2,2Mts incluye 2 Baterías y un Cargador</b></p> <p><strong>BENEFICIOS DEL USUARIO</strong></p> <p>3 ajustes de brillo: 3.000 lúmenes en modo alto, 1.700 lúmenes en modo medio o 900 lúmenes en modo bajo<br /> • Proporciona aproximadamente entre 3y 10 horas de iluminación continua con batería BL1850B con una iluminación constante en modo alto/bajo (3000/900 lm)<br /> • Control con función de memoria, que recuerda el últime ajuste de brillo.<br /> • La zona de iluminación se puede ajustar girando las lámparas individuales.<br /> • Luz LED blanca, ideal para espacios de trabajo.<br /> • Base de trípode altamente estable, que es expandible y plegable, simplemente deslizando el mango de transporte.<br /> • La altura de la luz es ajustable desde 125-224 cm.<br /> • El cabezal de luz consta de 3 pequeños cabezales, y cada uno de ellos puede girarse independientemente para la iluminación de área amplia.</p> <ul> <li><strong>Tensión de la batería 14,4V - 18V</strong></li> <li><strong>Tipo de Batería</strong> LXT</li> <li><strong>Baterías</strong> BL1415 - BL1415N</li> <li>BL1430 - BL1440</li> <li>BL1815 -</li> <li>BL1815N -</li> <li>BL1830B -</li> <li>BL1840B -</li> <li>BL1850B</li> </ul> <h2 class=""wd-entities-title title post-title""><strong><a href=""https://equipmaster.com.co/plantas-electricas/por-que-usar-torres-de-iluminacion/"">¿Por qué usar torres de iluminación?</a></strong></h2> <p>https://www.youtube.com/watch?v=72zOkWtUJCw</p>",torre-de-iluminacion-a-bateria-makita-3-cabezales-led-de-ecualizable,"Venta de Torre de iluminacion a Bateria MAKITA DML814, Variedad del catálogo en torres de iluminación. Envíos a todo Colombia. Asesoría especializada.",3429000,3429000,MAKITA,Construcción,
EM-M1/2B-LTM,"Mezcladora MASTER 1/2 bulto (110litros/3,9ft³) MASTER LITE (con diferentes opciones de motor)","<h2><strong>Trompo Mezclador</strong></h2> <ul> <li><strong>Capacidad máx</strong> 180lts</li> <li><strong>Capacidad de mezclado</strong> 120lts</li> <li><strong>Giro tambor</strong> 360°</li> <li><strong>Vueltas por minuto</strong> 28-34</li> <li><strong>Polea motor</strong> 2 1/2”</li> <li><strong>Llantas</strong> Maciza de caucho de 8”</li> <li><strong>Dimensiones (L x An x Al): </strong>1.45 x 75 x 1.37</li> <li><strong>Peso seco</strong> 97Kg</li> </ul> <p><strong>Incluye llanta Remanufacturada</strong></p> <p>Por recomendacion del fabricante este equipo no se debe transportar por medio de arrastre con tiro de vehículos, las llantas no cumplen la función de largos traslado, se utilizan para facilitar la maniobra y movimiento de la mezcladora</p>","<p>Los productos originales pueden variar ligeramente respecto a las fotos, la información en esta ficha está sujeta a cambios sin previo aviso.</p> <h2><strong>Mezcladora de Cemento</strong></h2> <p><strong>EM-M1/2B-LTM  Mezcladora MASTER 1/2 bulto (cemento , trompo, concretadora)</strong></p> <ul> <li><strong>Seguridad: Picaporte tipo pedal</strong></li> <li><strong>Accesorios:</strong> Tubo de arrastre escualizable, tapa cabila removible, base de motor, protector de corona (No incluye)</li> <li><strong>Motor:</strong> Eléctrico y gasolina</li> </ul> <p><strong>• Plato de volteo </strong><br /> Equipada con posiciones especificas diseñadas para optimizar el proceso de mezclado</p> <p><strong>• Tubo de tiro</strong><br /> Escualizable, con manillar protector y seguro tipo pasador de cadena</p> <p><strong>• Picaporte</strong><br /> Tipo pedal</p> <p><strong>• Soporte de motor</strong><br /> Bandeja graduable con correderas para su uso con motor eléctrico y gasolina</p> <p><strong>• Cabina</strong><br /> Fabricada con sistema de ventilación que garantiza una óptima disipación del calor generado por el motor durante su funcionamiento</p> <p><strong>• Piñonería</strong><br /> Fabricada en hierro colado para mayor resistencia y durabilidad</p> <h2><strong style=""color: #1b1919;""><a href=""https://equipmaster.com.co/construccion/tipos-de-mezcladoras-de-concreto-segun-su-uso-siga-estos-consejos-para-una-compra-exitosa/"">Tipos de Trompo mezclador según su Uso. Siga estos Consejos para una Compra Exitosa.</a></strong></h2>",mezcladora-master-1-2-bulto-110litros-39ft%c2%b3-master-lite-con-diferentes-opciones-de-motor,"Venta de Mezcladora de Concreto Mezcladora MASTER 1/2 bulto (110litros/3,9ft³) Sin motor MASTER LITE. Asesoría especializada. Envíos a todo Colombia.",2899000,,MASTER,Construcción,
EM-M1/2B-LTMSM,"Mezcladora MASTER 1/2 bulto (110litros/3,9ft³) MASTER LITE Sin motor","<h2>Trompo Mezclador</h2> <ul> <li><strong>Capacidad máx</strong> 180lts</li> <li><strong>Capacidad de mezclado</strong> 120lts</li> <li><strong>Giro tambor</strong> 360°</li> <li><strong>Vueltas por minuto</strong> 28-34</li> <li><strong>Polea motor</strong> 2 1/2”</li> <li><strong>Llantas</strong> Maciza de caucho de 8”</li> <li><strong>Dimensiones (L x An x Al): </strong>1.45 x 75 x 1.37</li> <li><strong>Peso seco</strong> 97Kg</li> </ul> <p><strong>Incluye llanta Remanufacturada</strong></p> <p>Por recomendacion del fabricante este equipo no se debe transportar por medio de arrastre con tiro de vehículos, las llantas no cumplen la función de largos traslado, se utilizan para facilitar la maniobra y movimiento de la mezcladora</p>","<p><em>Los productos originales pueden variar ligeramente respecto a las fotos, la información en esta ficha está sujeta a cambios sin previo aviso.</em></p> <h2><strong>Mezcladora de Cemento</strong></h2> <p><strong>EM-M1/2B-LTM MASTER 1/2 bulto (110litros/3,9ft³) Sin motor MASTER LITE</strong></p> <ul> <li><strong>Seguridad: Picaporte tipo pedal</strong></li> <li><strong>Accesorios:</strong> Tubo de arrastre escualizable, tapa cabila removible, base de motor, protector de corona (No incluye)</li> <li><strong>Motor:</strong> Eléctrico y gasolina</li> </ul> <p><strong>• Plato de volteo </strong><br /> Equipada con posiciones especificas diseñadas para optimizar el proceso de mezclado</p> <p><strong>• Tubo de tiro</strong><br /> Escualizable, con manillar protector y seguro tipo pasador de cadena</p> <p><strong>• Picaporte</strong><br /> Tipo pedal</p> <p><strong>• Soporte de motor</strong><br /> Bandeja graduable con correderas para su uso con motor eléctrico y gasolina</p> <p><strong>• Cabina</strong><br /> Fabricada con sistema de ventilación que garantiza una óptima disipación del calor generado por el motor durante su funcionamiento</p> <p><strong>• Piñonería</strong><br /> Fabricada en hierro colado para mayor resistencia y durabilidad</p> <h2><strong style=""color: #1b1919;""><a href=""https://equipmaster.com.co/tipos-de-mezcladoras-de-concreto-segun-su-uso-siga-estos-consejos-para-una-compra-exitosa/"">Tipos de Trompo mezclador según su Uso. Siga estos Consejos para una Compra Exitosa.</a></strong></h2>",mezcladora-master-1-2-bulto-110litros-39ft%c2%b3-master-lite-sin-motor,"Venta de Mezcladora de Concreto Mezcladora MASTER 1/2 bulto (110litros/3,9ft³) Sin motor MASTER LITE. Asesoria especializada. Envios a todo Colombia.",2899000,2899000,MASTER,Construcción,
BT 131-200,"Ahoyadora STIHL BT 131-200 (barreno ) 20cmx100cm 1,8hp, 10Kg motor 4-MIX","<h2><strong>Ahoyadora STIHL</strong></h2> <ul> <li><strong>Potencia kW</strong> 1,4</li> <li><strong>Potencia_ CV</strong> 1,9</li> <li><strong>Cilindrada cm³</strong> 36,3</li> <li><strong>Barreno </strong> 20cmx100cm</li> <li><strong>Peso kg</strong> 10</li> </ul>","<p><em>Los productos originales pueden variar ligeramente respecto a las fotos, la información en esta ficha está sujeta a cambios sin previo aviso</em></p> <h2><strong>Ahoyadora STIHL</strong></h2> <p><strong>Stihl  BT 131-200 1,8hp, 36,3cm³, 10Kg motor 4-MIX , v equipada de serie con freno de barrena QuickStop con broca (barreno ) 20cmx100cm</strong></p> <p>Ahoyadora con gran capacidad de arrastre para un solo operario, motor 4-MIX®, con bajo consumo de combustible, valores limitados de vibración y ruido, equipada de serie con freno de barrena Quickstop, sistema de filtro de aire de larga duración, apoyo acolchado.</p> <p>Hasta un 30% más en tiempo de trabajo.</p> <h5>4-MIX-Motor</h5> <ul> <li>El motor 4 - MIX de 1,4 kW combina las ventajas de un motor de dos tiempos y cuatro tiempos- que es a la vez eficiente, suave y con mayor torque y potencia.</li> <li>Se produce menos emisiones y no necesita servicio de aceite.</li> </ul> <h5>Freno de barrena automático QuickStop</h5> <ul> <li>El exclusivo freno QuickStop es decisivo para la seguridad en el trabajo.</li> <li>Al atascarse la herramienta de perforación en el suelo durante el trabajo se detiene inmediatamente la broca y contacta la palanca con el muslo del operario.</li> <li>Una vez detenida la máquina, para desenroscar la barrena atascada sólo hay que girarla en sentido contrario a las agujas del reloj.</li> </ul> <h5>Apoyo acolchado</h5> <p>El gran apoyo acolchado permite un manejo más cómodo de la máquina, ya que el usuario apoya la pierna o el cuerpo durante el trabajo. Así se maneja la ahoyadora de forma exacta.</p> <h5>Manillar de vibraciones reducidas</h5> <ul> <li>El manillar de vibraciones reducidas permite un trabajo más cómodo y con menos esfuerzo.</li> <li>Además, el motor se encuentra separado de la empuñadura.</li> <li>Facilita el trabajo el periodos más largos.</li> </ul> <h5>Filtro de aire larga duración</h5> <p>Filtro de aire larga duración, que conjuntamente con el compensador integrado en el carburador garantiza un largo intervalo de mantenimiento</p> <ul> <li><strong>Longitud con bastidor de porte:</strong> 400 mm</li> <li><strong>Ancho con bastidor de porte:</strong> 530 mm</li> <li><strong>Alto sin herramienta de perforar:</strong> 365 mm</li> <li><strong>Sin combustible ni herramienta de perforar:</strong> 10 kg</li> </ul> <h2><a href=""https://equipmaster.com.co/agro-y-jardin/productos-stihl-colombia-calidad-e-inversion-segura/"">Productos Stihl Colombia, Calidad e Inversión Segura</a></h2> <p>https://youtu.be/y0Is-sk4jQg</p>",ahoyadora-stihl-bt-131-200-barreno-20cmx100cm,"Venta de Ahoyadora STIHL BT 131-200, 36,3cm³, 10Kg motor 4-MIX , contamos con amplio catálogo. Asesoría especializada, Envíos a todo Colombia.",5549000,5549000,STIHL,Motores,
BT 131-150,"Ahoyadora STIHL BT 131-150 (barreno ) 15cmx100cm 1,8hp, 10Kg motor 4-MIX","<h2><strong>Ahoyadora STIHL</strong></h2> <ul> <li><strong>Potencia kW</strong> 1,4</li> <li><strong>Potencia_ CV</strong> 1,9</li> <li><strong>Cilindrada cm³</strong> 36,3</li> <li><strong>Barreno </strong> 15cmx100cm</li> <li><strong>Peso kg</strong> 10</li> </ul> <p><strong><a href=""https://youtu.be/y0Is-sk4jQg"">Ver video de la Ahoyadora Aquí</a></strong></p>","<p><em>Los productos originales pueden variar ligeramente respecto a las fotos, la información en esta ficha está sujeta a cambios sin previo aviso</em></p> <h2><strong>Ahoyadora STIHL</strong></h2> <p><strong>Stihl  BT 131-150 1,8hp, 36,3cm³, 10Kg motor 4-MIX , v equipada de serie con freno de barrena QuickStop con broca (barreno ) 15cmx100cm</strong></p> <p>Ahoyadora con gran capacidad de arrastre para un solo operario, motor 4-MIX®, con bajo consumo de combustible, valores limitados de vibración y ruido, equipada de serie con freno de barrena Quickstop, sistema de filtro de aire de larga duración, apoyo acolchado.</p> <p>Hasta un 30% más en tiempo de trabajo.</p> <h5>4-MIX-Motor</h5> <ul> <li>El motor 4 - MIX de 1,4 kW combina las ventajas de un motor de dos tiempos y cuatro tiempos- que es a la vez eficiente, suave y con mayor torque y potencia.</li> <li>Se produce menos emisiones y no necesita servicio de aceite.</li> </ul> <h5>Freno de barrena automático QuickStop</h5> <ul> <li>El exclusivo freno QuickStop es decisivo para la seguridad en el trabajo.</li> <li>Al atascarse la herramienta de perforación en el suelo durante el trabajo se detiene inmediatamente la broca y contacta la palanca con el muslo del operario.</li> <li>Una vez detenida la máquina, para desenroscar la barrena atascada sólo hay que girarla en sentido contrario a las agujas del reloj.</li> </ul> <h5>Apoyo acolchado</h5> <p>El gran apoyo acolchado permite un manejo más cómodo de la máquina, ya que el usuario apoya la pierna o el cuerpo durante el trabajo. Así se maneja la ahoyadora de forma exacta.</p> <h5>Manillar de vibraciones reducidas</h5> <ul> <li>El manillar de vibraciones reducidas permite un trabajo más cómodo y con menos esfuerzo.</li> <li>Además, el motor se encuentra separado de la empuñadura.</li> <li>Facilita el trabajo de los periodos más largos.</li> </ul> <h5>Filtro de aire larga duración</h5> <p>Filtro de aire larga duración, que conjuntamente con el compensador integrado en el carburador garantiza un largo intervalo de mantenimiento</p> <ul> <li><strong>Longitud con bastidor de porte:</strong> 400 mm</li> <li><strong>Ancho con bastidor de porte:</strong> 530 mm</li> <li><strong>Alto sin herramienta de perforar:</strong> 365 mm</li> <li><strong>Sin combustible ni herramienta de perforar:</strong> 10 kg</li> </ul> <h2><a href=""https://equipmaster.com.co/agro-y-jardin/productos-stihl-colombia-calidad-e-inversion-segura/"">Productos Stihl Colombia, Calidad e Inversión Segura</a></h2> <p>https://youtu.be/y0Is-sk4jQg</p>",ahoyadora-stihl-bt-131-150-barreno-15cmx100cm,"Venta de Ahoyadora STIHL BT 131-150, 36,3cm³, 10Kg motor 4-MIX , contamos con amplio catálogo. Asesoría especializada, Envíos a todo Colombia.",5469000,5469000,STIHL,Motores,
BT 131-120,"Ahoyadora STIHL BT 131-120 (barreno ) 12cmx100cm 1,8hp, 10Kg motor 4-MIX","<h2><strong>Ahoyadora STIHL</strong></h2> <ul> <li><strong>Potencia kW</strong> 1,4</li> <li><strong>Potencia_ CV</strong> 1,9</li> <li><strong>Cilindrada cm³</strong> 36,3</li> <li><strong>Barreno </strong> 12cmx100cm</li> <li><strong>Peso kg</strong> 10</li> </ul> <p> </p>","<p><em>Los productos originales pueden variar ligeramente respecto a las fotos, la información en esta ficha está sujeta a cambios sin previo aviso</em></p> <h2><strong>Ahoyadora STIHL</strong></h2> <p><strong>Stihl  BT 131-120 1,8hp, 36,3cm³, 10Kg motor 4-MIX , v equipada de serie con freno de barrena QuickStop con broca (barreno ) 12cmx100cm</strong></p> <p>Ahoyadora con gran capacidad de arrastre para un solo operario, motor 4-MIX®, con bajo consumo de combustible, valores limitados de vibración y ruido, equipada de serie con freno de barrena Quickstop, sistema de filtro de aire de larga duración, apoyo acolchado.</p> <p>Hasta un 30% más en tiempo de trabajo.</p> <h5>4-MIX-Motor</h5> <ul> <li>El motor 4 - MIX de 1,4 kW combina las ventajas de un motor de dos tiempos y cuatro tiempos- que es a la vez eficiente, suave y con mayor torque y potencia.</li> <li>Se produce menos emisiones y no necesita servicio de aceite.</li> </ul> <h5>Freno de barrena automático QuickStop</h5> <ul> <li>El exclusivo freno QuickStop es decisivo para la seguridad en el trabajo.</li> <li>Al atascarse la herramienta de perforación en el suelo durante el trabajo se detiene inmediatamente la broca y contacta la palanca con el muslo del operario.</li> <li>Una vez detenida la máquina, para desenroscar la barrena atascada sólo hay que girarla en sentido contrario a las agujas del reloj.</li> </ul> <h5>Apoyo acolchado</h5> <p>El gran apoyo acolchado permite un manejo más cómodo de la máquina, ya que el usuario apoya la pierna o el cuerpo durante el trabajo. Así se maneja la ahoyadora de forma exacta.</p> <h5>Manillar de vibraciones reducidas</h5> <ul> <li>El manillar de vibraciones reducidas permite un trabajo más cómodo y con menos esfuerzo.</li> <li>Además, el motor se encuentra separado de la empuñadura.</li> <li>Facilita el trabajo el periodos más largos.</li> </ul> <h5>Filtro de aire larga duración</h5> <p>Filtro de aire larga duración, que conjuntamente con el compensador integrado en el carburador garantiza un largo intervalo de mantenimiento</p> <ul> <li><strong>Longitud con bastidor de porte:</strong> 400 mm</li> <li><strong>Ancho con bastidor de porte:</strong> 530 mm</li> <li><strong>Alto sin herramienta de perforar:</strong> 365 mm</li> <li><strong>Sin combustible ni herramienta de perforar:</strong> 10 kg</li> </ul> <h2><a href=""https://equipmaster.com.co/agro-y-jardin/productos-stihl-colombia-calidad-e-inversion-segura/"">Productos Stihl Colombia, Calidad e Inversión Segura</a></h2> <p>https://youtu.be/y0Is-sk4jQg</p>",ahoyadora-stihl-bt-131-120-barreno-12cmx100cm,"Venta de Ahoyadora STIHL BT 131-120, 36,3cm³, 10Kg motor 4-MIX , contamos con amplio catálogo. Asesoría especializada, Envíos a todo Colombia.",5439000,5439000,STIHL,Motores,
EM-EO-E,Equipo de ordeño FARETTY motor eléctrico 2hp 3600rpm,"<h2><strong>Maquina de Ordeño Dual</strong></h2> <ul> <li><strong>Pulsador</strong>: 1×60 /40</li> <li><strong>Grupo neumático:</strong> 2 * 240cc</li> <li><strong>Cantina:</strong> Aluminio e inoxidable</li> <li><strong>Bomba de vacío:</strong> 1 x VP 220 DRY</li> <li><strong>Pulsación</strong>: 60/40 de /min</li> <li><strong>Paleta de grafito:</strong> 5,05 x 85,07 x 43,055</li> <li><strong>Longitud:</strong> 1270 mm</li> <li><strong>Ancho:</strong> 600 mm</li> <li><strong>Alto:</strong> 880 mm</li> <li><strong>Peso:</strong> 75kg</li> </ul>","<p><em>Los productos originales pueden variar ligeramente respecto a las fotos, la información en esta ficha está sujeta a cambios sin previo aviso.</em></p> <h2><strong>Equipo de Ordeño Dual</strong></h2> <p><strong>FARETTY  EM-EO-E  Equipo de ordeño FARETTY incluye motor electrico 2hp 3600rpm </strong></p> <ul> <li>Maquina diseñada para ordeñar animales lecheros de manera exacta estimulando la ubre de forma adecuada y a su vez, siendo amena con el bienestar el ganado</li> <li>Cantina de aluminio e inoxidable al vacio de 220Litros pulsaciones de 60/40*Min Peso 75Kg</li> <li>Practico</li> <li>No grasa</li> <li>No aceites.</li> </ul> <p><strong>Ventajas</strong></p> <ul> <li>Aumenta productividad</li> <li>Reduce gastos de mano de obra</li> <li>Contribuye al bienestar o salud del animal</li> <li>Produce leche de alta calidad gracias a el sistema de higiene.</li> </ul> <h2><a href=""https://equipmaster.com.co/agro-y-jardin/que-son-los-equipos-de-ordeno/"">¿Cómo funcionan los equipos de ordeño?</a></h2> <p>https://www.youtube.com/watch?v=fHQETzs15NI</p>",equipo-de-ordeno-faretty-motor-electrico-2hp-3600rpm,Equipo de ordeño FARETTY motor electrico 2hp 3600rpm Cantina de aluminio e inoxidable. Asesoría personal especializada. Somos EQUIPMASTER,6309000,6309000,FARETTY,Agro y ganadería,
TDG8500S,"Planta Electrica TDG8500S TOYAMA CABINADA 7000watt maximo, Motor Diesel 14hp Monofasica","<h2>Generador de energía</h2> <ul> <li><span class=""WdYUQQ text-decoration-none text-strikethrough-none""><strong>Rotación máxima</strong> 3600RPM</span></li> <li><span class=""WdYUQQ text-decoration-none text-strikethrough-none""><strong>Desplazamiento </strong> 498cc</span></li> <li><span class=""WdYUQQ text-decoration-none text-strikethrough-none""><strong>Potencia máx</strong>  7.0 kW | kVA</span></li> <li><span class=""WdYUQQ text-decoration-none text-strikethrough-none""><strong>Potencia nominal</strong> 6.5 kW | kVA</span></li> <li><span class=""WdYUQQ text-decoration-none text-strikethrough-none""><strong>Número de fases</strong> Monofasico</span></li> <li><span class=""WdYUQQ text-decoration-none text-strikethrough-none""><strong>Frecuencia</strong>  60Hz</span></li> <li><span class=""WdYUQQ text-decoration-none text-strikethrough-none""><strong>Tipo de motor</strong> 4 Tiempos</span></li> <li><span class=""WdYUQQ text-decoration-none text-strikethrough-none""><strong>Cilindros</strong>  Monocilíndrico</span></li> <li><span class=""WdYUQQ text-decoration-none text-strikethrough-none""><strong>Sistema de arranque</strong> Arranque eléctrico</span></li> <li><strong>Dimensiones (L x An x Al):</strong>  99 x 57 x 78</li> <li><strong>Peso: </strong>177 kg</li> </ul>","<p><em>Los productos originales pueden variar ligeramente respecto a las fotos, la información en esta ficha está sujeta a cambios sin previo aviso.</em></p> <h2>Planta eléctrica diésel</h2> <p><b>TDG8500S TOYAMA CABINADA 7000watt máximo, Motor Diesel 14hp Monofásico, Incluye transferencia</b></p> <p>Generadores Toyama. Equipado con un motor diésel ​refrigerado por aire, tiene una potencia máxima de 7,0 kW kVA y un Tanque con capacidad de Combustible de hasta 14,1 litros. Motor Silencioso y potente, logra satisfacer todas las demandas profesionales y necesidades de suministro eléctrico.</p> <h2><a href=""https://equipmaster.com.co/plantas-electricas/consejos-que-debe-tener-en-cuenta-para-elegir-una-planta-electrica/"">Consejos que debe tener en cuenta para elegir una Planta Eléctrica</a></h2> <h2><a href=""https://equipmaster.com.co/plantas-electricas/antes-de-adquirir-una-planta-electrica-conozca-los-tipos-que-existen/"">Antes de Adquirir una Planta Eléctrica Conozca los Tipos que Existen</a></h2> <p><span style=""color: #ffffff;"">planta eléctrica Homecenter</span></p> <p><span style=""color: #ffffff;"">mercado libre planta eléctrica</span></p>",planta-electrica-tdg8500s-toyama-cabinada-7000watt-maximo-motor-diesel-14hp-monofasica,"Venta de Planta Electrica TDG8500S TOYAMA CABINADA 7000watt maximo, Motor Diesel 14hp Monofasica, Incluye transferencia. contamos con amplio catálogo. Asesoría especializada, Envíos a todo Colombia. mercado libre planta eléctrica, planta electrica home center",8669000,8669000,TOYAMA,Energía,
RE80X,"Hidrolavadora Electrica STIHL RE80X Presion max 1740psi, 430lts/Hora 1.6kw","<h2><b>Hidrolavadora STIHL</b></h2> <ul> <li><strong>Presión de trabajo</strong> 90 bar</li> <li><strong>Presión máx.</strong> 120 bar 1)</li> <li><strong>Caudal de agua min</strong> 330 l/h</li> <li><b>Caudal de agua máx..</b> 430 l/h</li> <li><strong>Temperatura máx.</strong> de entrada agua 40 °C</li> <li><strong>Potencia</strong> 1,7 kW</li> <li><strong>Nivel sonoro</strong> 89 dB(A) 2)</li> <li><strong>Tensión nominal</strong> 110 V</li> <li><strong>Frecuencia </strong>60 Hz.</li> </ul>","<p><em>Los productos originales pueden variar ligeramente respecto a las fotos, la información en esta ficha está sujeta a cambios sin previo aviso.</em></p> <h2><b>Hidrolavadora </b></h2> <p><b>Eléctrica STIHL RE80X Presión máx. 1740psi, 430lts/Hora 1.6kw</b></p> <ul> <li>La compacta hidro limpiadora de alta presión STIHL RE 80 es <strong>fácil de manejar</strong> gracias a su <strong>peso ligero</strong> y a su diseño compacto. La robusta bomba de alta presión con cabezal de aluminio genera una <strong>presión máxima de 120 bares</strong>. Esto te permite realizar las tareas de limpieza <strong>en casa</strong> de forma eficaz y exhaustiva. Con dos boquillas estándar, puedes realizar diferentes tareas de limpieza. La <strong>boquilla de chorro plano</strong> ajustable es adecuada para la <strong>limpieza rápida de las superficies más sensibles</strong>, mientras que la <strong>boquilla roja con potente chorro puntual</strong> <strong>también elimina la suciedad dura de forma eficiente. Además, puedes utilizar el juego de pulverización incluido para el pulverizador de espuma para lograr resultados de limpieza aún mejores. La manguera de alta presión de 5 m de longitud se puede conectar rápidamente mediante los acoplamientos rápidos de la empuñadura y de la pistola.</strong></li> </ul> <div class=""product-details__description richtexteditor""> <div> <p><strong>HIDROLIMPIADORA ELÉCTRICA DE ALTA PRESIÓN RE 80 X: POTENTE MÁQUINA PARA PARTICULARES</strong></p> <p>La hidro limpiadora de alta presión STIHL RE 80 X es una máquina ligera de <strong>entrada a la gama</strong> que podrás transportar cómodamente al lugar de uso deseado gracias a su diseño compacto y a su robusta asa. Puedes utilizar la STIHL RE 80 X para llevar a cabo las tareas de limpieza en el hogar de forma rápida y eficiente. Esto incluye la limpieza de terrazas y escaleras, así como la limpieza de tus <strong>muebles de jardín</strong>.</p> </div> </div> <div class=""product-details__highlights""> <ul> <li>Almacenamiento de accesorios directamente en la máquina</li> <li>Acoplamiento rápido para facilitar la conexión de la manguera de alta presión y la pistola</li> <li>Para la limpieza en el jardín</li> </ul> <h2><a href=""https://equipmaster.com.co/aseo-y-limpieza/que-hay-que-tener-en-cuenta-al-comprar-una-hidrolavadora/"">¿Qué hay que tener en Cuenta al Comprar una Hidrolavadora?</a></h2> </div>",hidrolavadora-electrica-stihl-re80x-presion-max-1740psi-430lts-hora-1-6kw,"Venta de Hidrolavadora Electrica STIHL RE80X , contamos con amplio catálogo. Asesoría especializada, Envíos a todo Colombia.",639000,639000,STIHL,Bombas y agua,
F0133000PF,Mototool DREMEL 3000 130w con 26 accesorios,"<h2><strong>Mototool  DREMEL Lite </strong></h2> <ul> <li><strong>Peso</strong> 1 kg</li> <li><strong>Dimensiones</strong> 29 × 21 × 8 cm</li> <li><strong>Segmento</strong> Herramientas, Mototool</li> <li><strong>Potencia</strong> (W) 144W</li> <li><strong>Velocidad</strong> (R.P.M.) 10.000 – 35.000</li> <li><strong>Voltaje</strong> 120V</li> <li><strong>Familia</strong> 3000</li> </ul>","<p><em>Los productos originales pueden variar ligeramente respecto a las fotos, la información en esta ficha está sujeta a cambios sin previo aviso.</em></p> <h2><strong>Mototool (  Motortool ) </strong></h2> <p><strong>F0133000PF Mototool DREMEL 3000 130w con 26 accesorios + 1 ADIT Velocidad 10,000 a 33,000 RPM</strong></p> <p>Rectificadora Dremel 3000 es la herramienta perfecta para distintos proyectos. Tiene 8 funciones diferentes, por lo que puedes usar una sola herramienta para muchas cosas, y cambiar la extensión y la velocidad según tus necesidades.</p> <p><strong>Incluye:</strong></p> <ul> <li>1 Dremel 3000</li> <li>1 maletín con 1 aditamento empuñadura para detalle</li> <li>1 escuche de accesorios con 1 fresa de tallado de punta redonda de 3,2mm para madera, metal, cuero, plástico, goma y cartón (modelo 191)</li> <li>5 discos de corte de 23,8mm espesor de 1mm para metal</li> <li>1 disco reforzado de corte para duración superior de 31,8mm espessor de 1,1mm para metal, madera y plástico</li> <li>1 piedra formato cuadrado de esmerilado de 9,5mm para metal, soldadura, remache y oxidácion</li> <li>1 cepillo de cerdas de nylon de 19,1mm para limpiar y pulir platería, joyas y metales preciosos , 1 cepillo de acero carbono de 19,1mm para remoción de oxidación y componentes eléctricos</li> <li>2 discos de fieltro para pulir de 12,7mm para metal, piedras y vidrio , 1 pasta para pulir y limpiar , 3 discos de fieltro para pulir de 25,4mm para metal, piedras y vidrio</li> <li>1 mandril vástago adaptador de lijado de 12,7mm con tubo de lija de grano grueso para madera, fibra de vidrio, plástico y goma , 2 tubos de lija de 12,7mm de grano grueso para madera, fibra de vidrio, plástico y goma</li> <li>2 tubos de lija de 12,7mm de grano medio para madera, fibra de vidrio, plástico y goma, 2 tubos de lija de 12,7mm de grano fino para madera, fibra de vidrio, plástico y goma , 1 broca de acero rápido de 3,2mm para madera, plástico, oro, bronce, latón y aluminio</li> <li>1 mandril vástago adaptador para accesorios de fieltro , 1 mandril vástago adaptador para discos , llave, manua</li> </ul>",mototool-dremel-3000-130w-con-26-accesorios,Venta de Mototool DREMEL 3000 130w con 26 accesorios. Envíos a toda Colombia. Asesoría personal especializada. Somos EQUIPMASTER.,309000,309000,DREMEL,Herramientas eléctricas,
M9510B,"Pulidora 4-½"" MAKITA M9510B 850w","<h2>Pulidora Makita</h2> <ul> <li><strong>Potencia:</strong> 850W</li> <li><strong>Diámetro del Disco:</strong> 115 mm (4-1/2”)</li> <li><strong>Velocidad sin carga (rpm):</strong> 11.000</li> <li><strong>Dimensiones (L x L x A):</strong> 276 x 130 x 111 mm (10-7/8”x 5-1/8”x 4-3/8”)</li> <li><strong>Peso:</strong> 2,0 kg (4,5 lbs)</li> <li><strong>Cable de conexión:</strong> 2,0 m (6,6 ft)</li> </ul>","<p><em>Los productos originales pueden variar ligeramente respecto a las fotos, la información en esta ficha está sujeta a cambios sin previo aviso</em></p> <h2><strong>Pulidora 4-½"" MAKITA</strong></h2> <p><strong>MAKITA M9510B, 850w 11.000rpm Eje 5/8"" (profesional)</strong></p> <ul> <li>Alto rendimiento y durabilidad a menor costo</li> <li>Potente motor de 850 W ofrece 11,000 RPM para las aplicaciones más exigentes</li> <li>Los engranajes cónicos mecanizados brindan una mayor vida útil</li> <li>Engranajes cónicos espirales para rotaciones más suaves y una transferencia de energía más eficiente</li> <li>Empuñadura de barril más delgada con fácil agarre y manejo</li> <li>Compacto y liviano para trabajos de alta producción con menos fatiga</li> <li>El agarre lateral se coloca en un ángulo aumentado para mayor comodidad y control</li> <li>Se puede instalar un agarre lateral en cualquier lado de la herramienta para la conveniencia del operador</li> <li>Interruptor de seguridad de dos acciones para evitar el bloqueo accidental repentino</li> <li>Función de bloqueo para funcionamiento continuo</li> <li>La cubierta de la rueda protege al operador contra la dispersión accidental de la rueda rota o la pieza de trabajo con un mínimo movimiento de la cubierta de la rueda</li> <li>Bloqueo del eje para cambios de rueda fáciles</li> </ul>",pulidora-4-%c2%bd-makita-m9510b-850w,"Venta de Pulidora 4-½"" MAKITA M9510B 850w , contamos con amplio catálogo. Asesoría especializada, Envíos a todo Colombia.",269000,269000,MAKITA,Herramientas eléctricas,
2607017397,"Set V-Line 100 Piezas (brocas y puntas) Madera, Metal, Concreto [Atornillar y perforar]","<h2><strong>Juego de herramientas Bosch</strong></h2> <p><strong>100 piezas</strong></p> <p>• Avellanador<br /> • Sierras copa 32 / 38 / 45 / 54.<br /> • 18 Mecha P/ Metal: 2 a 10 mm<br /> • 7 Mechas P/ Concreto: 3/4/5/5,5/6/7/8 mm<br /> • 7 Mechas P/ Madera: 3/4/5/6/7/8/10 mm<br /> • 3 Mecha Pala 16/22/32<br /> • 40 Puntas: PH – PZ – S – Torx – Hexag.<br /> • 8 Tubos: 5/6/7/8/9/10/11/13 mm<br /> • Alargue 60 mm.<br /> • 1 Adaptador de tubo<br /> • Linterna<br /> • 4 Prisionero 3/5/8/10<br /> • Destornillador<br /> • Nivel<br /> • Maletin.</p>","<p>Los productos originales pueden variar ligeramente respecto a las fotos, la información en esta ficha está sujeta a cambios sin previo aviso</p> <h2 class=""product_title wd-entities-title""><strong>Juego de herramientas </strong></h2> <p><strong>2607017397  Set V-Line 100 Piezas (brocas y puntas) Madera, Metal, Concreto [Atornillar y perforar]</strong></p> <p><strong>VERSÁTIL</strong>: este kit incluye una amplia variedad de brocas , así como una selección de accesorios para ayudar en una variedad de aplicaciones de perforación y fijación.</p> <p><strong>CALIDAD:</strong> Las puntas incluidas en el kit, presentan diseños para disminuir el daño a la cabeza del tornillo y proporcionar una mejor potencia de agarre Las puntas de broca divididas proporcionan un inicio de perforación fácil y son ideales para una variedad de aplicaciones como madera, metal, mampostería y más.</p> <p><strong>CONVENIENCIA:</strong> con una variedad tan amplia de brocas y opciones de accesorios, este conjunto es ideal para las tareas cotidianas desde el garaje hasta el taller y el hogar.</p> <p><strong>PORTÁTIL:</strong> Incluye un estuche resistente para un almacenamiento seguro, fácil acceso, organización y portabilidad. El conjunto incluye componentes extraíbles para que pueda llevar, donde lo necesite para su conveniencia sin dificultad alguna.</p>",set-v-line-100-piezas-brocas-y-puntas-madera-metal-concreto-atornillar-y-perforar,"Venta de Juego de herramientas manuales 100 Pzs Bosch, contamos con amplio catálogo. Asesoría especializada, Envíos a todo Colombia.",119900,119900,,Herramientas eléctricas,
SU-A048,Sembradora Manual de Maiz y Granos Secos FARETTY SU-A048,"<h2><strong>S</strong>embradora de maíz</h2> <ul> <li><strong>Espaciado</strong> 13-25 cm</li> <li><strong>Púas de sembrado</strong> Son graduables</li> <li><strong>Semilla adecuada</strong> maíz, soja, algodón, arveja</li> <li><strong>Tasa de siembra de agujeros</strong> 1-2 semillas</li> <li><strong>Numero de brocas</strong> 12/10/9/8/7/6 Brocas regulables</li> <li><strong>Número de púas</strong> 14 púas (7 de abono y 7 de semillas)</li> <li><strong>Rendimiento</strong> 25 metros lineales/minuto</li> <li><strong>Capacidad</strong> 2-3kg</li> <li><strong>Peso</strong> 9kg</li> </ul> <p><a href=""https://www.instagram.com/reel/CtuAyjPtAHm/?igsh=ODE4OWRsejRoZzFv""><strong>Ver video de la sembradora aquí</strong></a></p>","<p><em>Los productos originales pueden variar ligeramente respecto a las fotos, la información en esta ficha está sujeta a cambios sin previo aviso.</em></p> <h2><strong>Sembradora abonadora</strong></h2> <p><strong>SU-A048 FARETTY Sembradora Manual de Maíz y Granos Secos</strong></p> <p><strong>¿Qué es una sembradora abonadora rotativa?</strong></p> <p>Es una maquina diseñada para la siembra, de manera que distribuye las semillas o abonos de forma precisa, es decir, con un ritmo y profundidad exacta, ya que va abriendo surcos y en secuencia sembrando granos secos e incluso permite mejorar la germinación.</p> <ul> <li>Ventajas del uso de la Sembradora Manual</li> <li>Coloca la semilla de forma precisa</li> <li>Mejora la proporción del rendimiento del cultivo</li> <li>Ahorra tiempo y disminuye mano de obra</li> <li>Permite un sembrado alineado y adecuado</li> </ul> <p><strong>Beneficios</strong></p> <ul> <li>Herramienta que te permite el ahorro en la mano de obra</li> <li>Incluye rodillos que permiten sembrar una amplia gama de granos</li> <li>Su trabajo es eficiente permitiendo una cosecha exacta</li> <li>Reduce el tiempo de siembra aumentando la rentabilidad y producción.</li> </ul> <h3><a href=""https://equipmaster.com.co/agro-y-jardin/sembradoras-ideal-para-una-siembra-precisa-y-eficiente/"">Sembradoras: Ideal para una Siembra Precisa y Eficiente</a></h3>",sembradora-manual-de-maiz-y-granos-secos-faretty-su-a048,Venta de Sembradora Manual de Maiz y Granos Secos SU-A048 FARETTY. Asesoría especializada. Envíos a todo Colombia.,989000,989000,FARETTY,Agro y ganadería,
GSB 185 LI,Taladro Percutor/ Atornillador Inalambrico BOSCH GSB 185 LI +2B; 18v,"<h2><strong>Taladro PERCUTOR </strong></h2> <ul> <li><strong>Voltaje de la batería</strong> 18 V</li> <li><strong>Torque (blando/duro/máx.)</strong> 21/50/- Nm</li> <li><strong>Velocidad de giro sin carga</strong> (1.ª/2.ª velocidad) 0 – 500 / 0 – 1.900 rpm</li> <li><strong>Número de impactos máx</strong>.0 ipm</li> <li><strong>Capacidad mín./máx. del portabrocas</strong> 1,5 / 13 mm</li> <li><strong>Niveles de torque</strong> 20+2</li> </ul> <p><strong>Aplicaciones:</strong> Perforar y atornillar en MDF, metal y mampostería, Fijación de accesorios y herrajes, Perforación de placas en Drywall y Fijación de piezas en mampostería.</p>","<p><em>Los productos originales pueden variar ligeramente respecto a las fotos, la información en esta ficha está sujeta a cambios sin previo aviso.</em></p> <h2><strong>Taladro Percutor Inalámbrico </strong></h2> <p><strong>Atornillador Inalambrico BOSCH GSB 185 LI +2B; 18v (2 baterías de 2amp, caja plastica)</strong></p> <p>Rápido, liviano y cómodo de usar, fue desarrollado p<strong>ara trabajos exigentes y ofrece un excelente desempeño</strong>. Tiene motor Brushless, sin escobillas de carbón, que ofrece un mejor rendimiento, más fuerza y una vida útil prolongada. El diseño compacto y liviano posibilita realizar trabajos desafiantes en lugares estrechos y al mismo tiempo brinda a los usuarios un manejo más cómodo y mejor ergonomía.</p> <p>Ofrece una rotación de 1.900 rpm, proporcionando un alto nivel de productividad en <strong>los trabajos al atornillar o perforar, además, el mandril metálico bloquea perfectamente el accesorio proporcionando más durabilidad y resistencia.</strong> Tiene luz LED y su posición en la base de la herramienta permite una iluminación perfecta del punto donde se realizará el orificio o donde se realizará el atornillado.</p> <ul> <li><strong>Este Taladro percutor y atornillador puede perforar:</strong></li> <li>Madera de hasta 35mm</li> <li>Metal o mampostería de hasta 10mm y permite colocar tornillos en madera de hasta 10mm.</li> </ul> <p><strong>BENEFICIOS: </strong>Motor Brushless sin escobillas de carbón que ofrece el doble de vida útil y mayor autonomía, Mandril metálico que bloquea mejor el accesorio además de ofrecer mayor resistencia y durabilidad, Más eficiencia gracias a la máxima velocidad de <strong>trabajo de hasta 1.900 rpm,</strong> Su tamaño compacto hace que sea ideal para uso en espacios estrechos, Para atornillar y perforar en madera, metal, mampostería y Drywall, Potencia equivalente a una herramienta con cable con la practicidad de una herramienta inalámbrica, Herramienta 100% compatible con todas las baterías y cargadores <strong>18V </strong>Bosch<strong>,</strong> Para un mejor desempeño de tu herramienta, utiliza accesorios Bosch.</p> <p><strong>Público objetivo: </strong>Carpinteros, ensambladores de muebles, instaladores en general (canalones, alarmas, cortinas, marcos, Drywall, aire acondicionado).</p> <p><strong>Diámetro de perforación</strong></p> <ul> <li><strong>Diámetro máx. de perforación en madera</strong> 35 mm</li> <li><strong>Diámetro máx. de perforación en acero</strong> 10 mm</li> <li><strong>Diámetro máx. de perforación en mampostería</strong> 10 mm</li> </ul> <p><strong>Diámetro de atornillado</strong></p> <ul> <li><strong>Diámetro máx. de atornillado</strong> 10 mm</li> </ul> <p><strong>Nivel total de vibraciones (Taladrar en metal)</strong></p> <ul> <li><strong>Valor de vibraciones generadas</strong> ah 1,5 m/s²</li> <li><strong>Tolerancia</strong> K 1,3 m/s²</li> </ul> <p><strong>Nivel total de vibraciones (Perforación con percusión en mampostería)</strong></p> <ul> <li><strong>Valor de vibraciones generadas</strong> ah 12,2 m/s²</li> <li><strong>Tolerancia</strong> K 1,5 m/s²</li> </ul> <p><strong>Información de ruido/vibración</strong></p> <ul> <li><strong>Nivel de presión acústica</strong> 85,5 dB(A)</li> <li><strong>Nivel de potencia acústica</strong>96,5 dB(A)</li> <li><strong>Tolerancia</strong> K 5 Db</li> </ul> <p><strong>Taladrar en metal</strong></p> <ul> <li><strong>Valor de vibraciones generadas</strong> ah 1,5 m/s²</li> <li><strong>Tolerancia</strong> K 1,3 m/s²</li> </ul> <p><strong>Perforación con percusión en mampostería</strong></p> <ul> <li><strong>Valor de vibraciones generadas</strong> ah 12,2 m/s²</li> <li><strong>Tolerancia</strong> K 1,5 m/s².</li> </ul>",taladro-percutor-atornillador-inalambrico-bosch-gsb-185-li-2b-18v,"Venta de Taladro percutor inalambrico bosch GSB 185 LI , contamos con amplio catálogo. Asesoría especializada, Envíos a todo Colombia.",699000,699000,BOSCH,Herramientas eléctricas,
GBM 50-2RE,Taladro Magnético BOSCH GBM 50-2RE 1.200w,"<h2><strong>Taladro base magnética</strong></h2> <ul> <li><strong>Potencia absorbida</strong> 1200 W</li> <li><strong>Voltaje, eléctrico</strong> 127–127 V</li> <li><strong>Velocidad en vacío, 1.ª velocidad</strong> 50 – 250 rpm</li> <li><strong>Velocidad en vacío, 2.ª velocidad</strong> 100 – 510 rpm</li> <li><strong>Rosca de conexión del rotor de taladrar</strong> MT 2 – DIN 228</li> <li><strong>Diámetro de perforación en acero</strong> 1,5 / 50 mm</li> <li><strong>Nivel de presión acústica</strong> 90 dB(A)</li> <li><strong>Nivel de potencia acústica</strong> 110 dB(A)</li> <li><strong>Tolerancia</strong> K 3 dB</li> <li><strong>Dimensiones (L x An x Al):</strong>  27 × 11 × 33</li> <li><strong>Peso</strong> 14,7 kg</li> </ul>","<div class=""techspecs--row""> <p><em>Los productos originales pueden variar ligeramente respecto a las fotos, la información en esta ficha está sujeta a cambios sin previo aviso.</em></p> <h2><strong>Taladro Magnético</strong></h2> <p><strong>BOSCH GBM 50-2RE, 1.200w, 120v, 50-510rpm, Espesor máximo a perforar: 50mm (2"")</strong></p> <p>El taladro magnético con cable para metal de Bosch es <strong>cómodo, duradero, muy eficiente y seguro</strong>. Con la mejor relación precio-rendimiento de su categoría</p> <ul> <li>Ideal para trabajos duros de perforación de núcleos de metal, perforación con broca y roscado de metales.</li> <li>Su tecnología láser permite definir rápidamente el objetivo y su sistema de corte de alimentación evita las descargas eléctricas.</li> </ul> <p><strong>• Preciso, eficiente y cómodo:</strong> la solución ideal para taladrar en metal<br /> <strong>• Cómodo, duradero, de alta eficiencia y seguro:</strong> la tecnología láser ayuda a establecer el objetivo de forma rápida; potente motor para un taladrado duradero, eficiente y preciso; el sistema de desconexión de alimentación evita las descargas eléctricas<br /> <strong>• Sistema HMI inteligente:</strong> visualización de alertas de servicio para un mantenimiento preventivo (cambio de escobillas de carbón) e indicador de alerta de carga para una mayor vida útil de la herramienta<br /> <strong>• Ideal para perforaciones de núcleos de metal duro:</strong> la elevada fuerza magnética sirve de gran apoyo durante el taladrado.</p> <p>https://www.youtube.com/watch?v=5mf9QTceTkk</p> </div>",taladro-magnetico-bosch-gbm-50-2re-1-200w,"Venta de Taladro con núcleo magnético GBM 50-2 RE , contamos con amplio catálogo. Asesoría especializada, Envíos a todo Colombia.",6849000,6849000,BOSCH,Herramientas eléctricas,
SEA 20,Aspiradora electrica STIHL SEA 20 10V capacidad 75ml,"<h2><strong>Aspiradora STIHL </strong></h2> <ul> <li><strong>Tensión nominal</strong> 10,8 V</li> <li><strong>Duración de la batería</strong> AS 2 bis 14 min</li> <li><strong>Volumen de aspiración máximo</strong> 1026 l/min</li> <li><strong>Capacidad de depósito</strong> 0,75 l</li> <li><strong>Dimensiones (L x An x Al): </strong> 53 x 32 x 36</li> <li><strong>Peso sin batería</strong> 1,1 kg</li> </ul>","<p><em>Los productos originales pueden variar ligeramente respecto a las fotos, la información en esta ficha está sujeta a cambios sin previo aviso.</em></p> <h2><strong>Aspiradora </strong><span style=""font-size: 24px;"">Eléctrica</span></h2> <p><b>STIHL SEA 20 10V capacidad 75ml especial para áreas pequeñas de forma rápida y sencilla</b></p> <p>Con la práctica aspiradora de mano de batería STIHL SEA 20 podrás limpiar áreas pequeñas de forma rápida y sencilla. La aspiradora de mano <strong>STIHL SEA 20</strong> funciona con una batería de iones de litio del sistema STIHL AS, para que puedas limpiar cómodamente, sin cables y sin ruido. La potente aspiradora de mano de 10 V de STIHL es ligera y fácil de usar.</p> <p>La cómoda empuñadura suave permite controlar el botón de encender y apagar cómodamente seas diestro o zurdo. El botón de bloqueo permite un funcionamiento continuo sin tener que mantener el botón. Detrás de la boquilla de aspiración, una tapa antirretorno retiene la suciedad aspirada en el depósito de recogida. Para el vaciado y la limpieza, se puede extraer con un solo movimiento. El sistema de filtro compuesto de dos partes (filtro y prefiltro) ofrece un muy buen rendimiento del filtro y puede limpiarse y reutilizarse fácilmente.</p> <p>Aspiradora de mano <strong>STIHL SEA 20</strong> viene con prácticos accesorios de serie: boquilla para ranuras, boquilla para suciedad gruesa, manguera de aspiración, tubo de extensión, filtro de papel y cesta filtrante. Además, la bolsa de almacenamiento incluida con ojal para colgar te permite guardar la aspiradora entre usos para ahorrar espacio.</p> <ul> <li>Máquina sin batería ni cargador</li> <li>Aspiradora ligera y potente para usuarios particulares</li> <li>Limpieza rápida y eficaz de zonas pequeñas dentro y fuera de la casa</li> <li>Uso versátil gracias a la gran variedad accesorios</li> <li>Sistema de filtro de dos etapas con prefiltros lavables para una filtración eficaz del aire</li> <li>El depósito se abre rápidamente para facilitar el vaciado y la limpieza.</li> </ul> <h2><strong><a href=""https://equipmaster.com.co/aseo-y-limpieza/aspiradoras-una-practica-solucion-de-limpieza-para-tu-hogar-y-empresa/"">Aspiradoras: una Práctica Solución de Limpieza para tu Hogar y Empresa</a></strong></h2>",aspiradora-electrica-stihl-sea-20-10v-capacidad-75ml,"Venta de Aspiradora electrica STIHL SEA 20 , contamos con amplio catálogo. Asesoría especializada, Envíos a todo Colombia.",629000,629000,STIHL,Lavado y limpieza,
MH 610,Motoazada cultivador STIHL MH610,<h2>Cultivador</h2> <ul> <li><strong>Potencia</strong> 6 hp</li> <li><strong>Cilindrada</strong> 232 cm³</li> <li><strong>Tipo de combustible</strong> Gasolina</li> <li><strong>Ancho máximo de trabajo</strong> 78 cm</li> <li><strong>Transmisión</strong> 2 velocidades al frente</li> <li><strong>Diámetro de azada</strong> 31 cm</li> <li><strong>Caja de cambios</strong> Manual</li> <li><strong>Capacidad tanque gasolina</strong>6 L</li> <li><strong>Llantas neumáticas</strong> 16 in</li> <li><strong>Toma de fuerza </strong>Sí.</li> <li><strong>Peso</strong> 60 kg</li> </ul>,"<p><em>Los productos originales pueden variar ligeramente respecto a las fotos, la información en esta ficha está sujeta a cambios sin previo aviso</em></p> <h2><strong>Motoazada</strong></h2> <p><strong>Cultivador STIHL MH610 a gasolina 5,9hp 6,9metros/s², Anchura de trabajo 78cm, Diámetro del juego de azada 31cm</strong></p> <p>Alto rendimiento es la más adecuada para romper terrenos densos y sólidos y volcar grandes terrenos. Propulsado por un potente motor de gasolina, abre sin esfuerzo un canal de 80 cm de ancho a través de la tierra. La forma de las cuchillas le permite mezclar la tierra con una potencia y una eficiencia excepcionales, cortando raíces viejas y material vegetal con facilidad y llevándolos a la superficie. Todos los componentes sometidos a tensión están fabricados con materiales extremadamente resistentes, como el acero reforzado, diseñado para uso práctico pesado.</p> <p>La función de ajuste de altura central garantiza un manejo ergonómico que le permite arar surcos sin esfuerzo a pesar de las fuerzas involucradas. Dos marchas hacia adelante y la marcha atrás le permiten maniobrar la máquina con facilidad.</p> <ul> <li><strong>Potencia</strong> 6 hp</li> <li><strong>Cilindrada</strong> 232 cm³</li> <li><strong>Tipo de combustible</strong> Gasolina</li> <li><strong>Ancho máximo de trabajo</strong> 78 cm</li> <li><strong>Transmisión</strong> 2 velocidades al frente</li> <li><strong>Diámetro de azada</strong> 31 cm</li> <li><strong>Caja de cambios</strong> Manual</li> <li><strong>Capacidad tanque gasolina</strong>6 L</li> <li><strong>Llantas neumáticas</strong> 16 in</li> <li><strong>Toma de fuerza </strong>Sí.</li> </ul> <h2 class=""wd-entities-title title post-title""><a href=""https://equipmaster.com.co/agro-y-jardin/motoazadas-herramientas-agricolas/"">Motoazadas: herramientas agrícolas</a></h2>",motoazada-cultivador-stihl-mh610,"Venta de Motoazada cultivador STIHL MH610 a gasolina 5,9hp 6,9metros/s², Asesoría especializada. Envíos a todo Colombia.",3909000,3909000,STIHL,Agro y ganadería,
Ms462,Motosierra STIHL MS462,"<h2><strong>Motosierra STIHL </strong></h2> <ul> <li><strong>Longitud de Espada</strong> 63cm</li> <li><strong>Cilindrada</strong> cm³ 72,2</li> <li><strong>Peso kg</strong> 6</li> <li><strong>Relación peso/potencia kg/CV</strong> 1</li> <li><strong>Nivel de presión acústica dB(A)</strong> 108</li> <li><strong>Nivel de potencia acústica dB(A)</strong> 119</li> <li><strong>Vibraciones izquierdas/derecha</strong> m/s² 4,8/3,6</li> <li><strong>Potencia_ CV</strong> 6</li> </ul> <p><a href=""https://www.instagram.com/tv/CVfi4hZF9xT/?utm_source=ig_web_copy_link""><strong>Ver video de</strong> ðð¨ð¦ð¨ ð«ððð¨ð§ð¨ððð« ð®ð§ð ð¦ð¨ð­ð¨ð¬ð¢ðð«ð«ð ð¬ð­ð¢ð¡ð¥ ð¨ð«ð¢ð ð¢ð§ðð¥ </a></p>","<p><em>Los productos originales pueden variar ligeramente respecto a las fotos, la información en esta ficha está sujeta a cambios sin previo aviso</em></p> <h2><strong>Motosierra STIHL MS462</strong></h2> <p><strong>STIHL MS462, 5,9hp 72,2cm³ 2-tiempos, 6,kg con espada 75cm D 3/8"" RMC (B)</strong></p> <ul> <li>La MS462 posee un potente motor 2-mix de bajo consumo de combustible y bajo nivel de emisiones contaminantes. Este motor entrega su máxima potencia en un rango de revoluciones más amplio que la MS 461 y con una mayor aceleración.</li> <li>Sistema antivibración</li> <li>Puntos de amortiguación exactamente calculados, que reducen las vibraciones del motor y del equipo de corte, lo que ahorra esfuerzo y facilita el trabajo</li> </ul> <h2><a href=""https://equipmaster.com.co/agro-y-jardin/conoce-las-mejores-motosierras-stihl/"">Conoce las Mejores Motosierras Stihl</a></h2> <p>https://www.youtube.com/watch?v=VKFRuQ054JI</p>",motosierra-stihl-ms462,Venta de Motosierra STIHL MS462. Amplio catalogo de motosierras. Asesoría personalizada especializada. Envíos a nivel nacional.,3279000,3279000,STIHL,Jardín y forestal,
BR800,Sopladora STIHL de espalda Br800,"<h2>Sopladora de aire</h2> <ul> <li><strong>Cilindrada </strong>79,9 cm³</li> <li><strong>Caudal máximo de aire</strong> 2025 m³/h</li> <li><strong>Capacidad depósito de gasolina</strong> 2,00 l</li> <li><strong>Velocidad máx. de aire</strong> 97 m/s</li> <li><strong>Nivel sonoro</strong> 104 dB(A)</li> <li><strong>Potencia sonora </strong>112 dB(A)</li> <li><strong>Vibraciones derecha</strong> 3,5 m/s²</li> <li><strong>Peso</strong> 11,7 kg</li> </ul>","<p><em>Los productos originales pueden variar ligeramente respecto a las fotos, la información en esta ficha está sujeta a cambios sin previo aviso</em></p> <h2>Sopladora de hojas</h2> <p><strong>STIHL de espalda BR800 a gasolina 4,4hp, 79,9cm³, 2025m³/hora, 8Kg (motor 4-MIX)</strong></p> <p>Práctico arranque lateral, tanto el manillar como el tubo de soplado se puede regular. Con sistema antivibración STIHL, arnés ergonómico acolchado, arnés de cadera y pecho, Motor 4-MIX, método de arranque sencillo, manillar regulable con pulsador Stop, con sistema de porte.</p> <ul> <li>El soplador de gasolina más potente de STIHL</li> <li>Eliminación eficaz de hojas, recortes de setos o suciedad en grandes superficies</li> <li>Excelente fuerza de tracción con un consumo reducido gracias al motor 4-MIX®</li> <li>Gran comodidad de transporte y de trabajo gracias al sistema de soporte ergonómico</li> <li>Re arranque cómodo en la espalda gracias a la función de arranque lateral</li> </ul> <p> </p> <ul> <li><strong>Cilindrada </strong>79,9 cm³</li> <li><strong>Caudal máximo de aire</strong> 2025 m³/h</li> <li><strong>Capacidad depósito de gasolina</strong> 2,00 l</li> <li><strong>Velocidad máx. de aire</strong> 97 m/s</li> <li><strong>Nivel sonoro</strong> 104 dB(A)</li> <li><strong>Potencia sonora </strong>112 dB(A)</li> <li><strong>Vibraciones derecha</strong> 3,5 m/s²</li> <li><strong>CO2</strong> 858 g/kWh</li> </ul> <h2><a href=""https://equipmaster.com.co/agro-y-jardin/las-herramientas-y-maquinaria-agricola-mas-populares/"">Las Herramientas y Maquinaria Agrícola más populares</a></h2>",sopladora-stihl-de-espalda-br800,"Venta de Sopladora STIHL de espalda Br800 a gasolina , contamos con amplio catálogo. Asesoría especializada, Envíos a todo Colombia.",3539000,3539000,STIHL,Jardín y forestal,
RMA 510,"Cortacesped STIHL RMA 510 a bateria Ancho de corte 20""( 53.3cm)","<h2><strong>Cortadores de césped</strong></h2> <ul> <li><strong>Ancho de corte</strong> cm 53.3</li> <li><strong>Ajuste de altura</strong> mm 35-90</li> <li><strong>Ajuste de altura de corte</strong> 7 posiciones</li> <li><strong>Función Mulching</strong> Yes, standard</li> <li><strong>Volumen bolsa recolectora</strong>  70L</li> <li><strong>Altura de corte</strong> (mm) 35 – 90 mm</li> <li><strong>Autonomía</strong> se sitúa alrededor de 500 m²</li> <li><strong>Dimensiones (L x An x Al): </strong>58.5 x 86 x 44</li> <li><strong>Peso sin batería</strong> 28Kg</li> </ul>","<p><em>Los productos originales pueden variar ligeramente respecto a las fotos, la información en esta ficha está sujeta a cambios sin previo aviso.</em></p> <h2><strong>Cortacésped</strong></h2> <p><b>STIHL RMA 510 a batería Ancho de corte 20""( 51cm) Altura de corte 3,5-9cm Bolsa 70Litros Empuje motor</b></p> <ul> <li>Ideal para jardines pequeños y medianos, posee arranque instantáneo, menos ruido, cero costos de gasolina y cero emisiones de gases</li> <li>De fácil manejo, ideal para el cuidado y mantenimiento de jardines. Manilla plegable regulable en 2 posiciones que facilita el transporte y almacenamiento</li> <li>Ajuste de altura de <strong>corte de 7 niveles,</strong> ancho de corte de 53.3 cm, expulsión lateral conveniente al cortar el césped y mantillo, marcador de posición para dos baterías AP.</li> <li><strong>Autonomía</strong> se sitúa alrededor de 500 m².</li> </ul> <p> </p> <ul> <li><strong>FUNCIÓN MULCHING</strong></li> </ul> <p>El pasto cortado en pequeños trozos queda sobre el suelo para que se descomponga más rápidamente y aportes nutrientes al suelo.</p> <ul> <li><strong>BOLSA RECOLECTORA DE PASTO</strong></li> </ul> <p>Bolsa recolectora de pasto de 60 litros</p> <ul> <li><strong>MANILLAR AJUSTABLE</strong></li> </ul> <p>Manillar ajustable en 3 posiciones para adaptarse a la altura del operador</p> <ul> <li><strong>FÁCIL AJUSTE DE LA ALTURA DE CORTE</strong></li> </ul> <p>Fácil ajuste de la altura de corte entre 35 y 90 mm en 7 posiciones distintas.</p> <ul> <li style=""list-style-type: none;""> <ul> <li><strong>Ancho de corte</strong> cm 53.3</li> <li><strong>Ajuste de altura</strong> mm 35-90</li> <li><strong>Ajuste de altura de corte</strong> 7 posiciones</li> <li><strong>Función Mulching</strong> Yes, standard</li> <li><strong>Peso sin batería</strong> kg 28</li> <li><strong>Volumen bolsa recolectora</strong>  70L</li> <li><strong>Altura de corte</strong> (mm) 35 – 90 mm</li> </ul> </li> </ul> <p><a href=""https://www.stihl.es/es/tecnologia-stihl/tecnologia-de-bateria/autonomia-tiempos-de-carga""><strong>Conoce aquí los tiempos de carga y autonomía de las baterías stihl</strong></a></p> <p><strong style=""color: #1b1919; font-size: 24px;""><a href=""https://equipmaster.com.co/agro-y-jardin/que-marcas-de-cortacesped-comprar/"">¿Qué Marcas de Cortacésped Comprar?</a></strong></p>",cortacesped-stihl-rma-510-a-bateria-ancho-de-corte-20-51cm,"Venta de Cortacesped STIHL RMA 510 a bateria Ancho de corte 20""( 51cm). Contamos con amplio catálogo. Asesoría especializada, Envíos a todo Colombia.",2419000,2419000,STIHL,Jardín y forestal,
RMA 460,"Cortacesped STIHL RMA 460 a bateria Ancho de corte 18""( 46cm)",<h2><strong>Cortadores de césped</strong></h2> <ul> <li><strong>Ancho de corte</strong> 46cm</li> <li><strong>Ajuste de altura</strong> 35-90mm</li> <li><strong>Ajuste de altura de corte</strong> 7 posiciones</li> <li><strong>Función Mulching</strong> Si</li> <li><strong>Volumen bolsa recolectora</strong> 60l</li> </ul>,"<p><em>Los productos originales pueden variar ligeramente respecto a las fotos, la información en esta ficha está sujeta a cambios sin previo aviso.</em></p> <h2><strong>Cortacésped</strong></h2> <p><b>STIHL RMA 460 a batería Ancho de corte 18""( 46cm) Altura de corte 3,5-9cm Bolsa 60Litros Empuje motor </b></p> <p>Ideal para el cuidado y mantenimiento de jardines. Es un <strong>cortacésped robusto</strong>, es inalámbrico, perfecta para trabajar en áreas grandes.</p> <p>Resistente con regulación centralizada de altura de corte y función 4 en 1: Corte, abonado, recogida, descarga lateral. Destinada para usuarios ocasionales y particulares para el corte y mantenimiento de jardines y parques pequeños con diferentes opciones de corte y recolección. Se destaca por su buen ancho de trabajo, tiene carcasa de acero lo que le da gran robustez, <strong>modo de trabajo ECO</strong> para el ahorro de energía y aumento de autonomía del equipo, agradable diseño y facilidad de operación.</p> <ul> <li><strong>MANILLAR AJUSTABLE</strong></li> </ul> <p>Manillar ajustable en 3 posiciones para adaptarse a la altura del operador</p> <ul> <li><strong>BOLSA RECOLECTORA DE PASTO</strong></li> </ul> <p>Bolsa recolectora de pasto de 60 litros</p> <ul> <li><strong>COMPARTIMIENTO PARA 2 BATERÍAS</strong></li> </ul> <p>Un primer compartimiento para la batería que se utilizará y el segundo para llevar una segunda batería de reemplazo.</p> <ul> <li><strong>MANILLAR PLEGABLE</strong></li> </ul> <p>Manillar plegable para guardar la máquina en espacios reducidos.</p> <ul> <li><strong>MODO DE TRABAJO ECO</strong></li> </ul> <p>Mediante un botón se puede seleccionar el modo ECO para ahorrar energía de la batería y aumentar la autonomía del equipo.</p> <ul> <li><strong>FÁCIL AJUSTE DE LA ALTURA DE CORTE</strong></li> </ul> <p>Fácil ajuste de la altura de corte entre 35 y 90 mm en 7 posiciones distintas.</p> <ul> <li><strong>Ancho de corte</strong> 46cm</li> <li><strong>Ajuste de altura</strong> 35-90mm</li> <li><strong>Ajuste de altura de corte</strong> 7 posiciones</li> <li><strong>Función Mulching</strong> Si</li> <li><strong>Volumen bolsa recolectora</strong> 60l</li> <li><strong>Peso sin batería</strong> 26kg</li> </ul> <p><a href=""https://www.stihl.es/es/tecnologia-stihl/tecnologia-de-bateria/autonomia-tiempos-de-carga""><strong>Conoce aquí los tiempos de carga y autonomía de las baterías stihl</strong></a></p> <p><strong style=""color: #1b1919; font-size: 24px;""><a href=""https://equipmaster.com.co/que-marcas-de-cortacesped-comprar/"">¿Qué Marcas de Cortacésped Comprar?</a></strong></p>",cortacesped-stihl-rma-460-a-bateria-ancho-de-corte-18-46cm,"Venta de Cortacesped STIHL RMA 460 a bateria Ancho de corte 18""( 46cm). Contamos con amplio catálogo. Asesoría especializada, Envíos a todo Colombia.",2129000,2129000,STIHL,Jardín y forestal,
RMA 235,"Cortacesped STIHL  RMA 235 a bateria Ancho de corte 12""( 33cm)","<h2><strong>Cortadores de césped</strong></h2> <ul> <li><strong>Capacidad recogedor </strong>30 l</li> <li><strong>Revoluciones con cuchilla</strong> 3400 rpm</li> <li><strong>Peso bruto</strong> 17 kg</li> <li><strong>Potencia sonora</strong> 89 dB(A)</li> <li><strong>Nivel de presión sonora medido LpA</strong> 76 dB(A)</li> <li><strong>Guía de vibración</strong> ahw 1,8 m/s²</li> <li><strong>Potencia nominal</strong> 450 W</li> <li><strong>Vibraciones </strong>K 0,9 m/s²</li> </ul>","<p><em>Los productos originales pueden variar ligeramente respecto a las fotos, la información en esta ficha está sujeta a cambios sin previo aviso.</em></p> <h2><strong>Cortacésped</strong></h2> <p><b>STIHL RMA 235 a batería Ancho de corte 12""( 33cm) Altura de corte 2,5-6cm Bolsa 30Litros Empuje motor</b></p> <p>Las ventajas de este cortacésped <strong>STIHL RMA 235</strong> es su ligereza y su fácil manejo. Sobre todo, los jardines pequeños son ideales para este tipo de cortacésped. La energía la pone la batería de litio-iones, la unidad de motor esta activado constantemente con un <strong>modo ECO</strong>, la que procura un corte eficiente en cada momento del césped. Se puede regular hasta en <strong>cinco posiciones la altura de corte del césped</strong>. El recogedor está diseñado para un confort total a la hora de vaciarlo.</p> <ul> <li>Ligero cortacésped de batería con un ancho de corte de 33 cm</li> <li>Para un uso silencioso en superficies de césped pequeñas</li> <li>Máxima eficiencia gracias a la cuchilla optimizada y al modo Eco</li> <li>Ajuste centralizado de la altura del corte en 5 niveles</li> <li>Vaciado sencillo del recogedor de hierba de 30 litros gracias al mecanismo de plegado.</li> </ul> <ul> <li><strong>Guía de vibración</strong> ahw 1,8 m/s²</li> <li><strong>Factor de incertidumbre del nivel de presión sonora</strong> KpA 2 dB(A)</li> <li><strong>Factor de incertidumbre</strong> KWA 1,5 dB(A)</li> <li><strong>Diámetro rueda trasera</strong> 170 mm</li> <li><strong>Velocidad</strong> 3400 U/min</li> <li><strong>Ancho de la máquina</strong> 37 cm</li> <li><strong>Regulador de altura</strong> 5 (central)</li> <li><strong>Altura del dispositivo</strong> 108 cm</li> <li><strong>Tensión nominal</strong> 32 V</li> <li><strong>Diámetro rueda delantera</strong> 140 mm</li> </ul> <p><strong><a href=""https://www.stihl.es/es/tecnologia-stihl/tecnologia-de-bateria/autonomia-tiempos-de-carga"">Conoce aquí los tiempos de carga y autonomía de las baterías stihl</a></strong></p> <p><strong style=""color: #1b1919; font-size: 24px;""><a href=""https://equipmaster.com.co/que-marcas-de-cortacesped-comprar/"">¿Qué Marcas de Cortacésped Comprar?</a></strong></p>",cortacesped-stihl-rma-235-a-bateria-ancho-de-corte-12-33cm,"Venta de Cortacesped STIHL RMA 235 a bateria Ancho de corte 12""( 33cm). Contamos con amplio catálogo. Asesoría especializada, Envíos a todo Colombia.",1099000,1099000,STIHL,Jardín y forestal,
9F-20,Molino de granos secos FARETTY 9F-20 (con diferentes opciones de motor),<h2>Molino pulverizador</h2> <ul> <li><strong>Producción</strong> 150Kg – 180Kg/ Hora</li> <li><strong>Motor requerido</strong> 2Hp eléctrico de 3600RPM</li> <li><strong>Motor requerido</strong> 5Hp gasolina 3600RPM</li> <li><strong>Rotación</strong> 5500R/Min</li> <li><strong>Incluye</strong> 8Martillos giratorios</li> <li>Cuchilla fija y rejilla graduable</li> <li><strong>Peso</strong> 21Kg</li> </ul>,"<p><em>Los productos originales pueden variar ligeramente respecto a las fotos, la información en esta ficha está sujeta a cambios sin previo aviso.</em></p> <h2>Molino de granos secos</h2> <p><b>FARETTY 9F-20 Eficiente para molida de granos secos como maíz, arroz, avena, cebada, sorgo, trigo, frijoles</b> entre otros.</p> <p>Incluye 8 martillos giratorios, cuchilla fija y rejilla graduable. <strong>(no incluye motor)</strong></p> <p>Es una maquina especializada en moler o tritura diferentes tipos de granos con el objetivo de transformarlos en harina fina o gofio a través de su sistema mecánico.</p> <h2><strong><a href=""https://equipmaster.com.co/agro-y-jardin/cuales-son-los-equipos-agricolas-y-cual-es-su-uso/"">¿Cuáles son los equipos agrícolas y cuál es su uso?</a></strong></h2> <p>https://www.youtube.com/watch?v=Pj7cUV2DFCc</p> <p> </p>",molino-de-granos-secos-faretty-9f-20-con-diferentes-opciones-de-motor,"Venta de Molino de granos secos FARETTY 9F-20 Para alimentación de animales , Asesoría especializada. Envíos a todo Colombia.",749000,,FARETTY,Agro y ganadería,
9F-20SM,Molino de granos secos FARETTY 9F-20 ( Sin motor ),<h2>Molino pulverizador</h2> <ul> <li><strong>Producción</strong> 150Kg – 180Kg/ Hora</li> <li><strong>Motor requerido</strong> 2Hp eléctrico de 3600RPM</li> <li>                                      5Hp gasolina 3600RPM</li> <li><strong>Rotación</strong> 5500R/Min</li> <li><strong>Incluye</strong> 8Martillos giratorios</li> <li>Cuchilla fija y rejilla graduable</li> <li><strong>Peso</strong> 21Kg.</li> </ul>,"<p><em>Los productos originales pueden variar ligeramente respecto a las fotos, la información en esta ficha está sujeta a cambios sin previo aviso.</em></p> <h2>Molino de granos secos</h2> <p><b>FARETTY 9F-20 Eficiente para molida de granos secos como maíz, arroz, avena, cebada, sorgo, trigo, frijoles</b> entre otros.</p> <p>Incluye 8 martillos giratorios, cuchilla fija y rejilla graduable. <strong>(no incluye motor)</strong></p> <p>Es una maquina especializada en moler o tritura diferentes tipos de granos con el objetivo de transformarlos en harina fina o gofio a través de su sistema mecánico.</p> <h2><a href=""https://equipmaster.com.co/agro-y-jardin/cuales-son-los-equipos-agricolas-y-cual-es-su-uso/"">¿Cuáles son los equipos agrícolas y cuál es su uso?</a></h2> <p>https://www.youtube.com/watch?v=Pj7cUV2DFCc</p>",molino-de-granos-secos-faretty-9f-20-sin-motor,"Venta de Molino de granos secos FARETTY 9F-20 Para alimentación de animales (no incluye motor), Asesoría especializada. Envíos a todo Colombia.",749000,749000,FARETTY,Agro y ganadería,
BDC704C1-B3,Taladro/PERCUTOR Inalambrico BLACK&DECKER BDC704C1-B3,<h2>Percutor inalambrico</h2> <ul> <li><strong>Tamaño del mandril</strong> 3/8 pulgadas</li> <li><strong>Velocidad</strong> 1400 RPM</li> <li><strong>Potencia</strong> 20 V</li> <li><strong>Alimentación Batería</strong> de litio;Batería recargable</li> <li><strong>Torque</strong> 45 Nm</li> <li><strong>Batería</strong> (1) Batería 20V MAX * Ion Litio – 1.5Ah</li> <li><strong>Voltaje</strong> 20 V.</li> </ul>,"<p><em>Los productos originales pueden variar ligeramente respecto a las fotos, la información en esta ficha está sujeta a cambios sin previo aviso</em></p> <h2><span data-sheets-value=""{""1"":2,""2"":""Taladro PERCUTOR inalambrico""}"">Taladro PERCUTOR inalambrico</span></h2> <p style=""font-weight: 400;""><strong>Taladro/PERCUTOR Inalambrico BLACK&DECKER BDC704C1-B3, 20v ( 1 Bateria de 1.5amp Maleta plastica)</strong></p> <p>De impacto inalambrico 20v 2 velocidades ion litio black and decker, con luz led para iluminar el area de trabajo. 2 rangos de velocidad variable</p> <p><strong>Características</strong></p> <ul> <li>Luz led para iluminar el area de trabajo</li> <li>2 rangos de velocidad variable</li> <li>Bateria de 20 V MAX ion de litio removible</li> <li>11 posiciones de torque que ayudan a evitar que los tornillos se quiebren.</li> </ul>",taladro-percutor-inalambrico-blackdecker-bdc704c1-b3,"Venta de Taladro/PERCUTOR Inalambrico BDC704C1-B3, 20v, contamos con amplio catálogo . Asesoría especializada, Envíos a todo Colombia.",309000,309000,BLACK+DECKER,Herramientas eléctricas,
BDC702C1-B3,Taladro/Atornillador Inalambrico BLACK&DECKER BDC702C1-B3,<h2>Destornillador eléctrico</h2> <ul> <li><strong>Voltaje</strong>: 20 voltios</li> <li><strong> Velocidad</strong>: 0-650/min(rpm)</li> <li><strong> Torque:</strong> 25 Nm (18.4 ft/libra)</li> <li><strong> Mandril:</strong> 3/8 (10mm)</li> <li> <strong>Capacidad de batería:</strong> 1.5 Ah</li> <li><strong> Capacidad de cargador:</strong> 400 mA</li> <li><strong> Batería:</strong> 20V MAX ion de litio removible</li> <li><strong> Tipo de luz:</strong> LED (ilumina el área del proyecto)</li> </ul>,"<p><em>Los productos originales pueden variar ligeramente respecto a las fotos, la información en esta ficha está sujeta a cambios sin previo aviso</em></p> <h2 style=""font-weight: 400;""><strong>Atornillador Inalámbrico </strong></h2> <p style=""font-weight: 400;""><strong>BLACK&DECKER BDC702C1-B3, 20v ( 1 Bateria de 1.5amp Maleta plastica)</strong></p> <p>Posee un diseño<strong> compacto y ligero</strong> para facilitar el acceso a espacios reducidos, posibilitando mejor control y reduciendo la fatiga, tiene además un mango ergonómico y cómodo y cuenta con velocidad variable y reversible. Este taladro trae <strong>batería de iones de litio de 20V máxima </strong>para una excelente potencia y tiempo de funcionamiento y una <strong>luz LED</strong> integrada para ayudar a proporcionar iluminación.</p> <ul> <li>Sistema de impacto para perforaciones en concreto</li> <li>Mango ergonómico y cómodo</li> <li>Compacto y ligero para facilitar el acceso a espacios reducidos, posibilita mejor control y reduce la fatiga.</li> <li>Velocidad variable y reversible.</li> </ul> <p><strong>Características principales:</strong></p> <ul> <li>Sistema de impacto para perforaciones en concreto</li> <li>Mango ergonómico y cómodo</li> <li>Compacto y ligero para facilitar el acceso a espacios reducidos, posibilita mejor control y reduce la fatiga.</li> <li>Velocidad variable y reversible.</li> </ul>",taladro-atornillador-inalambrico-blackdecker-bdc702c1-b3,"Venta de Taladro/Atornillador Inalambrico BLACK&DECKER BDC702C1-B3, 20v, contamos con amplio catálogo . Asesoría especializada, Envíos a todo Colombia.",269000,269000,BLACK+DECKER,Herramientas eléctricas,
4PWP60G 50C16P3C,"BOMBA tipo LAPICERO sumergible multietapas PEARL 5hp 220v 27,1amp","<h2><span data-sheets-value=""{""1"":2,""2"":""Bomba sumergible tipo lapicero""}"" data-sheets-userformat=""{""2"":513,""3"":{""1"":0},""12"":0}"">Bomba sumergible tipo lapicero</span></h2> <ul> <li><strong>Referencia: </strong>4PWP60G 50C16P3C</li> <li><strong>Multietapas</strong> PEARL</li> <li><strong>Potencia: </strong>5Hp</li> <li><strong>Volt/fases: </strong>220/1</li> <li><strong>AMP F.S: </strong>27.2</li> <li><strong>D:  </strong>2 PULG</li> <li><strong>Etapas: </strong>11</li> <li><strong>Hmax: </strong>100m</li> <li><strong>Qmax: </strong>90gpm</li> <li>Aguas Limpias</li> <li>Caudal desde 25 hasta 80 gpm.</li> <li>Altura manométrica hasta 520 ft</li> <li>SXD 2”</li> </ul>","<p><em>Los productos originales pueden variar ligeramente respecto a las fotos, la información en esta ficha está sujeta a cambios sin previo aviso.</em></p> <h2><span data-sheets-value=""{""1"":2,""2"":""Bomba tipo Lapicero ""}"" data-sheets-userformat=""{""2"":513,""3"":{""1"":0},""12"":0}"">Bomba tipo Lapicero </span></h2> <p><strong>4PWP60G 50C16P3C Sumergible multietapas PEARL 5hp (220v 27,1amp) 100mts 340litros/min, (motor refrigerado por agua, no requiere ser encamisado)</strong></p> <p><strong>Características</strong>:</p> <p><strong>Uso continuo</strong>: Las bombas sumergibles PEARL están diseñadas para operar de forma continua sin que ello comprometa la duración de alguno de sus componentes.</p> <p>Sistema de Impulsores Flotantes: Su diseño garantiza el mejor rendimiento y la mayor durabilidad aun en presencia de arena</p> <p>Acople Motor-Bomba tipo NEMA que permite el acople a cualquier motor de 4"".</p> <ul> <li>El eje de las bombas de 19 etapas o menos viene con un soporte superior. El eje de las bombas con más de 19 etapas viene con un soporte superior y un soporte intermedio.</li> <li>Eje, camisa externa, soporte de motor, descarga, válvula check, y acople de motor en acero inoxidable 304.</li> <li>Impulsores en Noryl y difusores en Policarbonato.</li> </ul> <p><strong>Aplicaciones</strong></p> <ul> <li>Se usan en el mercado residencial, industrial y agricultura.</li> <li>Perfectas para aplicaciones en las cuales se necesita incrementar la presión, sistemas de riego y transferencia de agua.</li> <li>Aguas Limpias</li> </ul> <h2><strong><a href=""https://equipmaster.com.co/bombas-y-motobombas/lo-que-debes-saber-antes-de-comprar-una-bomba-sumergible/"">Lo que debes saber antes de Comprar una Bomba Sumergible</a></strong></h2>",bomba-tipo-lapicero-sumergible-multietapas-pearl-5hp-220v-271amp,"Venta de BOMBA tipo LAPICERO sumergible multietapas PEARL 5hp (220v 27,1amp) , Asesoría especializada. Envíos a todo Colombia.",5509000,5509000,PEARL,Bombas y agua,
4PWP35G 30C16P3C,"BOMBA tipo LAPICERO sumergible multietapas PEARL 3hp 220v 16,1amp","<h2><span data-sheets-value=""{""1"":2,""2"":""Bomba sumergible tipo lapicero""}"" data-sheets-userformat=""{""2"":513,""3"":{""1"":0},""12"":0}"">Bomba sumergible tipo lapicero</span></h2> <ul> <li><strong>Multietapas</strong> PEARL</li> <li>Aguas Limpias</li> <li><strong>Caudal desde</strong> 14 hasta 44 gpm.</li> <li><strong>Altura manométrica</strong> hasta 1005 ft.</li> </ul>","<p><em>Los productos originales pueden variar ligeramente respecto a las fotos, la información en esta ficha está sujeta a cambios sin previo aviso.</em></p> <h2><span data-sheets-value=""{""1"":2,""2"":""Bomba tipo Lapicero ""}"" data-sheets-userformat=""{""2"":513,""3"":{""1"":0},""12"":0}"">Bomba tipo Lapicero </span></h2> <p><strong>Sumergible multietapas PEARL 3hp (220v 16,1amp) 128mts 181litros/min, (motor refrigerado por agua, no requiere ser encamisado)</strong></p> <p><strong>Uso continuo:</strong> Las bombas sumergibles PEARL están diseñadas para operar de forma continua sin que ello comprometa la duración de alguno de sus componentes.</p> <p>Sistema de Impulsores Flotantes: Su diseño garantiza el mejor rendimiento y la mayor durabilidad aun en presencia de arena</p> <p>Acople Motor-Bomba tipo NEMA que permite el acople a cualquier motor de 4"".</p> <ul> <li>El eje de las bombas de 19 etapas o menos viene con un soporte superior. El eje de las bombas con más de 19 etapas viene con un soporte superior y un soporte intermedio.</li> <li>Eje, camisa externa, soporte de motor, descarga, válvula check, guadacable y acople de motor en acero inoxidable 304.</li> <li>Impulsores en Noryl y difusores en Policarbonato.</li> </ul> <p><strong>Aplicaciones</strong></p> <ul> <li>Se usan en el mercado residencial, industrial y agricultura.</li> <li>Perfectas para aplicaciones en las cuales se necesita incrementar la presion, sistemas de riego y transferencia de agua.</li> <li>Aguas Limpias</li> </ul> <h2><strong><a href=""https://equipmaster.com.co/bombas-y-motobombas/lo-que-debes-saber-antes-de-comprar-una-bomba-sumergible/"">Lo que debes saber antes de Comprar una Bomba Sumergible</a></strong></h2>",bomba-tipo-lapicero-sumergible-multietapas-pearl-3hp-220v-161amp,"Venta de BOMBA tipo LAPICERO sumergible multietapas PEARL 3hp (220v 16,1amp) , Asesoría especializada. Envíos a todo Colombia.",3375000,3375000,PEARL,Bombas y agua,
4PWP35G 20C16P3C,"BOMBA tipo LAPICERO sumergible multietapas PEARL 2hp 220v 12,2amp","<h2><span data-sheets-value=""{""1"":2,""2"":""Bomba sumergible tipo lapicero""}"" data-sheets-userformat=""{""2"":513,""3"":{""1"":0},""12"":0}"">Bomba sumergible tipo lapicero</span></h2> <ul> <li><strong>Multietapas</strong> PEARL</li> <li>Aguas Limpias</li> <li><strong>Potencia</strong> 2hp</li> <li><strong>SXD</strong> 2”</li> <li><strong>Punto de mejor eficiencia</strong> 75MCA / 25GPM</li> </ul>","<p><em>Los productos originales pueden variar ligeramente respecto a las fotos, la información en esta ficha está sujeta a cambios sin previo aviso.</em></p> <h2><span data-sheets-value=""{""1"":2,""2"":""Bomba tipo Lapicero ""}"" data-sheets-userformat=""{""2"":513,""3"":{""1"":0},""12"":0}"">Bomba tipo Lapicero </span></h2> <p><strong>Sumergible multietapas PEARL 2hp (220v 12,2amp) 92mts 181litros/min, (motor refrigerado por agua, no requiere ser encamisado)</strong></p> <p><strong>Aplicación</strong></p> <ul> <li>Se usan en el mercado residencial, industrial y agrícola.</li> <li>Perfectas para aplicaciones en las cuales se necesita incrementar la presión, sistemas de riego y trasvasado de agua.</li> </ul> <p><strong>Rango de operación</strong></p> <ul> <li>Caudal desde 10 hasta 32 gpm.</li> <li>Altura manométrica hasta 760 ft.</li> </ul> <p><strong> </strong><strong>Características</strong></p> <ul> <li>Uso continuo: Las bombas sumergibles PEARL están diseñadas para operar de forma continua sin que ello comprometa la duración de alguno de sus componentes.</li> <li>Sistema de Impulsores Flotantes: Su diseño garantiza el mejor rendimiento y la mayor durabilidad aun en presencia de arena</li> <li>Acople Motor-Bomba tipo NEMA que permite el acople a cualquier motor de 4"".</li> <li>El eje de las bombas de 19 etapas o menos viene con un soporte superior.</li> <li>El eje de las bombas con mas de 19 etapas viene con un soporte superior y un soporte intermedio.</li> <li>Eje, camisa externa, soporte de motor, descarga, valvula check, guadacable y acople de motor en acero inoxidable 304.</li> <li>Impulsores en Noryl y difusores en Policarbonato.</li> </ul> <h2><strong><a href=""https://equipmaster.com.co/bombas-y-motobombas/lo-que-debes-saber-antes-de-comprar-una-bomba-sumergible/"">Lo que debes saber antes de Comprar una Bomba Sumergible</a></strong></h2>",bomba-tipo-lapicero-sumergible-multietapas-pearl-2hp-220v-122amp,"Venta de BOMBA tipo LAPICERO sumergible multietapas PEARL 2hp (220v 12,2amp) , Asesoría especializada. Envíos a todo Colombia.",2759000,2759000,PEARL,Bombas y agua,
4PWP25G 15C16P3C,"BOMBA tipo LAPICERO sumergible multietapas PEARL 1,5hp 220v 10,3amp","<h2><span data-sheets-value=""{""1"":2,""2"":""Bomba sumergible tipo lapicero""}"" data-sheets-userformat=""{""2"":513,""3"":{""1"":0},""12"":0}"">Bomba sumergible tipo lapicero</span></h2> <ul> <li>Multietapas PEARL</li> <li><strong>Máx. Caudal:</strong> 32 Gpm</li> <li><strong>Potencia:</strong> 1 a 5 Hp</li> <li><strong>Voltaje:</strong> 220v</li> <li><strong>Phase</strong>: 1/3 Fase</li> <li>Aguas Limpias</li> </ul>","<p><em>Los productos originales pueden variar ligeramente respecto a las fotos, la información en esta ficha está sujeta a cambios sin previo aviso.</em></p> <h2><span data-sheets-value=""{""1"":2,""2"":""Bomba tipo Lapicero ""}"" data-sheets-userformat=""{""2"":513,""3"":{""1"":0},""12"":0}"">Bomba tipo Lapicero </span></h2> <p><strong>Sumergible multietapas PEARL 1,5hp (220v 10,3amp) 82mts 121litros/min, (motor refrigerado por agua, no requiere ser encamisado)</strong></p> <p><strong>Aplicación</strong></p> <ul> <li>Se usan en el mercado residencial, industrial y agrícola.</li> <li>Perfectas para aplicaciones en las cuales se necesita incrementar la presión, sistemas de riego y trasvasado de agua.</li> </ul> <p><strong>Rango de operación</strong></p> <ul> <li>Caudal desde 10 hasta 32 gpm.</li> <li>Altura manométrica hasta 760 ft.</li> </ul> <p><strong> </strong><strong>Características</strong></p> <ul> <li>Uso continuo: Las bombas sumergibles PEARL están diseñadas para operar de forma continua sin que ello comprometa la duración de alguno de sus componentes.</li> <li>Sistema de Impulsores Flotantes: Su diseño garantiza el mejor rendimiento y la mayor durabilidad aun en presencia de arena</li> <li>Acople Motor-Bomba tipo NEMA que permite el acople a cualquier motor de 4"".</li> <li>El eje de las bombas de 19 etapas o menos viene con un soporte superior.</li> <li>El eje de las bombas con mas de 19 etapas viene con un soporte superior y un soporte intermedio.</li> <li>Eje, camisa externa, soporte de motor, descarga, valvula check, guadacable y acople de motor en acero inoxidable 304.</li> <li>Impulsores en Noryl y difusores en Policarbonato.</li> </ul> <h2><strong><a href=""https://equipmaster.com.co/bombas-y-motobombas/lo-que-debes-saber-antes-de-comprar-una-bomba-sumergible/"">Lo que debes saber antes de Comprar una Bomba Sumergible</a></strong></h2>",bomba-tipo-lapicero-sumergible-multietapas-pearl-15hp-220v-103amp,"Venta de BOMBA tipo LAPICERO sumergible multietapas PEARL 1.5hp (220v 10,3amp) , Asesoría especializada. Envíos a todo Colombia.",2289000,2289000,PEARL,Bombas y agua,
4PWP25G 10C16P3C,"BOMBA tipo LAPICERO sumergible multietapas PEARL 1hp 220v 7,6amp","<h2><span data-sheets-value=""{""1"":2,""2"":""Bomba sumergible tipo lapicero""}"" data-sheets-userformat=""{""2"":513,""3"":{""1"":0},""12"":0}"">Bomba sumergible tipo lapicero</span></h2> <ul> <li>Multietapas PEARL</li> <li><strong>Caudal desde</strong> 10 hasta 32 gpm.</li> <li><strong>Altura manometrica</strong> hasta 760 ft.</li> <li>Aguas Limpias.</li> </ul>","<p><em>Los productos originales pueden variar ligeramente respecto a las fotos, la información en esta ficha está sujeta a cambios sin previo aviso.</em></p> <h2><span data-sheets-value=""{""1"":2,""2"":""Bomba tipo Lapicero ""}"" data-sheets-userformat=""{""2"":513,""3"":{""1"":0},""12"":0}"">Bomba tipo Lapicero </span></h2> <p><strong>sumergible multietapas PEARL 1hp (220v 7,6amp) 63mts 121litros/min, (motor refrigerado por agua, no requiere ser encamisado)</strong></p> <ul> <li><strong>Aplicacion</strong></li> </ul> <p>Se usan en el mercado residencial, industrial y agricola.<br /> Perfectas para aplicaciones en las cuales se necesita incrementar la presi√≥n, sistemas de riego y trasvasado de agua.</p> <ul> <li><strong>Rango de operación</strong></li> </ul> <p><strong>Caudal</strong> desde 10 hasta 32 gpm.<br /> <strong>Altura manometrica</strong> hasta 760 ft.</p> <ul> <li><strong>Caracteristicas </strong></li> </ul> <p><strong>Uso continuo:</strong> Las bombas sumergibles PEARL estan diseñadas para operar de forma continua sin que ello comprometa la duracion de alguno de sus componentes.</p> <p>Sistema de Impulsores Flotantes: Su diseño garantiza el mejor rendimiento y la mayor durabilidad aun en presencia de arena</p> <p>Acople Motor-Bomba tipo NEMA que permite el acople a cualquier motor de 4"".</p> <ul> <li>El eje de las bombas de 19 etapas o menos viene con un soporte superior. El eje de las bombas con mas de 19 etapas viene con un soporte superior y un soporte intermedio.</li> </ul> <p>Eje, camisa externa, soporte de motor, descarga, valvula check, guadacable y acople de motor en acero inoxidable 304.</p> <p>Impulsores en Noryl y difusores en Policarbonato.</p> <h2><strong><a href=""https://equipmaster.com.co/bombas-y-motobombas/lo-que-debes-saber-antes-de-comprar-una-bomba-sumergible/"">Lo que debes saber antes de Comprar una Bomba Sumergible</a></strong></h2>",bomba-tipo-lapicero-sumergible-multietapas-pearl-1hp-220v-76amp,"Venta de BOMBA tipo LAPICERO sumergible multietapas PEARL 1hp (220v 7,6amp) , Asesoría especializada. Envíos a todo Colombia.",1849000,1849000,PEARL,Bombas y agua,
VPC1-13 15C16S,"Electrobomba multietapas PEARL VPC1-13 15C16S 1,5hp lavaderos de carros","<h2>Electrobombas multietapas</h2> <ul> <li><strong>Potencia</strong> 1,5</li> <li><strong>Energía</strong> 220v</li> <li><strong>Fases</strong> 1</li> <li><strong>Amperaje</strong> 7,2</li> <li><strong>Etapas</strong> 13</li> <li><strong>Succión </strong>1/4″</li> <li><strong>Descarga</strong>1/4″</li> <li><strong>Caudal</strong> 13gpm</li> </ul>","<p><em>Los productos originales pueden variar ligeramente respecto a las fotos, la información en esta ficha está sujeta a cambios sin previo aviso.</em></p> <h2><b>Electrobombas multietapas </b></h2> <p><strong>PEARL VPC 5-12 40H36, 5hp Presión max: 166Mts Caudal Max: 111Litros/min 220-440v Trifasica garantizada para lavaderos de carros</strong></p> <ul> <li>Las series  VPC y VPS son bombas no autocebantes, verticales, multietapas, en línea diseñadas con bridas.</li> <li>Impulsores, difusores y carcasas de presión son de acero inoxidable. El eje de la bomba y del motor tienen acople corto. Para permitir fácil mantenimiento, todas las bombas están equipadas con sello mecánico tipo cartucho.</li> <li>Para suministrar los correctos caudal y  presión requeridos, se ofrecen las series VPC y VPS en diferentes tamaños y números de etapas.</li> </ul> <p><strong>APLICACIONES</strong></p> <ul> <li>Suministro de agua e incremento de presión:</li> <li>Incremento de presión en edificios, hoteles y aplicaciones residenciales.</li> <li>Estaciones para el aumento de presión, redes de suministro de agua.</li> <li>Aumento de presión para el suministro de aguas para uso industrial.</li> </ul> <p><strong> Industria liviana: </strong></p> <ul> <li>Sistemas de lavado y limpieza.</li> <li>Centros de lavado de autos.</li> <li>Sistemas contra incendios.</li> <li>Sistemas para el procesamiento de agua.</li> <li>Maquinas herramienta. (lubricante de refrigeración)</li> </ul> <p><strong> Calefacción, Ventilación y Aire Acondicionado:</strong></p> <ul> <li>Calderas.</li> <li>Calentamiento por inducción.</li> <li>Intercambiadores de calor.</li> <li>Refrigeración.</li> <li>Sistemas y torres de enfriamiento.</li> <li>Sistemas de control de temperatura.</li> </ul> <p> </p> <ul> <li><strong> Irrigación y agricultura:</strong></li> <li>Invernaderos.</li> <li>Riego por aspersión.</li> </ul> <p> </p> <ul> <li><strong> Tratamiento de agua:</strong></li> <li>Sistemas de suavizado y desmineralización de agua.</li> <li>Sistemas de osmosis inversa.</li> <li>Sistemas de destilación.</li> </ul> <p> </p> <p><strong>Filtración:</strong></p> <ul> <li>Sistemas de ultrafiltración.</li> </ul> <p> </p> <p><strong>Sello Mecánico:</strong></p> <ul> <li>Sello mecánico tipo cartucho de carburo de silicio/EPDM ó carburo de silicio/Vitón. Según el tipo de aplicación están disponibles diferentes materiales para el sello y los elastómeros. El sello mecánico tipo cartucho puede ser reemplazado en minutos sin herramientas especiales y sin desensamblar la bomba.</li> </ul> <h2><a href=""https://equipmaster.com.co/como-es-el-funcionamiento-de-las-bombas-de-agua-electricas/""><strong>Funcionamiento de las Bombas de Agua Eléctricas?</strong></a></h2>",electrobomba-multietapas-pearl-vpc1-13-15c16s-15hp-lavaderos-de-carros,Electrobomba multietapas PEARL VPC1-13 15C16S 1.5hp . Envíos a toda Colombia. Asesoría personal especializada. Somos EQUIPMASTER,3795000,3795000,PEARL,Bombas y agua,
VPC 5-12 40H36,"Electrobomba multietapas PEARL VPC 5-12 40H36 5hp, lavaderos de carros",<h2>Electrobombas multietapas</h2> <ul> <li><strong>Presión max:</strong> 166Mts</li> <li><strong> Caudal Max:</strong> 111Litros/min 220-440v</li> <li>Trifasica</li> <li>Garantizada para lavaderos de carros</li> <li>Trabajo pesado en industria y construccion</li> <li>Bomba en acero inoxidable.</li> </ul>,"<p><em>Los productos originales pueden variar ligeramente respecto a las fotos, la información en esta ficha está sujeta a cambios sin previo aviso.</em></p> <h2><b>Electrobombas multietapas </b></h2> <p><strong>PEARL VPC 5-12 40H36, 5hp Presión max: 166Mts Caudal Max: 111Litros/min 220-440v Trifasica garantizada para lavaderos de carros</strong></p> <ul> <li>VPC-VPS 5 - Bombas</li> <li>Máxima eficiencia a 30 gpm</li> </ul> <p><strong>Rango:</strong> 14 - 36 gpm</p> <p><strong>Las series  VPC y VPS son bombas no autocebantes, verticales, multietapas, en línea diseñadas con bridas.</strong></p> <ul> <li>Los impulsores, difusores y carcasas de presión son de acero inoxidable. El eje de la bomba y del motor tienen acople corto. Para permitir fácil mantenimiento, todas las bombas están equipadas con sello mecánico tipo cartucho.</li> <li>Para suministrar los correctos caudal y  presión requeridos, se ofrecen las series VPC y VPS en diferentes tamaños y números de etapas.</li> </ul> <p><strong>Aplicaciones:</strong></p> <ul> <li>Suministro de agua e incremento de presión:</li> <li>Incremento de presión en edificios, hoteles y aplicaciones residenciales</li> <li>Estaciones para el aumento de presión, redes de suministro de agua</li> <li>Aumento de presión para el suministro de aguas para uso industrial</li> </ul> <p><strong> Industria liviana: </strong></p> <ul> <li>Sistemas de lavado y limpieza</li> <li>Centros de lavado de autos</li> <li>Sistemas contra incendios</li> <li>Sistemas para el procesamiento de agua</li> <li>Maquinas herramienta. (lubricante de refrigeración)</li> </ul> <p><strong> Calefacción, Ventilación y Aire Acondicionado:</strong></p> <ul> <li>Calderas</li> <li>Calentamiento por inducción</li> <li>Intercambiadores de calor</li> <li>Refrigeración</li> <li>Sistemas y torres de enfriamiento</li> <li>Sistemas de control de temperatura</li> </ul> <p><strong>Irrigación y agricultura:</strong></p> <ul> <li>Invernaderos.</li> <li>Riego por aspersión.</li> </ul> <p><strong> Tratamiento de agua:</strong></p> <ul> <li>Sistemas de suavizado y desmineralización de agua.</li> <li>Sistemas de osmosis inversa.</li> <li>Sistemas de destilación.</li> </ul> <p><strong>Filtración:</strong></p> <ul> <li>Sistemas de ultrafiltración.</li> </ul> <p><strong>Sello Mecánico:</strong></p> <ul> <li>Sello mecánico tipo cartucho de carburo de silicio/EPDM ó carburo de silicio/Vitón. Según el tipo de aplicación están disponibles diferentes materiales para el sello y los elastómeros. El sello mecánico tipo cartucho puede ser reemplazado en minutos sin herramientas especiales y sin desensamblar la bomba.</li> </ul> <h2><a href=""https://equipmaster.com.co/como-es-el-funcionamiento-de-las-bombas-de-agua-electricas/""><strong>Funcionamiento de las Bombas de Agua Eléctricas?</strong></a></h2>",electrobomba-multietapas-pearl-vpc-5-12-40h36-5hp-lavaderos-de-carros,Electrobomba multietapas PEARL VPC 5-12 40H36 5hp . Envíos a toda Colombia. Asesoría personal especializada. Somos EQUIPMASTER,4539000,4539000,PEARL,Bombas y agua,
GQNM 50-15-60,"Bomba sumergible CALPEDA VORTEX GQNM 50-15-60  2"" 1,5hp 220v monofasica","<h2><span data-sheets-value=""{""1"":2,""2"":""bombas aguas residuales""}"" data-sheets-userformat=""{""2"":1,""3"":{""1"":0}}"">Bombas aguas residuales</span></h2> <ul> <li>Tipo VORTEX, para drenaje de aguas negra</li> <li><strong>Tipo: </strong>aguas negras</li> <li><strong>Tipología:</strong> sumergibles</li> <li><strong>Familia: </strong>sumergibles</li> <li><strong>Temperatura del líquido</strong> de +5 °C a +35° C.</li> <li><strong>Valor pH:</strong> 6-11.</li> <li><strong>Profundidad de inmersión máxima</strong>: 5 m.</li> <li><strong>Profundidad de inmersión mínima</strong>: 275 mm.</li> <li><strong>Servicio continuo</strong> (con el motor sumergido).</li> </ul>","<p><em>Los productos originales pueden variar ligeramente respecto a las fotos, la información en esta ficha está sujeta a cambios sin previo aviso</em></p> <h2><span data-sheets-value=""{""1"":2,""2"":""bomba sumergible aguas sucias""}"" data-sheets-userformat=""{""2"":10241,""3"":{""1"":0,""3"":1},""14"":{""1"":2,""2"":2105636},""16"":11}"">Bomba sumergible aguas sucias</span></h2> <p><strong>CALPEDA VORTEX gqnm 50-15-60 2"" 1,5hp 220v monofasica, Altura Max: 15mts, Caudal max: 700litros/min material de Hierro</strong></p> <p><strong>EJECUCION<br /> </strong>Bombas monorodete sumergible, con rodete tipo bicanal con boca de impulsión vertical roscada G 2”.</p> <ul> <li><strong>Orificios:</strong> Roscados ISO 228/1.</li> <li>Roscados NPT (ANSI/ASME B1.20.1) bajo demanda</li> <li>Cierre mecánico doble en cámara de aceite protegidos contra el funcionamiento en seco</li> </ul> <p><strong>APLICACIONES</strong></p> <ul> <li>Para las descargas civiles e industriales no agresivas para los materiales de la bomba, para aguas sucias con cuerpos solidos hasta ø 50 mm</li> <li>Para el vaciado de locales inundados o tanques</li> <li>Para sacar el agua de pantanos, fosas, pozos para la recogida de aguas pluviales. Para irrigación</li> </ul> <p><strong>LIMITES DE EMPLEO<br /> </strong></p> <ul> <li><strong>Temperatura del líquido</strong> de +5 °C a +35° C</li> <li><strong>Valor pH:</strong> 6-11</li> <li><strong>Profundidad de inmersión máxima</strong>: 5 m</li> <li><strong>Profundidad de inmersión mínima</strong>: 275 mm</li> <li><strong>Servicio continuo</strong> (con el motor sumergido)</li> </ul> <p><strong>MOTOR</strong></p> <ul> <li>Motor a inducción 2 polos, 60 Hz (n = 3450 1/min)</li> </ul> <p><strong>GQN:</strong></p> <ul> <li>trifásico 220 V</li> <li>trifásico 380 V</li> <li>trifásico 440 V</li> <li><strong>Cable:</strong> H07RN-F, longitud 10 m, sin clavija</li> </ul> <p><strong>GQNM</strong>: monofásico 110 V, 127 V, 220 V</p> <ul> <li>con interruptor de nivel</li> <li>con protector térmico sólo para 220V</li> <li>Con condensador incorporado sólo para 220V</li> <li><strong>Cable:</strong> H07RN-F, longitud 10 m, con clavija CEI-UNEL 47166</li> </ul> <p><strong>Aislamiento clase F.</strong></p> <ul> <li>Protección IP X8 (para inmersión continua).</li> <li>Bobinado en seco con triple impregnación resistente a la humedad.</li> <li><strong>Ejecución según:</strong> EN 60034-1;<br /> EN 60335-1, EN 60335-2-41.</li> </ul> <p><strong>Otras ejecuciones bajo demanda:</strong></p> <ul> <li>Otras tensiones</li> <li>Otro sello mecánico</li> <li>Longitud cable 20 m</li> <li>Motor preparado al funcionamiento con convertidor de frecuencia<br /> Bombas trifásicas con interruptor de flotador incorporado</li> </ul> <h2 class=""wd-entities-title title post-title""><strong><a href=""https://equipmaster.com.co/lo-que-debes-saber-antes-de-comprar-una-bomba-sumergible/"">Lo que debes saber antes de Comprar una Bomba Sumergible.</a></strong></h2>",bomba-sumergible-calpeda-vortex-gqnm-50-15-60-2-15hp-220v-monofasica,"Venta de Bomba sumergible VORTEX GQNM 50-15-60 2"" 1,5hp 220v monofasica, Contamos con amplio catálogo. Asesoría especializada, Envíos a todo Colombia.",3129000,3129000,CALPEDA,Bombas y agua,
ML44-HYLDG6000S,Torre de iluminación MASALTA + Planta eléctrica HYUNDAI Diesel 6000W CABINADA,"<h2><strong>Torre de Iluminación Portátil</strong></h2> <ul> <li><strong>Modelo:</strong> ML44</li> <li><strong>Frecuencia:</strong> 60Hz</li> <li><strong><span class=""S1PPyQ"">Iluminación</span>:</strong> <span class=""S1PPyQ"">200W c/u</span></li> <li><strong><span class=""S1PPyQ"">4 Lamparas</span>:</strong> <span class=""S1PPyQ"">( Tegnologia LED)</span></li> <li><strong><span class=""S1PPyQ"">Altura Máx</span>:</strong><span class=""S1PPyQ"">3.7 ( 12.1 )</span></li> </ul> <p><strong>Planta electrica HYUNDAI Diesel</strong></p> <ul> <li><strong>Capacidad tanque:</strong> 12.5L</li> <li><strong>Potencia Max:</strong> 5.5kW</li> <li><strong>Voltaje AC</strong>: 120/240/12DC</li> <li><strong>Fases:</strong> 1</li> <li><strong>Frecuencia:</strong> 60</li> <li><strong>Pot. Continua</strong>: 5kW</li> <li><strong>Cabina:</strong> Si</li> </ul>","<p><em>Los productos originales pueden variar ligeramente respecto a las fotos, la información en esta ficha está sujeta a cambios sin previo aviso.</em></p> <h2><b>Torre de Iluminación</b></h2> <p><b>MASALTA 4 lamparas LED de 200Wcada una, + Planta eléctrica HYUNDAI Diesel 6000W CABINADA, para trabajo de emergencia máximo 5 horas continuas</b></p> <ul> <li><strong>Modelo:</strong> ML44</li> <li><strong>Frecuencia:</strong> 60Hz</li> <li><strong><span class=""S1PPyQ"">Iluminación</span>:</strong> <span class=""S1PPyQ"">200W c/u</span></li> <li><strong><span class=""S1PPyQ"">4 Lamparas</span>:</strong> <span class=""S1PPyQ"">( Tecnología LED)</span></li> <li><strong><span class=""S1PPyQ"">Altura Máx</span>:</strong><span class=""S1PPyQ"">3.7 ( 12.1 )</span></li> <li><span class=""S1PPyQ"">Para trabajo de emergencia máx. 5 horas continuas</span></li> </ul> <p><b>Planta eléctrica HYUNDAI Diesel 6000W Cabinada</b></p> <ul> <li><strong>Capacidad tanque:</strong> 12.5L</li> <li><strong>Potencia Max:</strong> 5.5kW</li> <li><strong>Voltaje AC</strong>: 120/240/12DC</li> <li><strong>Fases:</strong> 1</li> <li><strong>Frecuencia:</strong> 60</li> <li><strong>Pot. Continua</strong>: 5kW</li> <li><strong>Batería:</strong> SI</li> <li><strong>Alarma aceite:</strong> Si</li> <li><strong>Breaker Protector AC</strong>: Si</li> <li><strong>Mofle silencioso:</strong> Si</li> <li><strong>Cabina:</strong> Si</li> </ul> <h2><a href=""https://equipmaster.com.co/plantas-electricas/por-que-usar-torres-de-iluminacion/"">¿Por qué usar Torres de Iluminación?</a></h2> <p><span style=""color: #ffffff;"">planta eléctrica Homecenter</span></p>",torre-de-iluminacion-masalta-planta-electrica-hyundai-diesel-6000w-cabinada,"Venta de Torre de iluminación y Planta electrica HYUNDAI Diesel cabinada, contamos con amplio catálogo en torres de iluminación. Envíos a todo Colombia.",16939000,16939000,MASALTA,Energía,
CA102,Pescante de acero telescópico capacidad de carga 180kg,<h3>Pescante telescópico</h3> <ul> <li><strong>Referencia:</strong> CA102</li> <li><strong>Uso:</strong> separ el cable de acero de la pared y soportar el peso de la plataforma</li> <li><strong>Material</strong>: Acero</li> <li><strong>Capacidad de carga:</strong> 180 kg sin contrapesas</li> </ul>,"<p><em>Los productos originales pueden variar ligeramente respecto a las fotos, la información en esta ficha está sujeta a cambios sin previo aviso.</em></p> <h2><strong>Pescante de acero</strong></h2> <p><strong>CA102 Telescópico capacidad de carga 180kg</strong></p> <ul> <li>Superficie totalmente lisa y plana para colocación de las bases del pescante. Resistencia de la superficie: esta debe ser de concreto reforzado.</li> <li>Apto para realizar labores de mantenimiento utilizar con mínimo 12 contrapesas de 15kg</li> </ul>",pescante-de-acero-telescopico-capacidad-de-carga-180kg,"Venta de Pescante de acero telescópico capacidad de carga 180kg, Asesoría especializada. Envíos a todo Colombia.",3289000,3289000,,Construcción,
CA103-2,Pescante de acero tipo tigre capacidad de carga 350kg,"<h3>Pescante <strong>Tipo tigre</strong></h3> <ul> <li><strong>Referencia:</strong> CA103-2</li> <li><strong>Uso:</strong> para montaje con anclajes a diversos tipos de amarre a columnas, vigas o placas.</li> <li><strong>Material</strong>: Acero</li> <li><strong>Capacidad de carga:</strong> 350Kg</li> </ul>","<p><em>Los productos originales pueden variar ligeramente respecto a las fotos, la información en esta ficha está sujeta a cambios sin previo aviso.</em></p> <h2><strong>Pescante de acero</strong></h2> <p><strong>CA103-2 Tipo tigre capacidad de carga 350kg</strong></p> <p>Requiere ser fijado a un antepecho estructural y asegurado por medio de la rótula giratoria que genera presión en ambos lados del antepecho lo cual deja completamente asegurado el pescante. Se requiere punto de anclaje para asegurar la guaya</p>",pescante-de-acero-tipo-tigre-capacidad-de-carga-350kg,"Venta de Pescante de acero tipo tigre capacidad de carga 350kg, Asesoría especializada. Envíos a todo Colombia.",649000,649000,,Construcción,
CA108,Pescante de acero tipo cercha capacidad de carga 197kg,"<h3>Pescante tipo cercha</h3> <ul> <li><strong>Referencia:</strong> CA108</li> <li><strong>Uso:</strong> Para montaje con anclajes a diversos tipos de amarre a columnas, vigas o placas</li> <li><strong>Material</strong>: Acero</li> <li><strong>Capacidad de carga:</strong> 197Kg</li> </ul>","<p><em>Los productos originales pueden variar ligeramente respecto a las fotos, la información en esta ficha está sujeta a cambios sin previo aviso.</em></p> <h2><strong>Pescante de acero</strong></h2> <p><strong>CA108 Tipo cercha capacidad de carga 197kg</strong></p> <ul> <li>Superficie totalmente lisa y plana para Colocación de las bases del pescante.</li> <li><strong>Resistencia de la superficie:</strong> esta debe ser De concreto reforzado. Apto para</li> <li>Realizar labores de mantenimiento.</li> <li>Cuando el pescante es utilizado en Antepechos se deben utilizar Contrapesas, si el pescante va sobre el Piso se aconseja usar paral</li> </ul>",pescante-de-acero-tipo-cercha-capacidad-de-carga-197kg,"Venta de Pescante de acero tipo cercha capacidad de carga 197kg, Asesoría especializada. Envíos a todo Colombia.",599000,599000,,Construcción,
CA106,Pescante de acero tipo vigueta capacidad de carga 142kg,<h3>Pescante tipo vigueta</h3> <ul> <li><strong>Referencia:</strong> CA106</li> <li><strong>Uso:</strong> separ el cable de acero de la pared y soportar el peso de la plataforma</li> <li><strong>Material</strong>: Acero</li> <li><strong>Capacidad de carga:</strong> 142Kg</li> </ul>,"<p><em>Los productos originales pueden variar ligeramente respecto a las fotos, la información en esta ficha está sujeta a cambios sin previo aviso.</em></p> <h2><strong>Pescante de acero</strong></h2> <p><strong>CA106  Tipo vigueta capacidad de carga 142kg</strong></p> <p>Superficie totalmente lisa y plana para colocación de las bases del pescante. Resistencia de la superficie: esta debe ser de concreto reforzado. Apto para realizar labores de mantenimiento. Cuando el pescante es utilizado en antepechos se deben utilizar contrapesas, si el pescante va sobre el piso se aconseja usar paral</p>",pescante-de-acero-tipo-vigueta-capacidad-de-carga-142kg,"Venta de Pescante de acero tipo vigueta capacidad de carga 142kg, Asesoría especializada. Envíos a todo Colombia.",899000,899000,,Construcción,
CA105,Pescante de acero tipo esquinero capacidad de carga 96kg,"<h3>Pescante tipo esquinero</h3> <ul> <li><strong>Referencia: </strong>CA105</li> <li><strong>Uso: </strong>Para montaje con anclajes a diversos tipos de amarre a columnas, vigas o placas</li> <li><strong>Material</strong>: Acero</li> <li><strong>Capacidad <u>de</u> carga:</strong> 96Kg</li> </ul>","<p><em>Los productos originales pueden variar ligeramente respecto a las fotos, la información en esta ficha está sujeta a cambios sin previo aviso.</em></p> <h2><strong>Pescante de acero</strong></h2> <p><strong>CA105 Ttpo mampara capacidad de carga 103kg</strong></p> <ul> <li>Ubicar el pescante en el lugar donde será Fijado.</li> <li>Debe ser anclado a las pantallas de Concreto, no de bloque o ladrillo.</li> <li>Se ancla con tornillos pasantes, por el Agujero del negativo que deja la formaleta</li> <li>En la pantalla de concreto.</li> </ul>",pescante-de-acero-tipo-esquinero-capacidad-de-carga-96kg,"Venta de Pescante de acero tipo esquinero capacidad de carga 96kg, Asesoría especializada. Envíos a todo Colombia.",569000,569000,,Construcción,
CA104,Pescante de acero tipo mampara capacidad de carga 103kg,"<h3>Pescante tipo mampara</h3> <ul> <li><strong>Referencia:</strong> CA104</li> <li><strong>Uso:</strong> Para montaje con anclajes a diversos tipos de amarre a columnas, vigas o placas</li> <li><strong>Material </strong>Acero</li> <li><strong>Capacidad de carga</strong> 103 Kg</li> </ul>","<p><em>Los productos originales pueden variar ligeramente respecto a las fotos, la información en esta ficha está sujeta a cambios sin previo aviso.</em></p> <h2><strong>Pescante de acero</strong></h2> <p><strong>CA104 Ttpo mampara capacidad de carga 103kg</strong></p> <p>Se debe anclar a muro estructural por medio de tornillo pasante y asegurado con arandela en la parte superior e inferior del pescante.</p> <p> </p>",pescante-de-acero-tipo-mampara-capacidad-de-carga-103kg,"Venta de Pescante de acero tipo mampara capacidad de carga 103kg, Asesoría especializada. Envíos a todo Colombia.",439000,439000,,Construcción,
CA103,Pescante de acero tipo tigre capacidad de carga 55kg,"<h3><strong>Pescante tipo tigre</strong></h3> <ul> <li><strong>Referencia:</strong> CA103</li> <li>para montaje con anclajes a diversos tipos de amarre a columnas, vigas o placas.</li> <li><strong>Material </strong>Acero</li> <li><strong>Capacidad de carga</strong> 55 Kg</li> </ul>","<p><em>Los productos originales pueden variar ligeramente respecto a las fotos, la información en esta ficha está sujeta a cambios sin previo aviso.</em></p> <h2><strong>Pescante de acero</strong></h2> <p><strong>CA103 Tipo tigre capacidad de carga 55kg</strong></p> <ul> <li>Requiere ser fijado a un antepecho o Una placa de concreto y asegurado con</li> <li>Chazos de seguridad en cada uno de sus Agujeros. Se requiere punto de anclaje para Asegurar la guaya</li> </ul>",pescante-de-acero-tipo-tigre-capacidad-de-carga-55kg,"Venta de Pescante de acero tipo tigre capacidad de carga 55kg, Asesoría especializada. Envíos a todo Colombia.",369000,369000,,Construcción,
CA101,Pescante de acero tipo brida capacidad de carga 110kg,<h2><strong>Pescante tipo brida</strong></h2> <ul> <li><strong>Referencia:</strong> CA101</li> <li><strong>Uso</strong>: separ el cable de acero de la pared y soportar el peso de la plataforma</li> <li><strong>Material </strong>Acero</li> <li><strong>Capacidad de carga</strong> 110 kg</li> </ul>,"<p><em>Los productos originales pueden variar ligeramente respecto a las fotos, la información en esta ficha está sujeta a cambios sin previo aviso.</em></p> <h2><strong>Pescante de acero</strong></h2> <p><strong>CA101 Tipo brida capacidad de carga 110kg</strong></p> <p>El soporte de fijación se ensambla a ambos lados en la pared del edificio</p> <p>Afuera colgará la plataforma suspendida y adentro es el mecanismo de fijación. Este mecanismo se sujetará a la pared de forma estable.</p>",pescante-de-acero-tipo-brida-capacidad-de-carga-110kg,"Venta de Pescante de acero tipo brida capacidad de carga 110kg, Asesoría especializada. Envíos a todo Colombia.",649000,649000,,Construcción,
KL 160,Peletizadora de alimento FARETTY KL 160 Para alimentación de animales (con diferentes opciones de motor),<h2><strong>Peletizador</strong></h2> <ul> <li><strong>Producción en pellet</strong> 120 a 180 Kg/Hora</li> <li><strong>Potencia requerida eléctrica</strong> 3Hp a 5hp 3600 rpm 220v</li> <li><strong>Potencia requerida gasolina</strong>5 Hp a 15hp 3600 rpm</li> <li><strong>Potencia requerida diésel</strong> 10 Hp a 13hp 3600 rpm</li> <li><strong>Rotación de peletizadora</strong> 360 Rpm</li> <li><strong>Material de peletizadora</strong> hierro</li> <li><strong>Rodillos de prensado</strong> 3 en acero</li> <li><strong>Discos de pellets</strong> acero templado</li> <li><strong>Piñones de caja </strong>hierro</li> <li><strong>Polea peletizadora</strong> 8” en hierro</li> <li><strong>Capacidad aceite</strong> caja 1 galón valvulina</li> <li><strong>Peso sin motor:</strong> 68Kg</li> <li><strong>Incluye:</strong> disco de 4mm y disco de 6mm</li> </ul>,"<p><em>Los productos originales pueden variar ligeramente respecto a las fotos, la información en esta ficha está sujeta a cambios sin previo aviso.</em></p> <h2><strong>Peletizadora de Alimento</strong></h2> <p><strong>FARETTY KL 160 S/M Para alimentación de animales (no incluye motor)</strong></p> <p>Ventajas de alimentarlas con suplementos y concentrados realizados con la peletizadora desde la finca</p> <ul> <li>Excelente fuente de proteínas de alta digestibilidad</li> <li>Aumenta producción gracias a la proporción de alimento de alta calidad</li> <li>Brinda una nutrición mas equilibrada y es fácil de almacenar y transportar</li> <li>Mejora la calidad de la leche debido a la absorción de nutrientes</li> <li>Acabado exacto</li> <li>Excelente consistencia</li> </ul> <p><b>¿Cómo</b><strong> funciona?</strong></p> <p>Para hacer pellet consta de un rodillo prensante que realiza un proceso de extrusión: Contenido dentro de un elemento cilíndrico llamado trefiladora de compresión que comprime el material y determina la salida a través de matrices perforadas que se encuentran a lo largo de las paredes de la trefiladora.</p> <h2><a href=""https://equipmaster.com.co/agro-y-jardin/que-son-las-peletizadoras-de-alimento/"">Conoce aquí el beneficios de las peletizadoras</a></h2> <p>https://www.youtube.com/watch?v=3NkAoBKHXyI</p>",peletizadora-de-alimento-faretty-kl-160-para-alimentacion-de-animales-con-diferentes-opciones-de-motor,"Venta dePeletizadora de alimento FARETTY KL 160 S/M Para alimentación de animales, Asesoría especializada. Envíos a todo Colombia.",5629000,,FARETTY,Agro y ganadería,
KL 160 S/M,Peletizadora de alimento FARETTY KL 160 S/M Para alimentación de animales (Sin motor),<h2><strong>Peletizador</strong></h2> <ul> <li><strong>Producción en pellet</strong> 120 a 180 Kg/Hora</li> <li><strong>Rotación de peletizadora</strong> 360 Rpm</li> <li><strong>Material de peletizadora</strong> hierro</li> <li><strong>Rodillos de prensado</strong> 3 en acero</li> <li><strong>Discos de pellets</strong> acero templado</li> <li><strong>Piñones de caja </strong>hierro</li> <li><strong>Polea peletizadora</strong> 8” en hierro</li> <li><strong>Capacidad aceite</strong> caja 1 galón valvulina</li> <li><strong>Incluye:</strong> disco de 4mm y disco de 6mm</li> <li></li> </ul>,"<p><em>Los productos originales pueden variar ligeramente respecto a las fotos, la información en esta ficha está sujeta a cambios sin previo aviso.</em></p> <h2><strong>Peletizadora de Alimento</strong></h2> <p><strong>FARETTY KL 160 S/M Para alimentación de animales (no incluye motor)</strong></p> <p>Ventajas de alimentarlas con suplementos y concentrados realizados con la peletizadora desde la finca</p> <ul> <li>Excelente fuente de proteínas de alta digestibilidad</li> <li>Aumenta producción gracias a la proporción de alimento de alta calidad</li> <li>Brinda una nutrición mas equilibrada y es fácil de almacenar y transportar</li> <li>Mejora la calidad de la leche debido a la absorción de nutrientes</li> <li>Acabado exacto</li> <li>Excelente consistencia</li> </ul> <p><strong>¿Como funciona?</strong></p> <p>Para hacer pellet consta de un rodillo prensante que realiza un proceso de extrusión: Contenido dentro de un elemento cilíndrico llamado trefiladora de compresión que comprime el material y determina la salida a través de matrices perforadas que se encuentran a lo largo de las paredes de la trefiladora.</p> <h2><a href=""https://equipmaster.com.co/agro-y-jardin/que-son-las-peletizadoras-de-alimento/"">Conoce aquí el beneficios de las peletizadoras</a></h2> <p>https://www.youtube.com/watch?v=3NkAoBKHXyI</p>",peletizadora-de-alimento-faretty-kl-160-s-m-para-alimentacion-de-animales-sin-motor,"Venta dePeletizadora de alimento FARETTY KL 160 S/M Para alimentación de animales (no incluye motor), Asesoría especializada. Envíos a todo Colombia.",5629000,5629000,FARETTY,Agro y ganadería,
GQSM 50-15-60,"Bomba sumergible CALPEDA VORTEX GQSM 50-15-60 2"" 2hp 220v Monofasica","<h2><span data-sheets-value=""{""1"":2,""2"":""bombas aguas residuales""}"" data-sheets-userformat=""{""2"":1,""3"":{""1"":0}}"">Bombas aguas residuales</span></h2> <ul> <li>Tipo VORTEX, para drenaje de aguas negra</li> <li><strong>Tipo: </strong>aguas negras</li> <li><strong>Tipología:</strong> sumergibles</li> <li><strong>Familia: </strong>sumergibles</li> <li><strong>Potencia</strong> 2hp</li> <li><strong>Voltaje</strong> 220v</li> <li><strong>Fases</strong> 1</li> <li><strong>AMP</strong>5</li> <li><strong>S X D</strong> 2”</li> <li><strong>Hmax</strong>5m</li> <li><strong>Qmax</strong> 600LPM</li> </ul>","<p><em>Los productos originales pueden variar ligeramente respecto a las fotos, la información en esta ficha está sujeta a cambios sin previo aviso</em></p> <h2><span data-sheets-value=""{""1"":2,""2"":""bomba sumergible aguas sucias""}"" data-sheets-userformat=""{""2"":10241,""3"":{""1"":0,""3"":1},""14"":{""1"":2,""2"":2105636},""16"":11}"">Bomba sumergible aguas sucias</span></h2> <p><strong>CALPEDA VORTEX GQSM 50-15-60 2"" 2hp 220v Monofasica, Altura Max: 15,5mts, Caudal max: 600litros/min material de Hierro</strong></p> <p>Bombas monorodete sumergible, con rodete tipo vortex.<br /> <strong>GQS:</strong> con boca de impulsión vertical roscada G 2”.<br /> Cierre mecánico doble en cámara de aceite protegidos contra el funcionamiento en seco.</p> <p><strong>APLICACIONES</strong></p> <p>Para las descargas civiles e industriales no agresivas para los materiales de la bomba, para aguas sucias con cuerpos solidos hasta ø 50 mm.<br /> Para el vaciado de locales inundados o tanques.<br /> Para sacar el agua de pantanos, fosas, pozos para la recogida de aguas pluviales.<br /> Para irrigación.</p> <p><strong>LIMITES DE EMPLEO</strong></p> <p>Temperatura del líquido hasta 35° C.<br /> Valor pH: 6-11.<br /> Profundidad de inmersión máxima: 5 m.<br /> Profundidad de inmersión mínima: 260 mm.<br /> Servicio continuo (con el motor sumergido).</p> <p><strong>MOTOR</strong></p> <p>Motor a inducción 2 polos, 50 Hz (n = 2900 1/min).<br /> Aislamiento clase F.<br /> Protección IP X8 (para inmersión continua).<br /> Bobinado en seco con triple impregnación resistente a la humedad.<br /> Ejecución según: EN 60034-1.<br /> EN 60335-1, EN 60335-2-41.</p> <p><strong>OTRAS EJECUCION BAJO DEMANDA</strong></p> <p>- Otras tensiones.<br /> - Frecuencia 50 Hz.<br /> - Otro sello mecánico.<br /> - Longitud cable 20 m.<br /> - Bombas trifásicas con interruptor de flotador incorporado.<br /> - Motor preparado al funcionamiento con convertidor de frecuencia.</p> <h2 class=""wd-entities-title title post-title""><strong><a href=""https://equipmaster.com.co/lo-que-debes-saber-antes-de-comprar-una-bomba-sumergible/"">Lo que debes saber antes de Comprar una Bomba Sumergible.</a></strong></h2>",bomba-sumergible-calpeda-vortex-gqsm-50-15-60-2-2hp-220v-monofasica,"Venta de Bomba sumergible VORTEX GQSM 50-15-60 2"" 2hp 220v Monofasica, Contamos con amplio catálogo. Asesoría especializada, Envíos a todo Colombia.",3399000,3399000,CALPEDA,Bombas y agua,
JCP 15F16S,"Bomba electrica autocebante JET PEARL JCP 15F16S 0,5hp presion max:56mts","<h2><strong>Electrobombas autocebantes “JET”</strong></h2> <ul> <li><strong>Potencia</strong> 0,5hp</li> <li><strong>Voltaje</strong> 110 – 220V</li> <li><strong>Fases</strong> 1</li> <li><strong>Amp</strong> 17/8.5</li> <li><strong>SxD</strong> 1.1/4* x 1″</li> <li><strong>Hmá</strong>x 56mm</li> <li><strong>Qmáx</strong> 100LPM</li> </ul>","<p><em>Los productos originales pueden variar ligeramente respecto a las fotos, la información en esta ficha está sujeta a cambios sin previo aviso.</em></p> <h2><b>Bomba eléctrica </b></h2> <p><strong>Autocebante JET PEARL JCP 15F16S 0,5hp presion max:56mts Caudal Max:100litros/min 110-220v Monofasica</strong></p> <p>Pueden ser usadas para bombear agua limpia u otros líquidos similares al agua en propiedades físicas y químicas. Recomendada para suministro de agua en hogares, edificios y la industria, en sistemas hidroneumáticos, aspiración de pozos someros, en sistemas de riego agrícola y comercial, etc.</p> <p><strong>CARACTERISTICAS DE LA BOMBA</strong></p> <ul> <li>Cuerpo de bomba en hierro fundido</li> <li>Soporte de bomba en aluminio</li> <li>Impulsor centrífugo cerrado en acero inoxidable AISI 304</li> <li>Eje en acero inoxidable AISI 304</li> <li>Máxima temperatura del líquido: 40 °C</li> <li>Capacidad de succión a nivel del mar: 9 m</li> <li>Sello mecánico en cerámica y grafito, con elastómero en NBR</li> </ul> <p> </p> <p><strong>CARACTERISTICAS DEL MOTOR</strong></p> <ul> <li>Motor de inducción cerrado con bobinado en cobre</li> <li>Aislamiento clase F</li> <li>Protección IPX4</li> <li>Temperatura máxima de ambiente: 40 °C</li> <li>Monofásico 110 V - 110/220 V - 220 V. Según requisición 60 Hz, 3450 rpm</li> <li>Protección térmica incorporada para motores monofásicos hasta 2 hp.</li> <li>Trifásico 220/440 V, 60 Hz, 3450 rpm</li> <li>Disponibles en versiones a 50 Hz</li> <li>Selector de voltaje para bombas monofásicas hasta 1,5 hp.</li> </ul> <h2><a href=""https://equipmaster.com.co/como-es-el-funcionamiento-de-las-bombas-de-agua-electricas/""><strong>¿Cómo es el Funcionamiento de las Bombas de Agua Eléctricas?</strong></a></h2>",bomba-electrica-autocebante-jet-pearl-jcp-15f16s-05hp-presion-max56mts,"Venta de Bomba autocebante JET PEARL JCP 15F16S 0,5hp presion max:56mts Caudal Max:100litros/min 110-220v , Asesoría especializada. Envíos a todo Colombia.",1219000,1219000,PEARL,Bombas y agua,
JSP 05A16S,"Bomba electrica autocebante JET PEARL JSP 05A16S 0,5hp presion max:41mts","<h2><strong>Electrobombas autocebantes “JET”</strong></h2> <ul> <li><strong>Potencia</strong> 0,5hp</li> <li><strong>Voltaje</strong> 110V</li> <li><strong>Fases</strong> 1</li> <li><strong>Amp</strong> 6,5</li> <li><strong>SxD</strong> 1″ x1″</li> <li><strong>Hmá</strong>x 41mm</li> <li><strong>Qmáx</strong> 45LPM</li> </ul>","<p><em>Los productos originales pueden variar ligeramente respecto a las fotos, la información en esta ficha está sujeta a cambios sin previo aviso.</em></p> <h2><b>Bomba eléctrica </b></h2> <p><strong>Autocebante JET PEARL JSP 05A16S 0,5hp presion max:41mts Caudal Max:45litros/min 110v Monofasica</strong></p> <p>Pueden ser usadas para bombear agua limpia u otros líquidos similares al agua en propiedades físicas y químicas. Recomendada para suministro de agua en hogares, edificios y la industria, en sistemas hidroneumáticos, aspiración de pozos someros, en sistemas de riego agrícola y comercial, tratamiento de agua, envasadoras de agua, etc.</p> <p><strong>CARACTERISTICAS DE LA BOMBA</strong></p> <ul> <li>Cuerpo de bomba en acero inoxidable AISI 304</li> <li>Soporte de bomba en aluminio</li> <li>Impulsor centrífugo cerrado en acero inoxidable AISI 304</li> <li>Eje en acero inoxidable AISI 304</li> <li>Máxima temperatura del líquido: 40°C</li> <li>Capacidad de succión a nivel del mar: 9 m</li> <li>Sello mecánico en cerámica y grafi to, con elastómero en NBR</li> </ul> <p><strong>CARACTERISTICAS DEL MOTOR</strong></p> <ul> <li>Motor de inducción cerrado con bobinado en cobre.</li> <li>Aislamiento clase F</li> <li>Protección IPX4</li> <li>Temperatura máxima de ambiente: 40 °C</li> <li>Monofásico 110 V - 110/220 V - 220 V. Según requisición 60 Hz, 3450 rpm</li> <li>Protección térmica incorporada para motores monofásicos hasta 2 hp.</li> <li>Trifásico 220/440 V, 60 Hz, 3450 rpm</li> <li>Disponibles en versiones a 50 Hz</li> <li>Selector de voltaje para bombas monofásicas hasta 1,5 hp.</li> </ul> <h2><a href=""https://equipmaster.com.co/como-es-el-funcionamiento-de-las-bombas-de-agua-electricas/""><strong>¿Cómo es el Funcionamiento de las Bombas de Agua Eléctricas?</strong></a></h2>",bomba-electrica-autocebante-jet-pearl-jsp-05a16s-05hp-presion-max41mts,"Venta de Bomba autocebante JET PEARL JSP 05A16S 0,5hp presion max:41mts Caudal Max:45litros/min 110v , Asesoría especializada. Envíos a todo Colombia.",539000,539000,PEARL,Bombas y agua,
PG400T,Pulidora de piso HUSQVARNA PG400T motor electrico 220V Trifasico 400mm,"<h2><strong>Amoladora de piso</strong></h2> <ul> <li class=""hui-tech-data-table-top-spec__spec-row""><b>Trifasico</b></li> <li><strong>Potencia</strong> 4 kW</li> <li class=""hui-tech-data-table-top-spec__spec-row""><strong>Anchura de pulido</strong> 400 mm</li> <li class=""hui-tech-data-table-top-spec__spec-row""><strong>Peso</strong> 110 kg</li> </ul>","<p><em>Los productos originales pueden variar ligeramente respecto a las fotos la información en esta ficha está sujeta a cambios sin previo aviso.</em></p> <h2><strong>Pulidoras de Piso </strong></h2> <p><strong>HUSQVARNA PG400T motor electrico 220V Trifasico 400mm</strong></p> <p>Máquina de preparación y acabado de suelo versátil y productiva que puede emplearse para una amplia gama de servicios. Con una anchura de pulido de 400 mm, pule de manera eficiente adhesivos, pintura, resina epoxi y masilla en grandes superficies de cemento. PG 400T es sencilla de transportar gracias a su estructura compacta y plegable. La máquina está diseñada para facilitar una posición ergonómica de trabajo y es sencilla y práctica de usar.</p> <p><strong>Contador de horas</strong></p> <p>Posibilidad de registrar las horas de funcionamiento</p> <p><strong>Posición de trabajo ergonómica</strong></p> <p>El manillar regulable y bloqueable, así como el ajuste de altura y de tres niveles del bastidor, permiten regular la herramienta hasta alcanzar una posición ergonómica de forma sencilla</p> <p><strong>Contador de horas</strong></p> <p>Posibilidad de registrar las horas de funcionamiento</p> <p><strong>Eficiente gestión del polvo</strong></p> <p>Una cubierta autoajustable flotante con cepillo sigue la superficie y le da un sello hermético para evitar la entrada de polvo en el entorno de trabajo</p>",pulidora-de-piso-husqvarna-pg400t-motor-electrico-220v-trifasico-400mm,Venta de Pulidora de piso HUSQVARNA PG400T motor electrico 220V Trifasico 400mm . Envios a todo Colombia. Asesoria especializada.,15919000,15919000,HUSQVARNA,Herramientas eléctricas,
PG450,Pulidora de piso HUSQVARNA PG450 motor electrico 220V Monofasico 450mm,<h2><strong>Amoladora de piso</strong></h2> <ul> <li><strong>Fases</strong> 1 ph</li> <li><strong>Anchura de pulido</strong> 450 mm</li> <li><strong>Peso</strong> 109 kg</li> </ul>,"<p><em>Los productos originales pueden variar ligeramente respecto a las fotos la información en esta ficha está sujeta a cambios sin previo aviso.</em></p> <h2><strong>Pulidoras de Piso </strong></h2> <p><strong>HUSQVARNA PG450 motor electrico 220V Monofasico 450mm</strong></p> <p>Máquina de preparación y acabado de superficies versátil y fácil de usar. Perfecta para una amplia gama de trabajos como, por ejemplo, la extracción del revestimiento o para el pulido del hormigón. Es adecuada también para utilizarla con Husqvarna Superfloor™. Con una anchura de pulido de 450 mm es excelente tanto para pequeñas superficies donde es difícil llegar como para las superficies más grandes. Es ideal para el alquiler y para trabajos profesionales y semiprofesionales debido a sus muchos beneficios autoajustables. Es monofásica, lo que significa que es adecuada para trabajos industriales y domésticos. Se puede plegar fácilmente y se separa sin la necesidad de herramientas para el transporte y almacenamiento.</p> <ul> <li>Elevada versatilidad</li> <li>Fácil de transportar y de instalar</li> <li>Fácil de usar</li> <li>Eficiente gestión del polvo</li> <li>Ahorro de tiempo en el cambio de las herramientas</li> <li>Posición de trabajo ergonómica</li> <li>Contador de horas</li> <li>Redi Lock®</li> </ul> <p><strong>Posición de trabajo ergonómica</strong></p> <p>El manillar regulable y bloqueable, así como el ajuste de altura y de tres niveles del bastidor, permiten regular la herramienta hasta alcanzar una posición ergonómica de forma sencilla</p> <p><strong>Contador de horas</strong></p> <p>Posibilidad de registrar las horas de funcionamiento</p> <p><strong>Eficiente gestión del polvo</strong></p> <p>Una cubierta autoajustable flotante con cepillo sigue la superficie y le da un sello hermético para evitar la entrada de polvo en el entorno de trabajo.</p>",pulidora-de-piso-husqvarna-pg450-motor-electrico-220v-monofasico-450mm,Venta de Pulidora de piso HUSQVARNA PG450 motor electrico 220V Monofasico 450mm. Envios a todo Colombia. Asesoria especializada.,32369000,32369000,HUSQVARNA,Herramientas eléctricas,
PG400,Pulidora de piso HUSQVARNA PG400 motor electrico 220V Monofasico 400mm,"<h2><strong>Amoladora de piso</strong></h2> <ul> <li class=""hui-tech-data-table-top-spec__spec-row""><strong>Monofasica</strong></li> <li class=""hui-tech-data-table-top-spec__spec-row""><strong>Potencia</strong> 4 kW</li> <li class=""hui-tech-data-table-top-spec__spec-row""><strong>Fases</strong> 1ph</li> <li class=""hui-tech-data-table-top-spec__spec-row""><strong>Anchura de pulido</strong> 400 mm</li> <li class=""hui-tech-data-table-top-spec__spec-row""><strong>Peso</strong> 110 kg</li> </ul>","<p><em>Los productos originales pueden variar ligeramente respecto a las fotos la información en esta ficha está sujeta a cambios sin previo aviso.</em></p> <h2><strong>Pulidoras de Piso </strong></h2> <p><strong>HUSQVARNA PG400 motor electrico 220V Monofasico 400mm</strong></p> <p>Máquina de preparación y acabado de suelo versátil y productiva que puede emplearse para una amplia gama de servicios. Con una anchura de pulido de 400 mm, pule de manera eficiente adhesivos, pintura, resina epoxi y masilla en grandes superficies de cemento. PG 400 es sencilla de transportar gracias a su estructura compacta y plegable. La máquina está diseñada para facilitar una posición ergonómica de trabajo y es sencilla y práctica de usar.</p> <p><strong>Contador de horas</strong></p> <p>Posibilidad de registrar las horas de funcionamiento</p> <p><strong>Posición de trabajo ergonómica</strong></p> <p>El manillar regulable y bloqueable, así como el ajuste de altura y de tres niveles del bastidor, permiten regular la herramienta hasta alcanzar una posición ergonómica de forma sencilla</p> <p><strong>Contador de horas</strong></p> <p>Posibilidad de registrar las horas de funcionamiento</p> <p><strong>Eficiente gestión del polvo</strong></p> <p>Una cubierta autoajustable flotante con cepillo sigue la superficie y le da un sello hermético para evitar la entrada de polvo en el entorno de trabajo</p>",pulidora-de-piso-husqvarna-pg400-motor-electrico-220v-monofasico-400mm,Venta de Pulidora de piso HUSQVARNA PG400 motor electrico 220V Monofasico 400mm . Envios a todo Colombia. Asesoria especializada.,15919000,15919000,HUSQVARNA,Herramientas eléctricas,
PG280,Pulidora de piso HUSQVARNA PG280 motor electrico 220V Monofasico 280mm,<h2><strong>Amoladora de piso</strong></h2> <ul> <li><strong>Ratio de potencia de entrada</strong> 2 kW</li> <li><strong>Corriente</strong> 13 A</li> <li><strong>Voltaje</strong> 220-240 V</li> <li><strong>Fases</strong> 1ph</li> <li><strong>Motor</strong> 3hp</li> <li><strong>Ciclos</strong> 60 Hz</li> <li><strong>Longitud del producto</strong> 1320 mm</li> <li><strong>Ancho del producto</strong> 420 mm</li> <li><strong>Peso del producto</strong> 990 mm.</li> </ul>,"<p><em>Los productos originales pueden variar ligeramente respecto a las fotos la información en esta ficha está sujeta a cambios sin previo aviso.</em></p> <h2><strong>Pulidoras de Piso </strong></h2> <p><strong>HUSQVARNA PG280 motor electrico 220V Monofasico 280mm</strong></p> <p>Amoladora de piso de un solo disco que puede convertir rápidamente para amolar bordes en ambos lados. Muele eficientemente adhesivos, pintura, epoxi y masilla. Con un ancho de esmerilado de 280 mm, es adecuado para áreas de concreto pequeñas a medianas. Diseñado para facilitar una posición de trabajo ergonómica, es fácil y cómodo de usar. La máquina es ligera y compacta y, por lo tanto, fácil de transportar y configurar. En una actualización reciente, la máquina se actualizó para seguir de manera flexible los pisos irregulares y reducir considerablemente las vibraciones.</p> <p><strong>Fácil de usar</strong></p> <p>La velocidad es fija y no se requieren ajustes, la maquina también cuenta con un panel de control fácil de usar con protección de sobrecargas</p> <p><strong>Limpiezas sencillas</strong></p> <p>Ofrece una limpieza eficiente de adhesivos, pintura, resina y masilla</p> <p><strong>Fácil de transportar y de instalar</strong></p> <p>La maquina es ligera y cabe fácilmente en cualquier coche gracias a su diseño compacto, marco plegable y partes divisibles</p> <p><strong>Rápida transformación en una pulidora para bordes</strong></p> <p>Su tapa de fácil extracción, así como la configuración de la rueda permiten una transformación rápida en una pulidora para bordes para ambos lados. No se requieren herramientas. Permite una posición de trabajo vertical</p>",pulidora-de-piso-husqvarna-pg280-motor-electrico-220v-monofasico-280mm,Venta de Pulidora de piso HUSQVARNA PG280 motor electrico 220V Monofasico 280mm . Envios a todo Colombia. Asesoria especializada.,10879000,10879000,HUSQVARNA,Herramientas eléctricas,
FS4800D,Cortadora de piso HUSQVARNA FS4800D motor diesel YANMAR de 48hp,<h2><strong>Cortadora de Pavimento</strong></h2> <p><strong>• Motor Yanmar</strong> Diesel<br /> <strong>• Potencia</strong> 48 HP<br /> <strong>• Profundidad de corte máx.</strong> 375 mm<br /> <strong>• Tamaño del disco</strong> 350 – 900 mm</p>,"<p><em>Los productos originales pueden variar ligeramente respecto a las fotos la información en esta ficha está sujeta a cambios sin previo aviso.</em></p> <h2><strong>Cortadora de Piso </strong></h2> <p><strong>HUSQVARNA FS4800D motor diesel YANMAR de 48hp para disco de maximo 36""</strong></p> <p>Cortadora de piso diésel autopropulsada de 48 HP y 3 velocidades, lo que permite hacer cortes con discos desde 14"" a 36"", y una profundidad de corte máxima de 381 mm. Es perfecta para trabajos de medianas dimensiones en aeropuertos y autopistas, así como trabajos de mantenimiento y pequeños trabajos que requieran alta productividad.</p> <p>• El tacómetro del eje del disco le ayuda a identificar los correctos rpm del eje del disco para el tamaño de disco seleccionado. Los rpm codificados con colores le ayudan a seleccionar el mecanismo.<br /> • Permite una posición más cómoda y cercana al lado del corte para alinearte de forma más sencilla y hacer cortes más rectos. El manillar también se puede plegar para su transporte.<br /> • El bloqueo del disco hace posible la detención del disco cuando la máquina aún está funcionando, para un transporte seguro.<br /> • Cuando la expansión térmica del suelo cause que el disco se quede atascado en la abertura, puede<br /> • desensamblar el disco con el embrague del disco.<br /> • Su diseño equilibrado con un perfil bajo le proporciona gran visibilidad y lo hace fácil de manejar y transportar.<br /> • Incluye medidor de temperatura, voltímetro, tacómetro y un interruptor para el embrague del disco.<br /> • La función de detención del indicador de profundidad detiene el disco en la profundidad de corte deseada.<br /> • Adaptable a todo tipo de diámetros de disco.<br /> • Velocidad y potencia óptimas para un gran rango de diámetros de disco; ideal cuando el trabajo requiere el uso de múltiples tamaños de disco.<br /> • Para trabajar fácil y cómodamente.</p>",cortadora-de-piso-husqvarna-fs4800d-motor-diesel-yanmar-de-48hp,"Venta de Cortadora de piso HUSQVARNA FS4800D motor diesel YANMAR de 48hp para disco de maximo 36"". Envios a todo Colombia. Asesoria especializada.",158029000,158029000,HUSQVARNA,Motores,
FS3500G,Cortadora de piso HUSQVARNA FS3500G motor gasolina KHOLER de 37hp,<h2><strong>Cortadora de Pavimento</strong></h2> <ul> <li><strong>Fuente de alimentación</strong> Gasolina</li> <li><strong>Diámetro máx de disco</strong> 750mm</li> <li><strong>Máx. profundidad de corte</strong> 312mm</li> </ul> <p> </p>,"<p><em>Los productos originales pueden variar ligeramente respecto a las fotos la información en esta ficha está sujeta a cambios sin previo aviso.</em></p> <h2><strong>Cortadora de Piso </strong></h2> <p><strong>HUSQVARNA FS3500G motor gasolina KHOLER de 37hp para disco de maximo 30""</strong></p> <p>Cortadora de piso autopropulsada ideal para trabajos de reparación pequeños a medianos, equipada con un motor de gasolina Kohler de 37Hp</p> <ul> <li>La correa Poly-V junto con un tensor de correa autoajustable asegura niveles de potencia estables en el eje del disco</li> <li>Capacidad de profundidad de corte hasta 31 cm con un disco diamantado de 750 mm. ( no incluido )</li> <li>Fácil de usar, ideal para cortar bloques pequeños y medianos de concreto y asfalto</li> <li>Cortadora muy fuerte y rentable con excelente distribución del peso y estabilidad.</li> <li>El tacómetro permite al operador controlar la velocidad de la cortadora de concreto y el rendimiento del motor Kohler.</li> <li>Cuando la función de las cortadoras de concreto de protección contra el agua de la aleta está habilitada, si el motor pierde agua, el motor se apagará automáticamente, lo que provocará que el disco de diamante no se sobrecaliente y reduzca la tensión.</li> <li>Indicador de Profundidad</li> <li>Botón de apagado de emergencia</li> </ul>",cortadora-de-piso-husqvarna-fs3500g-motor-gasolina-kholer-de-37hp,"Venta de Cortadora de piso HUSQVARNA FS3500G motor gasolina KHOLER de 37hp para disco de maximo 30"". Envios a todo Colombia. Asesoria especializada.",129339000,129339000,HUSQVARNA,Motores,
LP6500,Rodillo Vibrocompactador Doble HUSQVARNA LP6500 Motor Diesel Kohler 420x650mm,"<h2>Rodillo reversible</h2> <ul> <li><strong>Velocidad de avance </strong>60 m/min</li> <li><strong>Velocidad inversa </strong>38 m/min</li> <li><strong>Capacidad del tanque de combustible si</strong></li> <li><strong>Carga lineal estática </strong>5,4 kg/cm2</li> <li><strong>máx. Masa operativa </strong>696,0 kg</li> <li><strong>Capacidad de pendiente teórica </strong>35 %</li> <li><strong>Fuerza centrífuga </strong>21 kN</li> </ul>","<p><em>Los productos originales pueden variar ligeramente respecto a las fotos, la información en esta ficha está sujeta a cambios sin previo aviso.</em></p> <h2><strong><span data-sheets-value=""{""1"":2,""2"":""Rodillo Vibrocompactador""}"">Rodillo Vibrocompactador</span></strong></h2> <p><strong>HUSQVARNA LP6500 con motor Diesel Kohler; 60hm/hora Fuerza:38Kn tambor 420x650mm, Operador a Pie, arranque Electrico</strong></p> <p>El rodillo dúplex LP 6500 I completamente hidráulico es otra respuesta que da testimonio de nuestra determinación. Es la máquina perfecta para trabajar en capas delgadas de suelo granular y asfalto con fácil maniobrabilidad. La alta fuerza centrífuga y la velocidad del LP le permiten hacer más en menos tiempo</p> <ul> <li><strong>Potencia nominal </strong>6,80 kilovatios</li> <li><strong>Masa neta </strong>658 kg</li> <li><strong>Amplitud Nominal </strong>0,5mm</li> <li><strong>Tipo de combustible </strong>Diesel</li> <li><strong>Velocidad nominal </strong>2600 rpm</li> <li><strong>El consumo de combustible </strong>1,35 litros</li> </ul>",rodillo-vibrocompactador-doble-husqvarna-lp6500-motor-diesel-kohler-420x650mm,"Venta de Rodillo Vibrocompactador Doble HUSQVARNA LP6500 con motor Diesel Kohler; 60hm/hora Fuerza:38Kn, Asesoría especializada. Envíos a todo Colombia.",57649000,57649000,HUSQVARNA,Motores,
CRT 36-26A,"Allanadora de 36"" HUSQVARNA Motor a gasolina HONDA 22hp Operarador abordo","<h2><span data-sheets-value=""{""1"":2,""2"":""Allanadora de concreto""}"" data-sheets-userformat=""{""2"":513,""3"":{""1"":0},""12"":0}"">Allanadora Doble</span></h2> <ul> <li><strong>Volumen del tanque de combustible</strong> 24,2 litros</li> <li><strong>Emisiones de escape (CO2 UE V)</strong> 751 g/kWh</li> <li><strong>Fuente de alimentación</strong> Gasolina</li> <li><strong>Diámetro de alisado</strong> 915mm</li> <li><strong>Cuchillas</strong> 8 piezas</li> <li><strong>Valor de vibración</strong> 1,8 m/s²</li> <li><strong>Nivel de presión sonora en el oído del operador</strong> 91,2 dB(A)</li> <li><strong>Nivel de potencia sonora, medido</strong> 104,7 dB(A)</li> </ul>","<p><em>Los productos originales pueden variar ligeramente respecto a las fotos, la información en esta ficha está sujeta a cambios sin previo aviso</em></p> <h2><strong>Allanadora de concreto 36""</strong></h2> <p><strong>HUSQVARNA CRT 36-26A motor a gasolina HONDA 22hp motor a gasolina con juego de aspas Operarador abordo</strong></p> <p>La allanadora con operador a bordo Husqvarna CRT 36 de 915 cm ofrece resultados de alta calidad, productividad y comodidad para el operador. Una persona puede subir y bajar fácilmente el juego de ruedas integrado desde un gato en la parte trasera de la máquina, lo que permite una fácil maniobrabilidad en el lugar de trabajo. Durante el uso, el juego de ruedas no bloquea la línea de visión del operador. CRT 36 es ideal para el acabado de superficies desde 250 m² hasta 1.000 m². Gracias al embrague CVT, la CRT 36 se puede utilizar a baja velocidad del motor con bandejas para que las primeras pasadas alcancen un alto nivel de planitud del suelo, y también se puede utilizar con cuchillas de acabado a mayor velocidad del motor para pulir el hormigón.</p> <h3><strong>Características</strong></h3> <ul> <li>Maniobrabilidad óptima gracias a su equilibrada relación potencia/peso</li> <li>El exclusivo embrague variable ofrece un par de torsión y un rango de velocidad adecuados para adaptarse a las condiciones concretas sin ajustes mecánicos</li> <li>Motor Honda GX690 refrigerado por aire</li> <li>3600 rpm del motor, consumo de gas de 9 l (2,4 gal) por hora</li> <li>Los controles de palanca doble sensibles y de diseño ergonómico reducen la cantidad de fuerza necesaria para controlar la unidad, pero aún brindan información sobre condiciones concretas</li> </ul> <p><strong>Maniobrabilidad optima</strong></p> <p>Gracias a su equilibrada potencia-peso y sus controles ergonómicos de doble palanca</p> <p><strong>Ideal flotante y alta producción</strong></p> <p>Los controles de palanca doble sensibles y diseñados ergonómicamente reducen la cantidad de fuerza necesaria para controlar la unidad, pero aun brindan información sobre condiciones concretas.</p> <h2><a href=""https://equipmaster.com.co/construccion/los-mejores-distribuidores-de-husqvarna-en-colombia/"">Los Mejores Distribuidores de Husqvarna en Colombia</a></h2>",allanadora-de-36-husqvarna-motor-a-gasolina-honda-22hp,"Venta de Allanadora de 36"" HUSQVARNA CRT 36-26A motor a gasolina HONDA 22hp motor a gasolina, Asesoría especializada. Envíos a todo Colombia.",85439000,85439000,HUSQVARNA,Motores,
CT48-8A,"Allanadora de 48"" HUSQVARNA Motor a gasolina HONDA 8hp","<h2><span data-sheets-value=""{""1"":2,""2"":""Allanadora de concreto""}"" data-sheets-userformat=""{""2"":513,""3"":{""1"":0},""12"":0}"">Allanadora de concreto</span></h2> <ul> <li><strong>Fuerza </strong>1 caballos de fuerza (5.3kw)</li> <li><strong>Cantidad de hoja</strong> 4</li> <li><strong>Velocidad del rotor min/max rpm</strong> 60/125 RPM</li> <li><strong>Cobertura de la hoja de la paleta</strong> 48 pulgadas (1219 mm)</li> <li><strong>Rango de tono</strong> 0-30</li> <li><strong>Volumen del tanque de combustible</strong> 6,4 galones (7,3 litros)</li> <li><strong>RPM </strong>3,600</li> <li><strong>Peso </strong>106 kg</li> </ul>","<p><em>Los productos originales pueden variar ligeramente respecto a las fotos, la información en esta ficha está sujeta a cambios sin previo aviso</em></p> <h2><strong>Allanadora de concreto 48""</strong></h2> <p><strong>HUSQVARNA CT48-8A motor a gasolina HONDA 8hp con juego de aspas</strong></p> <ul> <li>Allanadoras balanceadas dinámicamente patentadas (cuando las cuchillas están girando)</li> <li>Ofrece un funcionamiento casi sin esfuerzo y un control máximo a todas las velocidades con todo tipo de hojas, incluidos los flotadores</li> <li>El freno de transmisión, el interruptor de seguridad electrónico y el sensor de velocidad del motor ofrecen triple protección adicional para el usuario</li> <li>Velocidad variable: baja para flotar, alta para pulir</li> <li>Honda GX 240 motor de gasolina mono cilíndrico de 4 ciclos refrigerado por aire.</li> </ul> <h2><a href=""https://equipmaster.com.co/construccion/los-mejores-distribuidores-de-husqvarna-en-colombia/"">Los Mejores Distribuidores de Husqvarna en Colombia</a></h2>",allanadora-de-48-husqvarna-motor-a-gasolina-honda-8hp,"Venta de Allanadora de 48"" HUSQVARNA CT48-8A motor a gasolina HONDA 8hp con juego de aspas . Envíos a todo Colombia.",16499000,16499000,HUSQVARNA,Motores,
CT36-8A,"Allanadora de 36"" HUSQVARNA Motor a gasolina HONDA 8hp","<h2><span data-sheets-value=""{""1"":2,""2"":""Allanadora de concreto""}"" data-sheets-userformat=""{""2"":513,""3"":{""1"":0},""12"":0}"">Allanadora de concreto</span></h2> <ul> <li><strong>Fuerza </strong>1 caballos de fuerza (5.3kw)</li> <li><strong>Cantidad de hoja </strong>4</li> <li><strong>Velocidad del rotor min/max rpm </strong>60/125 RPM</li> <li><strong>Cobertura de la hoja de la paleta </strong>36 pulgadas (914 mm)</li> <li><strong>Rango de tono </strong>0-30</li> <li><strong>Volumen del tanque de combustible </strong>6,4 cuartos de galón (6,1 litros)</li> <li><strong>RPM </strong>3,600</li> <li><strong>Peso </strong>94 kg</li> </ul>","<p><em>Los productos originales pueden variar ligeramente respecto a las fotos, la información en esta ficha está sujeta a cambios sin previo aviso</em></p> <h2><strong>Allanadora de concreto36""</strong></h2> <p><strong>HUSQVARNA CT36-8A motor a gasolina HONDA 8hp con juego de aspas</strong></p> <p>Disponibles en una variedad de tamaños para cualquier aplicación. El CT 36-8A es perfecto para terminar vertidos de hasta 3000 pies cuadrados.</p> <p><strong>Características</strong></p> <ul> <li style=""list-style-type: none;""> <ul> <li>Allanadoras balanceadas dinámicamente patentadas (cuando las cuchillas están girando)</li> <li>Ofrece un funcionamiento casi sin esfuerzo y un control máximo a todas las velocidades con todo tipo de hojas, incluidos los flotadores</li> <li>Velocidad variable: baja para flotar, alta para pulir.</li> </ul> </li> </ul> <h2><a href=""https://equipmaster.com.co/construccion/los-mejores-distribuidores-de-husqvarna-en-colombia/"">Los Mejores Distribuidores de Husqvarna en Colombia</a></h2>",allanadora-de-36-husqvarna-motor-a-gasolina-honda-8hp,"Venta de Allanadora de 36"" HUSQVARNA CT36-8A motor a gasolina HONDA 8hp con juego de aspas, Asesoría especializada. Envíos a todo Colombia.",15889000,15889000,HUSQVARNA,Motores,
CT36-5A,"Allanadora de 36"" HUSQVARNA Motor a gasolina HONDA 4.8hp","<h2><span data-sheets-value=""{""1"":2,""2"":""Allanadora de concreto""}"" data-sheets-userformat=""{""2"":513,""3"":{""1"":0},""12"":0}"">Helicóptero para pulir concreto</span></h2> <ul> <li><strong>Fuerza</strong> 4,8 caballos de fuerza (3,6 kW)</li> <li><strong>Cantidad de hojas</strong> 4</li> <li><strong>Velocidad del rotor RPM mín./máx</strong>. 60/125 RPM</li> <li><strong>Cobertura de la hoja de la paleta</strong> 36 pulgadas (914 mm)</li> <li><strong>Rango de tono</strong> 0-30</li> <li><strong>Volumen del tanque de combustible</strong> 3,8 cuartos de galón (3,6 litros)</li> <li><strong>RPM</strong> 3,600</li> <li><strong>Peso</strong> 83 kg</li> </ul>","<p><em>Los productos originales pueden variar ligeramente respecto a las fotos, la información en esta ficha está sujeta a cambios sin previo aviso</em></p> <h2><strong>Allanadora de concreto 36""</strong></h2> <p><strong>HUSQVARNA CT36-5A motor a gasolina HONDA 4.8hp con juego de aspas</strong></p> <ul> <li>Allanadoras balanceadas dinámicamente patentadas (cuando las cuchillas están girando)</li> <li>Ofrece un funcionamiento casi sin esfuerzo y un control máximo a todas las velocidades con todo tipo de hojas, incluidos los flotadores</li> <li>Velocidad variable: baja para flotar, alta para pulir</li> <li>Honda GX 160 motor de gasolina mono cilíndrico de 4 ciclos refrigerado por aire</li> </ul> <h2><a href=""https://equipmaster.com.co/construccion/los-mejores-distribuidores-de-husqvarna-en-colombia/"">Los Mejores Distribuidores de Husqvarna en Colombia</a></h2>",allanadora-de-36-husqvarna-motor-a-gasolina-honda-4-8hp,"Venta de Allanadora de 36"" HUSQVARNA CT36-5A motor a gasolina HONDA 4.8hp con juego de aspas, Asesoría especializada. Envíos a todo Colombia.",14549000,14549000,HUSQVARNA,Motores,
BG244,"Allanadora de 24"" HUSQVARNA Motor a gasolina HONDA 3,2hp","<h2><span data-sheets-value=""{""1"":2,""2"":""Allanadora de concreto""}"" data-sheets-userformat=""{""2"":513,""3"":{""1"":0},""12"":0}"">Helicóptero para pulir concreto</span></h2> <ul> <li><strong>Potencia de salida:</strong>6 kW</li> <li><strong>Volumen del tanque de combustible:</strong>5 l</li> <li><b>Diámetro máx. de disco:</b>600 mm</li> <li><strong>Peso:</strong> 60Kg</li> </ul>","<p><em>Los productos originales pueden variar ligeramente respecto a las fotos, la información en esta ficha está sujeta a cambios sin previo aviso</em></p> <h2><strong>Allanadora de concreto 24""</strong></h2> <p><strong>HUSQVARNA BG244 motor a gasolina HONDA 3,2hp con juego de aspas</strong></p> <p>Una paleta de empuje manual con motor de gasolina diseñada para lograr una superficie lisa y duradera de hormigón, y especialmente desarrollada para espacios de difícil alcance y esquinas. Incluye embrague QUICKSTOP para mayor seguridad. La BG 244 se equipa con un mango plegable de altura regulable y con vibraciones reducidas, y un soporte para mantenimiento para aumentar el tiempo de actividad.</p> <h2><a href=""https://equipmaster.com.co/construccion/los-mejores-distribuidores-de-husqvarna-en-colombia/"">Los Mejores Distribuidores de Husqvarna en Colombia</a></h2>",allanadora-de-24-husqvarna-motor-a-gasolina-honda-32hp,"Venta de Allanadora de 24"" HUSQVARNA BG244 motor a gasolina HONDA 3,2hp con juego de aspas, Asesoría especializada. Envíos a todo Colombia.",10939000,10939000,HUSQVARNA,Motores,
BG479,"Allanadora de 48"" HUSQVARNA Motor a gasolina HONDA 6.5hp","<h2><span data-sheets-value=""{""1"":2,""2"":""Allanadora de concreto""}"" data-sheets-userformat=""{""2"":513,""3"":{""1"":0},""12"":0}"">Helicóptero para pulir concreto</span></h2> <ul> <li><strong>Diámetro de trabajo:</strong> 48″ (1200 mm)</li> <li><strong>Cantidad de aspas:</strong> 4 aspas</li> <li><strong>Capacidad del tanque:</strong>3 litros</li> <li><strong>Nivel de ruido:</strong> 104 dB</li> <li><strong>Combustible:</strong> Gasolina</li> <li><strong>RPM del motor:</strong> 3600 RPM</li> <li><strong>Peso:</strong> 105 Kg</li> </ul>","<p><em>Los productos originales pueden variar ligeramente respecto a las fotos, la información en esta ficha está sujeta a cambios sin previo aviso</em></p> <h2><strong>Allanadora de concreto 48""</strong></h2> <p><strong>HUSQVARNA BG479 motor a gasolina HONDA 6.5hp con juego de aspas</strong></p> <p>Diseñado para hacer frente a grandes desafíos. Esta alisadora de concreto dinámica y de alta capacidad está propulsada por un motor Honda confiable y está equipada con un embrague QUICKSTOP para mayor seguridad. La BG 479 viene equipada con un mango plegable, antivibratorio y ajustable en altura y un soporte de mantenimiento para aumentar el tiempo de actividad.</p> <ul> <li>Incline con facilidad: el soporte de mantenimiento facilita el servicio, el cambio de hoja y la limpieza</li> <li>Control suave: el mango ajustable en altura y reducido en vibraciones está equipado con controles ensamblados ergonómicamente y un acoplamiento suave del embrague.</li> <li>Fácil transporte: una sola argolla de elevación facilita el transporte, mientras que las ruedas opcionales le permiten moverse rápidamente entre tareas.</li> <li>Durabilidad en cada detalle: Cada uno de los componentes ha sido elegido por su durabilidad y eficiencia.</li> </ul> <p>Está diseñada para hacer frente a grandes proyectos. esta paleta de hormigón dinámica y de alta capacidad se impulsa con motor Honda fiable e incluye un embrague QUICKSTOP para mayor seguridad.</p> <p>La Alisadora también se equipa con un mango plegable, también es compatible con platos de 48″</p> <p><strong>Conmutación rápida:</strong> La palanca de seguridad es fácilmente accesible en cualquier posición. Después de que se libera, la función Quick Stop detiene las aspas inmediatamente.</p> <p><strong>Ahorro de tiempo:</strong> El asa de transporte facilita el movimiento y el mantenimiento del equipo.</p> <p><strong>Protección:</strong> El anillo protector giratorio tiene un borde de goma, gracias al cual la maquina puede usarse en espacios limitados sin dañar las paredes y otros obstáculos.</p> <p><strong>Sin escape:</strong> Los modelos BG Combi tienen motores eléctricos, gracias a los cuales son perfectos cuando se trabaja en interiores.</p> <p><strong>Mayor durabilidad:</strong> La transmisión de alta calidad tiene una construcción sólida y todos los componentes más importantes están bien protegidos.</p> <h2><a href=""https://equipmaster.com.co/construccion/los-mejores-distribuidores-de-husqvarna-en-colombia/"">Los Mejores Distribuidores de Husqvarna en Colombia</a></h2> <p> </p>",allanadora-de-48-husqvarna-motor-a-gasolina-honda-6-5hp,"Venta de Allanadora de 48"" HUSQVARNA BG479 motor a gasolina HONDA 6.5hp con juego de aspas, Asesoría especializada. Envíos a todo Colombia.",8079000,8079000,HUSQVARNA,Motores,
BG375,"Allanadora de 36"" HUSQVARNA Motor a gasolina HONDA 5.5hp","<h2><span data-sheets-value=""{""1"":2,""2"":""Allanadora de concreto""}"" data-sheets-userformat=""{""2"":513,""3"":{""1"":0},""12"":0}"">Helicóptero para pulir concreto</span></h2> <ul> <li><strong>Masa operacional:</strong> 87 kg</li> <li><strong>Clutch </strong>: QUICKSTOP</li> <li><strong>Potencia:</strong> 5,5 Hp</li> <li><strong>Potencia RPM:</strong> 3600</li> <li><strong>Velocidad de aspas:</strong> Variable 40 a 115 rpm</li> <li><strong>Vol del tanque</strong>: 3,1 Lt</li> <li><strong>Manejo aspas:</strong> Tornillo</li> </ul>","<p><em>Los productos originales pueden variar ligeramente respecto a las fotos, la información en esta ficha está sujeta a cambios sin previo aviso</em></p> <h2><strong>Allanadora de 36""</strong></h2> <p><strong>HUSQVARNA BG375 motor a gasolina HONDA 5.5hp con juego de aspas</strong></p> <p>De empuje manual de alta capacidad diseñada para trabajos difíciles con hormigón y con la potencia de un motor Honda fiable. Incluye embrague QUICKSTOP para mayor seguridad. La BG 375 se equipa con un mango plegable de altura regulable con el que se reducen las vibraciones, y un soporte para mantenimiento para aumentar el tiempo de actividad.</p> <ul> <li>Equipo para allanado de concreto, quema la superficie y la flota dejando un acabado perfecto en la losa de concreto</li> <li>Estructura con protección que ofrece alto grado de seguridad.</li> </ul> <h2><a href=""https://equipmaster.com.co/construccion/los-mejores-distribuidores-de-husqvarna-en-colombia/"">Los Mejores Distribuidores de Husqvarna en Colombia</a></h2>",allanadora-de-36-husqvarna-motor-a-gasolina-honda-5-5hp,"Venta de Allanadora de 36"" HUSQVARNA BG375 motor a gasolina HONDA 5.5hp con juego de aspas, Asesoría especializada. Envíos a todo Colombia.",6569000,6569000,HUSQVARNA,Motores,
587768401,Carro de corte con ruedas HUSQVARNA con tanque de agua,"<h2>Carro de corte Husqvarna</h2> <ul> <li class=""hui-product-details__benefit"">Instalación rápida y fácil</li> <li class=""hui-product-details__benefit"">control de pista</li> <li class=""hui-product-details__benefit"">Fácil ajuste de la profundidad de corte</li> <li class=""hui-product-details__benefit"">Fácil transporte</li> </ul> <p><strong>*NO INCLUYE CORTADORA*</strong></p>","<p><em>Los productos originales pueden variar ligeramente respecto a las fotos, la información en esta ficha está sujeta a cambios sin previo aviso</em></p> <h2>Carro de ruedas</h2> <p><strong>HUSQVARNA con tanque de agua para K770 Y K790</strong></p> <p>Los carros de corte Husqvarna han sido especialmente diseñados para las cortadoras de mano Husqvarna a gasolina. Los enchufes rápidos permiten instalar la cortadora en el carro con facilidad y ajustar cómodamente la profundidad de corte. Con un carro de corte es fácil cortar líneas rectas o curvas y cerca de muros y bordillos. De diseño compacto, son fáciles de plegar y transportar.</p> <ul> <li>Instalación rápida y fácil</li> <li>control de pista</li> <li>Fácil ajuste de la profundidad de corte</li> <li>Fácil transporte</li> <li>El ahorro de agua</li> <li>Ahorrar tiempo</li> <li>Limitador de profundidad</li> <li>Ajuste lateral</li> <li>Montaje rápido</li> <li>Asfalto</li> <li>Soterramiento de cables</li> </ul> <p><strong>Fácil transporte</strong></p> <p>El carro de corte es fácil de plegar para facilitar el transporte almacenamiento</p> <p><strong>Ahorro de agua</strong></p> <p>El deposito de agua junto con el kit de corte húmedo ahorrador de agua garantiza un funcionamiento prolongado</p> <p><strong>Ahorrar tiempo</strong></p> <p>No es necesario cambiar las boquillas de ahorro de agua cuando se cambia de corte con carro a corte manual</p> <p><strong>Limitador de profundidad</strong></p> <p>El control eficiente de un corte profundo facilita el ajuste y la vuelta al ajuste previo</p> <p><strong>Ajuste lateral</strong></p> <p>El ajuste lateral permite el corte en líneas rectas o curvas</p> <p><strong>Montaje rápido</strong></p> <p>Los herrajes sencillos hacen fácil instalar la cortadora en el carrito</p>",carro-de-corte-con-ruedas-husqvarna-con-tanque-de-agua,Venta de Carro de corte con ruedas HUSQVARNA con tanque de agua para K770 Y K790. Envíos a toda Colombia. Asesoría personal especializada.,5259000,5259000,HUSQVARNA,Construcción,
K4000CNB,Cortadora de Mano para pared HUSQVARNA K4000CNB hidraulica Cut-n-Break,"<h2><strong>Cortadora de Pavimento</strong></h2> <ul> <li><strong>Potencia de entrada nominal</strong> 2.4 hp</li> <li><strong>Voltaje</strong> 100-120 V</li> <li><strong>Frecuencia</strong> 50-60 Hz</li> <li><strong>Profundidad de corte, máx.</strong> 16 In</li> <li><strong>Diámetro de la hoja, máx</strong>. 9 In</li> <li><strong>Grosor de la hoja, máx.</strong> 0,1 pulgadas</li> <li><strong>Velocidad periférica, máx. 11810</strong> pies por minuto</li> </ul>","<p><em>Los productos originales pueden variar ligeramente respecto a las fotos, la información en esta ficha está sujeta a cambios sin previo aviso</em></p> <h2><strong>Cortadora de Mano para pared</strong></h2> <p><strong>HUSQVARNA K4000CNB hidraulica Cut-n-Break incluye 2 discos de 14"" motor 2 tiempos</strong></p> <p><strong>Nuestro método Cut-n-Break es la elección natural cuando necesita realizar </strong>cortes profundos, pero desea una máquina con bajos costos de herramientas y mantenimiento. La K 4000 Cut-n-Break le permite cortar hasta 400 mm de profundidad desde un lado. Adecuado para cortes al ras cerca de paredes y pisos, así como para trabajos más pequeños como aberturas de ventanas en las que desea evitar cortes excesivos en las esquinas.</p> <ul> <li>Con el exclusivo método de cortar y romper, puede trabajar paso a paso a través del material a un bajo costo de herramienta</li> <li>El cuerpo largo y las cuchillas de corte doble le permiten hacer cortes de hasta 16"" de profundidad</li> <li>El protector de la hoja ajustable permite realizar cortes al ras de paredes y pisos.</li> <li>Mango trasero de diseño ergonómico</li> <li>La entrada del cable de alimentación ubicada debajo del mango permite un uso fácil y un manejo cómodo con una operación sin problemas.</li> </ul>",cortadora-de-mano-para-pared-husqvarna-k4000cnb-hidraulica-cut-n-break,Venta de Cortadora de Mano para pared HUSQVARNA K4000CNB hidraulica Cut-n-Break . Envíos a toda Colombia. Asesoría personal especializada.,12959000,12959000,HUSQVARNA,Construcción,
K4000CNBE,Cortadora de Mano para pared HUSQVARNA K4000CNBE electrica Cut-n-Break,"<h2><strong>Cortadora de Pavimento</strong></h2> <ul> <li><strong>Potencia de entrada nominal</strong> 2.4 hp</li> <li><strong>Voltaje</strong> 100-120 V</li> <li><strong>Frecuencia</strong> 50-60 Hz</li> <li><strong>Profundidad de corte, máx.</strong> 16 In</li> <li><strong>Diámetro de la hoja, máx</strong>. 9 In</li> <li><strong>Grosor de la hoja, máx.</strong> 0,1 pulgadas</li> <li><strong>Velocidad periférica, máx. 11810</strong> pies por minuto</li> </ul>","<p><em>Los productos originales pueden variar ligeramente respecto a las fotos, la información en esta ficha está sujeta a cambios sin previo aviso</em></p> <h2><strong>Cortadora de Mano para pared</strong></h2> <p><strong>HUSQVARNA K4000CNBE electrica Cut-n-Break incluye 2 discos de 14"" motor 2 tiempos</strong></p> <p><strong>Nuestro método Cut-n-Break es la elección natural cuando necesita realizar </strong>cortes profundos, pero desea una máquina con bajos costos de herramientas y mantenimiento. La K 4000 Cut-n-Break le permite cortar hasta 400 mm de profundidad desde un lado. Adecuado para cortes al ras cerca de paredes y pisos, así como para trabajos más pequeños como aberturas de ventanas en las que desea evitar cortes excesivos en las esquinas.</p> <ul> <li>Con el exclusivo método de cortar y romper, puede trabajar paso a paso a través del material a un bajo costo de herramienta</li> <li>El cuerpo largo y las cuchillas de corte doble le permiten hacer cortes de hasta 16"" de profundidad</li> <li>El protector de la hoja ajustable permite realizar cortes al ras de paredes y pisos.</li> <li>Mango trasero de diseño ergonómico</li> <li>La entrada del cable de alimentación ubicada debajo del mango permite un uso fácil y un manejo cómodo con una operación sin problemas.</li> </ul>",cortadora-de-mano-para-pared-husqvarna-k4000cnbe-electrica-cut-n-break,Venta de Cortadora de Mano para pared HUSQVARNA K4000CNBE electrica Cut-n-Break motor 2 tiempos . Envíos a toda Colombia. Asesoría personal especializada.,12959000,12959000,HUSQVARNA,Construcción,
K4000,Cortadora de Mano Piso y pared  HUSQVARNA K4000 electrica 110v,"<h2><strong>Cortadora de Pavimento</strong></h2> <ul> <li><strong>Potencia nominal de entrada:</strong> 2,4 hp</li> <li><strong>Voltaje:</strong> 100V – 120V</li> <li><strong>Frecuencia:</strong> 50-60 Hz</li> <li><strong>Profundidad de corte, máx.:</strong> 5 pulg.</li> <li><strong>Diámetro de la hoja, máx.</strong>: 14 pulg.</li> <li><strong>Diámetro del eje</strong>: 1 pulg.</li> <li><strong> Grosor de la hoja, máx.</strong>: 0,22 pulg.</li> <li> <strong>Velocidad periférica, máx.:</strong> 19690 fpm</li> </ul>","<p><em>Los productos originales pueden variar ligeramente respecto a las fotos, la información en esta ficha está sujeta a cambios sin previo aviso</em></p> <h2><strong>Cortadora de Mano</strong></h2> <p><strong>HUSQVARNA K4000 electrica 110v para Disco hasta 9"" motor 2  tiempos</strong></p> <p>La sierra de corte eléctrica en húmedo Husqvarna K4000 potente y versátil. Perfecto para trabajos de corte en interiores con un mínimo de polvo y lodo. A diferencia de otras cortadoras eléctricas, la hoja gira hacia adelante, cortando el material de manera eficiente y con un mínimo esfuerzo por parte del usuario.  Minimiza la cantidad de agua y lodo. Con la unidad Vac opcional, puede transformarla fácilmente en una cortadora en seco que genera un mínimo de polvo. A diferencia de otras cortadoras eléctricas, la cuchilla gira hacia adelante cortando el material de manera eficiente con el mínimo esfuerzo por parte del usuario.</p> <p><strong>Válvula de agua de flujo constante</strong></p> <p>El regulador integrado controla el volumen de agua, asegurando un flujo constante a la pala. También asegura que la cantidad de agua sea suficiente para unir el polvo sin crear un exceso de agua.</p> <p><strong>Mango trasero de diseño ergonómico</strong></p> <p>La entrada del cable de alimentación ubicada debajo del mango permite un uso fácil y un manejo cómodo con una operación sin problemas.</p> <p><strong>Productividad incrementada</strong></p> <p>Las nuevas escobillas de carbón emergentes protegen el colector de cambios de rotor imprevistos, lo que aumenta la confiabilidad y permite intervalos de servicio más prolongados.</p> <p><strong>Fácil mantenimiento</strong></p> <p>La tapa de inspección de una pieza y los tornillos Torx facilitan el montaje y el mantenimiento.</p>",cortadora-de-mano-piso-y-pared-husqvarna-k4000-electrica-110v,"Venta de Cortadora de Mano Piso y pared HUSQVARNA K4000 electrica 110v para Disco hasta 9"" . Envíos a toda Colombia. Asesoría personal especializada.",6189000,6189000,HUSQVARNA,Construcción,
